CREATE TABLE IF NOT EXISTS "__EFMigrationsHistory" (
    "MigrationId" character varying(150) NOT NULL,
    "ProductVersion" character varying(32) NOT NULL,
    CONSTRAINT "PK___EFMigrationsHistory" PRIMARY KEY ("MigrationId")
);

START TRANSACTION;

DO $EF$
BEGIN
    IF NOT EXISTS(SELECT 1 FROM pg_namespace WHERE nspname = 'alchimalia_schema') THEN
        CREATE SCHEMA alchimalia_schema;
    END IF;
END $EF$;

DO $EF$
BEGIN
    IF NOT EXISTS(SELECT 1 FROM pg_namespace WHERE nspname = 'alchimalia_schema') THEN
        CREATE SCHEMA alchimalia_schema;
    END IF;
END $EF$;

CREATE EXTENSION IF NOT EXISTS "uuid-ossp";

CREATE TABLE alchimalia_schema."AlchimaliaUsers" (
    "Id" uuid NOT NULL,
    "Auth0Id" character varying(256) NOT NULL,
    "Email" character varying(256) NOT NULL,
    "Name" character varying(100) NOT NULL,
    "FirstName" character varying(100) NOT NULL,
    "LastName" character varying(100) NOT NULL,
    "Role" integer NOT NULL,
    "Roles" integer[] NOT NULL,
    "Picture" character varying(512),
    "CreatedAt" timestamp with time zone NOT NULL,
    "LastLoginAt" timestamp with time zone NOT NULL,
    "UpdatedAt" timestamp with time zone NOT NULL,
    "HasVisitedImaginationLaboratory" boolean NOT NULL,
    CONSTRAINT "PK_AlchimaliaUsers" PRIMARY KEY ("Id")
);

CREATE TABLE alchimalia_schema."BestiaryItems" (
    "Id" uuid NOT NULL,
    "ArmsKey" character varying(32) NOT NULL,
    "BodyKey" character varying(32) NOT NULL,
    "HeadKey" character varying(32) NOT NULL,
    "Name" character varying(128) NOT NULL,
    "Story" character varying(10000) NOT NULL,
    "CreatedAt" timestamp with time zone NOT NULL,
    CONSTRAINT "PK_BestiaryItems" PRIMARY KEY ("Id")
);

CREATE TABLE alchimalia_schema."BodyParts" (
    "Key" character varying(32) NOT NULL,
    "Name" character varying(64) NOT NULL,
    "Image" character varying(256) NOT NULL,
    "IsBaseLocked" boolean NOT NULL,
    CONSTRAINT "PK_BodyParts" PRIMARY KEY ("Key")
);

CREATE TABLE alchimalia_schema."BuilderConfigs" (
    "Id" integer GENERATED BY DEFAULT AS IDENTITY,
    "BaseUnlockedAnimalIds" text NOT NULL,
    "BaseUnlockedBodyPartKeys" text NOT NULL,
    CONSTRAINT "PK_BuilderConfigs" PRIMARY KEY ("Id")
);

CREATE TABLE alchimalia_schema."ClassicAuthors" (
    "Id" uuid NOT NULL,
    "AuthorId" character varying(100) NOT NULL,
    "Name" character varying(200) NOT NULL,
    "LanguageCode" character varying(10) NOT NULL,
    "SortOrder" integer NOT NULL,
    "IsActive" boolean NOT NULL,
    "CreatedAt" timestamp with time zone NOT NULL,
    "UpdatedAt" timestamp with time zone NOT NULL,
    CONSTRAINT "PK_ClassicAuthors" PRIMARY KEY ("Id")
);

CREATE TABLE alchimalia_schema."HeroClickMessages" (
    "Id" uuid NOT NULL,
    "HeroId" character varying(100) NOT NULL,
    "MessageKey" character varying(200) NOT NULL,
    "AudioUrl" text,
    "IsActive" boolean NOT NULL,
    "CreatedAt" timestamp with time zone NOT NULL,
    "UpdatedAt" timestamp with time zone NOT NULL,
    CONSTRAINT "PK_HeroClickMessages" PRIMARY KEY ("Id")
);

CREATE TABLE alchimalia_schema."HeroDefinitions" (
    "Id" character varying(100) NOT NULL,
    "Type" character varying(50) NOT NULL,
    "CourageCost" integer NOT NULL,
    "CuriosityCost" integer NOT NULL,
    "ThinkingCost" integer NOT NULL,
    "CreativityCost" integer NOT NULL,
    "SafetyCost" integer NOT NULL,
    "PrerequisitesJson" character varying(2000) NOT NULL,
    "RewardsJson" character varying(2000) NOT NULL,
    "IsUnlocked" boolean NOT NULL,
    "PositionX" numeric(10,6) NOT NULL,
    "PositionY" numeric(10,6) NOT NULL,
    "Image" text NOT NULL,
    "CreatedAt" timestamp with time zone NOT NULL,
    "UpdatedAt" timestamp with time zone NOT NULL,
    CONSTRAINT "PK_HeroDefinitions" PRIMARY KEY ("Id")
);

CREATE TABLE alchimalia_schema."HeroMessages" (
    "Id" uuid NOT NULL,
    "HeroId" character varying(100) NOT NULL,
    "RegionId" character varying(50) NOT NULL,
    "MessageKey" character varying(200) NOT NULL,
    "AudioUrl" text,
    "IsActive" boolean NOT NULL,
    "CreatedAt" timestamp with time zone NOT NULL,
    "UpdatedAt" timestamp with time zone NOT NULL,
    CONSTRAINT "PK_HeroMessages" PRIMARY KEY ("Id")
);

CREATE TABLE alchimalia_schema."Regions" (
    "Id" uuid NOT NULL,
    "Name" character varying(64) NOT NULL,
    CONSTRAINT "PK_Regions" PRIMARY KEY ("Id")
);

CREATE TABLE alchimalia_schema."StoryAgeGroups" (
    "Id" uuid NOT NULL,
    "AgeGroupId" character varying(100) NOT NULL,
    "MinAge" integer NOT NULL,
    "MaxAge" integer NOT NULL,
    "SortOrder" integer NOT NULL,
    "IsActive" boolean NOT NULL,
    "CreatedAt" timestamp with time zone NOT NULL,
    "UpdatedAt" timestamp with time zone NOT NULL,
    CONSTRAINT "PK_StoryAgeGroups" PRIMARY KEY ("Id")
);

CREATE TABLE alchimalia_schema."StoryHeroes" (
    "Id" uuid NOT NULL,
    "HeroId" character varying(100) NOT NULL,
    "ImageUrl" character varying(500) NOT NULL,
    "UnlockConditionJson" character varying(2000) NOT NULL,
    "IsActive" boolean NOT NULL,
    "CreatedAt" timestamp with time zone NOT NULL,
    "UpdatedAt" timestamp with time zone NOT NULL,
    CONSTRAINT "PK_StoryHeroes" PRIMARY KEY ("Id")
);

CREATE TABLE alchimalia_schema."StoryTopics" (
    "Id" uuid NOT NULL,
    "TopicId" character varying(100) NOT NULL,
    "DimensionId" character varying(50) NOT NULL,
    "SortOrder" integer NOT NULL,
    "IsActive" boolean NOT NULL,
    "CreatedAt" timestamp with time zone NOT NULL,
    "UpdatedAt" timestamp with time zone NOT NULL,
    CONSTRAINT "PK_StoryTopics" PRIMARY KEY ("Id")
);

CREATE TABLE alchimalia_schema."TreeConfigurations" (
    "Id" text NOT NULL,
    "Name" text NOT NULL,
    "IsDefault" boolean NOT NULL,
    CONSTRAINT "PK_TreeConfigurations" PRIMARY KEY ("Id")
);

CREATE TABLE alchimalia_schema."CreditTransactions" (
    "Id" uuid NOT NULL,
    "UserId" uuid NOT NULL,
    "Amount" double precision NOT NULL,
    "Type" integer NOT NULL,
    "Reference" text,
    "CreatedAt" timestamp with time zone NOT NULL,
    CONSTRAINT "PK_CreditTransactions" PRIMARY KEY ("Id"),
    CONSTRAINT "FK_CreditTransactions_AlchimaliaUsers_UserId" FOREIGN KEY ("UserId") REFERENCES alchimalia_schema."AlchimaliaUsers" ("Id") ON DELETE CASCADE
);

CREATE TABLE alchimalia_schema."CreditWallets" (
    "UserId" uuid NOT NULL,
    "Balance" double precision NOT NULL,
    "DiscoveryBalance" double precision NOT NULL,
    "UpdatedAt" timestamp with time zone NOT NULL,
    CONSTRAINT "PK_CreditWallets" PRIMARY KEY ("UserId"),
    CONSTRAINT "FK_CreditWallets_AlchimaliaUsers_UserId" FOREIGN KEY ("UserId") REFERENCES alchimalia_schema."AlchimaliaUsers" ("Id") ON DELETE CASCADE
);

CREATE TABLE alchimalia_schema."HeroProgress" (
    "Id" uuid NOT NULL,
    "UserId" uuid NOT NULL,
    "HeroId" text NOT NULL,
    "HeroType" text NOT NULL,
    "SourceStoryId" text NOT NULL,
    "UnlockedAt" timestamp with time zone NOT NULL,
    CONSTRAINT "PK_HeroProgress" PRIMARY KEY ("Id"),
    CONSTRAINT "FK_HeroProgress_AlchimaliaUsers_UserId" FOREIGN KEY ("UserId") REFERENCES alchimalia_schema."AlchimaliaUsers" ("Id") ON DELETE CASCADE
);

CREATE TABLE alchimalia_schema."HeroTreeProgress" (
    "Id" uuid NOT NULL,
    "UserId" uuid NOT NULL,
    "NodeId" text NOT NULL,
    "TokensCostCourage" integer NOT NULL,
    "TokensCostCuriosity" integer NOT NULL,
    "TokensCostThinking" integer NOT NULL,
    "TokensCostCreativity" integer NOT NULL,
    "TokensCostSafety" integer NOT NULL,
    "UnlockedAt" timestamp with time zone NOT NULL,
    CONSTRAINT "PK_HeroTreeProgress" PRIMARY KEY ("Id"),
    CONSTRAINT "FK_HeroTreeProgress_AlchimaliaUsers_UserId" FOREIGN KEY ("UserId") REFERENCES alchimalia_schema."AlchimaliaUsers" ("Id") ON DELETE CASCADE
);

CREATE TABLE alchimalia_schema."Jobs" (
    "Id" uuid NOT NULL,
    "UserId" uuid NOT NULL,
    "Type" integer NOT NULL,
    "PayloadJson" text NOT NULL,
    "Status" integer NOT NULL,
    "ResultUrl" text,
    "Error" text,
    "CreatedAt" timestamp with time zone NOT NULL,
    "UpdatedAt" timestamp with time zone NOT NULL,
    CONSTRAINT "PK_Jobs" PRIMARY KEY ("Id"),
    CONSTRAINT "FK_Jobs_AlchimaliaUsers_UserId" FOREIGN KEY ("UserId") REFERENCES alchimalia_schema."AlchimaliaUsers" ("Id") ON DELETE CASCADE
);

CREATE TABLE alchimalia_schema."StoryFeedbackPreferences" (
    "Id" uuid NOT NULL,
    "UserId" uuid NOT NULL,
    "StoryId" character varying(200) NOT NULL,
    "PreferenceType" integer NOT NULL,
    "CreatedAt" timestamp with time zone NOT NULL,
    "UpdatedAt" timestamp with time zone,
    CONSTRAINT "PK_StoryFeedbackPreferences" PRIMARY KEY ("Id"),
    CONSTRAINT "FK_StoryFeedbackPreferences_AlchimaliaUsers_UserId" FOREIGN KEY ("UserId") REFERENCES alchimalia_schema."AlchimaliaUsers" ("Id") ON DELETE CASCADE
);

CREATE TABLE alchimalia_schema."StoryFeedbacks" (
    "Id" uuid NOT NULL,
    "UserId" uuid NOT NULL,
    "StoryId" character varying(200) NOT NULL,
    "Email" character varying(256) NOT NULL,
    "FeedbackText" character varying(5000) NOT NULL,
    "WhatLiked" jsonb NOT NULL,
    "WhatDisliked" jsonb NOT NULL,
    "WhatCouldBeBetter" jsonb NOT NULL,
    "CreatedAt" timestamp with time zone NOT NULL,
    CONSTRAINT "PK_StoryFeedbacks" PRIMARY KEY ("Id"),
    CONSTRAINT "FK_StoryFeedbacks_AlchimaliaUsers_UserId" FOREIGN KEY ("UserId") REFERENCES alchimalia_schema."AlchimaliaUsers" ("Id") ON DELETE CASCADE
);

CREATE TABLE alchimalia_schema."StoryReaders" (
    "Id" uuid NOT NULL,
    "UserId" uuid NOT NULL,
    "StoryId" character varying(100) NOT NULL,
    "AcquiredAt" timestamp with time zone NOT NULL,
    "AcquisitionSource" integer NOT NULL,
    CONSTRAINT "PK_StoryReaders" PRIMARY KEY ("Id"),
    CONSTRAINT "FK_StoryReaders_AlchimaliaUsers_UserId" FOREIGN KEY ("UserId") REFERENCES alchimalia_schema."AlchimaliaUsers" ("Id") ON DELETE CASCADE
);

CREATE TABLE alchimalia_schema."Trees" (
    "Id" uuid NOT NULL,
    "UserId" uuid NOT NULL,
    "RootType" text NOT NULL,
    "Location" text,
    "CurrentTier" integer NOT NULL,
    "CreatedAt" timestamp with time zone NOT NULL,
    CONSTRAINT "PK_Trees" PRIMARY KEY ("Id"),
    CONSTRAINT "FK_Trees_AlchimaliaUsers_UserId" FOREIGN KEY ("UserId") REFERENCES alchimalia_schema."AlchimaliaUsers" ("Id") ON DELETE CASCADE
);

CREATE TABLE alchimalia_schema."UserStoryReadProgress" (
    "Id" uuid NOT NULL,
    "UserId" uuid NOT NULL,
    "StoryId" text NOT NULL,
    "TileId" text NOT NULL,
    "ReadAt" timestamp with time zone NOT NULL,
    CONSTRAINT "PK_UserStoryReadProgress" PRIMARY KEY ("Id"),
    CONSTRAINT "FK_UserStoryReadProgress_AlchimaliaUsers_UserId" FOREIGN KEY ("UserId") REFERENCES alchimalia_schema."AlchimaliaUsers" ("Id") ON DELETE CASCADE
);

CREATE TABLE alchimalia_schema."UserTokenBalances" (
    "Id" uuid NOT NULL,
    "UserId" uuid NOT NULL,
    "Type" character varying(64) NOT NULL,
    "Value" character varying(128) NOT NULL,
    "Quantity" integer NOT NULL,
    "CreatedAt" timestamp with time zone NOT NULL,
    "UpdatedAt" timestamp with time zone NOT NULL,
    CONSTRAINT "PK_UserTokenBalances" PRIMARY KEY ("Id"),
    CONSTRAINT "FK_UserTokenBalances_AlchimaliaUsers_UserId" FOREIGN KEY ("UserId") REFERENCES alchimalia_schema."AlchimaliaUsers" ("Id") ON DELETE CASCADE
);

CREATE TABLE alchimalia_schema."UserBestiary" (
    "Id" uuid NOT NULL,
    "UserId" uuid NOT NULL,
    "BestiaryItemId" uuid NOT NULL,
    "BestiaryType" character varying(32) NOT NULL,
    "DiscoveredAt" timestamp with time zone NOT NULL,
    CONSTRAINT "PK_UserBestiary" PRIMARY KEY ("Id"),
    CONSTRAINT "FK_UserBestiary_AlchimaliaUsers_UserId" FOREIGN KEY ("UserId") REFERENCES alchimalia_schema."AlchimaliaUsers" ("Id") ON DELETE CASCADE,
    CONSTRAINT "FK_UserBestiary_BestiaryItems_BestiaryItemId" FOREIGN KEY ("BestiaryItemId") REFERENCES alchimalia_schema."BestiaryItems" ("Id") ON DELETE CASCADE
);

CREATE TABLE alchimalia_schema."BodyPartTranslations" (
    "Id" uuid NOT NULL,
    "BodyPartKey" character varying(32) NOT NULL,
    "LanguageCode" character varying(10) NOT NULL,
    "Name" text NOT NULL,
    CONSTRAINT "PK_BodyPartTranslations" PRIMARY KEY ("Id"),
    CONSTRAINT "FK_BodyPartTranslations_BodyParts_BodyPartKey" FOREIGN KEY ("BodyPartKey") REFERENCES alchimalia_schema."BodyParts" ("Key") ON DELETE CASCADE
);

CREATE TABLE alchimalia_schema."StoryCrafts" (
    "Id" uuid NOT NULL,
    "StoryId" character varying(200) NOT NULL,
    "OwnerUserId" uuid NOT NULL,
    "Status" character varying(20) NOT NULL,
    "CoverImageUrl" text,
    "StoryTopic" text,
    "AuthorName" character varying(200),
    "ClassicAuthorId" uuid,
    "StoryType" integer NOT NULL,
    "PriceInCredits" double precision NOT NULL,
    "CreatedAt" timestamp with time zone NOT NULL,
    "UpdatedAt" timestamp with time zone NOT NULL,
    "AssignedReviewerUserId" uuid,
    "ReviewNotes" text,
    "ReviewStartedAt" timestamp with time zone,
    "ReviewEndedAt" timestamp with time zone,
    "ReviewedByUserId" uuid,
    "ApprovedByUserId" uuid,
    "BaseVersion" integer NOT NULL,
    CONSTRAINT "PK_StoryCrafts" PRIMARY KEY ("Id"),
    CONSTRAINT "FK_StoryCrafts_ClassicAuthors_ClassicAuthorId" FOREIGN KEY ("ClassicAuthorId") REFERENCES alchimalia_schema."ClassicAuthors" ("Id") ON DELETE SET NULL
);

CREATE TABLE alchimalia_schema."StoryDefinitions" (
    "Id" uuid NOT NULL,
    "StoryId" text NOT NULL,
    "Title" text NOT NULL,
    "CoverImageUrl" text,
    "Summary" text,
    "StoryTopic" text,
    "AuthorName" text,
    "ClassicAuthorId" uuid,
    "StoryType" integer NOT NULL,
    "Status" integer NOT NULL,
    "SortOrder" integer NOT NULL,
    "IsActive" boolean NOT NULL,
    "Version" integer NOT NULL,
    "PriceInCredits" double precision NOT NULL,
    "CreatedAt" timestamp with time zone NOT NULL,
    "UpdatedAt" timestamp with time zone NOT NULL,
    "CreatedBy" uuid,
    "UpdatedBy" uuid,
    CONSTRAINT "PK_StoryDefinitions" PRIMARY KEY ("Id"),
    CONSTRAINT "AK_StoryDefinitions_StoryId" UNIQUE ("StoryId"),
    CONSTRAINT "FK_StoryDefinitions_ClassicAuthors_ClassicAuthorId" FOREIGN KEY ("ClassicAuthorId") REFERENCES alchimalia_schema."ClassicAuthors" ("Id") ON DELETE SET NULL
);

CREATE TABLE alchimalia_schema."HeroDefinitionTranslations" (
    "Id" uuid NOT NULL,
    "HeroDefinitionId" character varying(100) NOT NULL,
    "LanguageCode" character varying(10) NOT NULL,
    "Name" text NOT NULL,
    "Description" text NOT NULL,
    "Story" text NOT NULL,
    CONSTRAINT "PK_HeroDefinitionTranslations" PRIMARY KEY ("Id"),
    CONSTRAINT "FK_HeroDefinitionTranslations_HeroDefinitions_HeroDefinitionId" FOREIGN KEY ("HeroDefinitionId") REFERENCES alchimalia_schema."HeroDefinitions" ("Id") ON DELETE CASCADE
);

CREATE TABLE alchimalia_schema."Animals" (
    "Id" uuid NOT NULL,
    "Label" character varying(64) NOT NULL,
    "Src" character varying(256) NOT NULL,
    "IsHybrid" boolean NOT NULL DEFAULT FALSE,
    "RegionId" uuid NOT NULL,
    CONSTRAINT "PK_Animals" PRIMARY KEY ("Id"),
    CONSTRAINT "FK_Animals_Regions_RegionId" FOREIGN KEY ("RegionId") REFERENCES alchimalia_schema."Regions" ("Id") ON DELETE CASCADE
);

CREATE TABLE alchimalia_schema."StoryAgeGroupTranslations" (
    "Id" uuid NOT NULL,
    "StoryAgeGroupId" uuid NOT NULL,
    "LanguageCode" character varying(10) NOT NULL,
    "Label" text NOT NULL,
    "Description" text,
    CONSTRAINT "PK_StoryAgeGroupTranslations" PRIMARY KEY ("Id"),
    CONSTRAINT "FK_StoryAgeGroupTranslations_StoryAgeGroups_StoryAgeGroupId" FOREIGN KEY ("StoryAgeGroupId") REFERENCES alchimalia_schema."StoryAgeGroups" ("Id") ON DELETE CASCADE
);

CREATE TABLE alchimalia_schema."StoryHeroUnlocks" (
    "Id" uuid NOT NULL,
    "StoryHeroId" uuid NOT NULL,
    "StoryId" character varying(100) NOT NULL,
    "UnlockOrder" integer NOT NULL,
    "CreatedAt" timestamp with time zone NOT NULL,
    CONSTRAINT "PK_StoryHeroUnlocks" PRIMARY KEY ("Id"),
    CONSTRAINT "FK_StoryHeroUnlocks_StoryHeroes_StoryHeroId" FOREIGN KEY ("StoryHeroId") REFERENCES alchimalia_schema."StoryHeroes" ("Id") ON DELETE CASCADE
);

CREATE TABLE alchimalia_schema."StoryTopicTranslations" (
    "Id" uuid NOT NULL,
    "StoryTopicId" uuid NOT NULL,
    "LanguageCode" character varying(10) NOT NULL,
    "Label" text NOT NULL,
    CONSTRAINT "PK_StoryTopicTranslations" PRIMARY KEY ("Id"),
    CONSTRAINT "FK_StoryTopicTranslations_StoryTopics_StoryTopicId" FOREIGN KEY ("StoryTopicId") REFERENCES alchimalia_schema."StoryTopics" ("Id") ON DELETE CASCADE
);

CREATE TABLE alchimalia_schema."StoryProgress" (
    "Id" uuid NOT NULL,
    "UserId" uuid NOT NULL,
    "StoryId" text NOT NULL,
    "SelectedAnswer" text,
    "TokensJson" text,
    "CompletedAt" timestamp with time zone NOT NULL,
    "TreeConfigurationId" text NOT NULL,
    CONSTRAINT "PK_StoryProgress" PRIMARY KEY ("Id"),
    CONSTRAINT "FK_StoryProgress_AlchimaliaUsers_UserId" FOREIGN KEY ("UserId") REFERENCES alchimalia_schema."AlchimaliaUsers" ("Id") ON DELETE CASCADE,
    CONSTRAINT "FK_StoryProgress_TreeConfigurations_TreeConfigurationId" FOREIGN KEY ("TreeConfigurationId") REFERENCES alchimalia_schema."TreeConfigurations" ("Id") ON DELETE CASCADE
);

CREATE TABLE alchimalia_schema."TreeProgress" (
    "Id" uuid NOT NULL,
    "UserId" uuid NOT NULL,
    "RegionId" text NOT NULL,
    "IsUnlocked" boolean NOT NULL,
    "TreeConfigurationId" text NOT NULL,
    "UnlockedAt" timestamp with time zone NOT NULL,
    "CreatedAt" timestamp with time zone NOT NULL,
    "UpdatedAt" timestamp with time zone NOT NULL,
    CONSTRAINT "PK_TreeProgress" PRIMARY KEY ("Id"),
    CONSTRAINT "FK_TreeProgress_AlchimaliaUsers_UserId" FOREIGN KEY ("UserId") REFERENCES alchimalia_schema."AlchimaliaUsers" ("Id") ON DELETE CASCADE,
    CONSTRAINT "FK_TreeProgress_TreeConfigurations_TreeConfigurationId" FOREIGN KEY ("TreeConfigurationId") REFERENCES alchimalia_schema."TreeConfigurations" ("Id") ON DELETE CASCADE
);

CREATE TABLE alchimalia_schema."TreeRegions" (
    "Id" character varying(50) NOT NULL,
    "Label" character varying(100) NOT NULL,
    "ImageUrl" text,
    "PufpufMessage" text,
    "SortOrder" integer NOT NULL,
    "IsLocked" boolean NOT NULL,
    "TreeConfigurationId" text NOT NULL,
    "CreatedAt" timestamp with time zone NOT NULL,
    "UpdatedAt" timestamp with time zone NOT NULL,
    CONSTRAINT "PK_TreeRegions" PRIMARY KEY ("Id"),
    CONSTRAINT "FK_TreeRegions_TreeConfigurations_TreeConfigurationId" FOREIGN KEY ("TreeConfigurationId") REFERENCES alchimalia_schema."TreeConfigurations" ("Id") ON DELETE CASCADE
);

CREATE TABLE alchimalia_schema."TreeUnlockRules" (
    "Id" integer GENERATED BY DEFAULT AS IDENTITY,
    "Type" character varying(20) NOT NULL,
    "FromId" character varying(100) NOT NULL,
    "ToRegionId" character varying(50) NOT NULL,
    "RequiredStoriesCsv" text,
    "MinCount" integer,
    "StoryId" text,
    "SortOrder" integer NOT NULL,
    "TreeConfigurationId" text NOT NULL,
    "CreatedAt" timestamp with time zone NOT NULL,
    "UpdatedAt" timestamp with time zone NOT NULL,
    CONSTRAINT "PK_TreeUnlockRules" PRIMARY KEY ("Id"),
    CONSTRAINT "FK_TreeUnlockRules_TreeConfigurations_TreeConfigurationId" FOREIGN KEY ("TreeConfigurationId") REFERENCES alchimalia_schema."TreeConfigurations" ("Id") ON DELETE CASCADE
);

CREATE TABLE alchimalia_schema."Creatures" (
    "Id" uuid NOT NULL,
    "UserId" uuid NOT NULL,
    "TreeId" uuid,
    "Name" text NOT NULL,
    "Archetype" text NOT NULL,
    "TraitsJson" text NOT NULL,
    "Rarity" text NOT NULL,
    "ImageUrl" text,
    "ThumbUrl" text,
    "PromptUsedJson" text NOT NULL,
    "Story" text,
    "CreatedAt" timestamp with time zone NOT NULL,
    CONSTRAINT "PK_Creatures" PRIMARY KEY ("Id"),
    CONSTRAINT "FK_Creatures_AlchimaliaUsers_UserId" FOREIGN KEY ("UserId") REFERENCES alchimalia_schema."AlchimaliaUsers" ("Id") ON DELETE CASCADE,
    CONSTRAINT "FK_Creatures_Trees_TreeId" FOREIGN KEY ("TreeId") REFERENCES alchimalia_schema."Trees" ("Id")
);

CREATE TABLE alchimalia_schema."TreeChoices" (
    "Id" uuid NOT NULL,
    "TreeId" uuid NOT NULL,
    "Tier" integer NOT NULL,
    "BranchType" text NOT NULL,
    "TraitAwarded" text NOT NULL,
    "CreatedAt" timestamp with time zone NOT NULL,
    CONSTRAINT "PK_TreeChoices" PRIMARY KEY ("Id"),
    CONSTRAINT "FK_TreeChoices_Trees_TreeId" FOREIGN KEY ("TreeId") REFERENCES alchimalia_schema."Trees" ("Id") ON DELETE CASCADE
);

CREATE TABLE alchimalia_schema."StoryCraftAgeGroups" (
    "StoryCraftId" uuid NOT NULL,
    "StoryAgeGroupId" uuid NOT NULL,
    "CreatedAt" timestamp with time zone NOT NULL,
    CONSTRAINT "PK_StoryCraftAgeGroups" PRIMARY KEY ("StoryCraftId", "StoryAgeGroupId"),
    CONSTRAINT "FK_StoryCraftAgeGroups_StoryAgeGroups_StoryAgeGroupId" FOREIGN KEY ("StoryAgeGroupId") REFERENCES alchimalia_schema."StoryAgeGroups" ("Id") ON DELETE CASCADE,
    CONSTRAINT "FK_StoryCraftAgeGroups_StoryCrafts_StoryCraftId" FOREIGN KEY ("StoryCraftId") REFERENCES alchimalia_schema."StoryCrafts" ("Id") ON DELETE CASCADE
);

CREATE TABLE alchimalia_schema."StoryCraftTiles" (
    "Id" uuid NOT NULL,
    "StoryCraftId" uuid NOT NULL,
    "TileId" text NOT NULL,
    "Type" text NOT NULL,
    "SortOrder" integer NOT NULL,
    "ImageUrl" text,
    "CreatedAt" timestamp with time zone NOT NULL,
    "UpdatedAt" timestamp with time zone NOT NULL,
    CONSTRAINT "PK_StoryCraftTiles" PRIMARY KEY ("Id"),
    CONSTRAINT "FK_StoryCraftTiles_StoryCrafts_StoryCraftId" FOREIGN KEY ("StoryCraftId") REFERENCES alchimalia_schema."StoryCrafts" ("Id") ON DELETE CASCADE
);

CREATE TABLE alchimalia_schema."StoryCraftTopics" (
    "StoryCraftId" uuid NOT NULL,
    "StoryTopicId" uuid NOT NULL,
    "CreatedAt" timestamp with time zone NOT NULL,
    CONSTRAINT "PK_StoryCraftTopics" PRIMARY KEY ("StoryCraftId", "StoryTopicId"),
    CONSTRAINT "FK_StoryCraftTopics_StoryCrafts_StoryCraftId" FOREIGN KEY ("StoryCraftId") REFERENCES alchimalia_schema."StoryCrafts" ("Id") ON DELETE CASCADE,
    CONSTRAINT "FK_StoryCraftTopics_StoryTopics_StoryTopicId" FOREIGN KEY ("StoryTopicId") REFERENCES alchimalia_schema."StoryTopics" ("Id") ON DELETE CASCADE
);

CREATE TABLE alchimalia_schema."StoryCraftTranslations" (
    "Id" uuid NOT NULL,
    "StoryCraftId" uuid NOT NULL,
    "LanguageCode" character varying(10) NOT NULL,
    "Title" text NOT NULL,
    "Summary" text,
    CONSTRAINT "PK_StoryCraftTranslations" PRIMARY KEY ("Id"),
    CONSTRAINT "FK_StoryCraftTranslations_StoryCrafts_StoryCraftId" FOREIGN KEY ("StoryCraftId") REFERENCES alchimalia_schema."StoryCrafts" ("Id") ON DELETE CASCADE
);

CREATE TABLE alchimalia_schema."StoryDefinitionAgeGroups" (
    "StoryDefinitionId" uuid NOT NULL,
    "StoryAgeGroupId" uuid NOT NULL,
    "CreatedAt" timestamp with time zone NOT NULL,
    CONSTRAINT "PK_StoryDefinitionAgeGroups" PRIMARY KEY ("StoryDefinitionId", "StoryAgeGroupId"),
    CONSTRAINT "FK_StoryDefinitionAgeGroups_StoryAgeGroups_StoryAgeGroupId" FOREIGN KEY ("StoryAgeGroupId") REFERENCES alchimalia_schema."StoryAgeGroups" ("Id") ON DELETE CASCADE,
    CONSTRAINT "FK_StoryDefinitionAgeGroups_StoryDefinitions_StoryDefinitionId" FOREIGN KEY ("StoryDefinitionId") REFERENCES alchimalia_schema."StoryDefinitions" ("Id") ON DELETE CASCADE
);

CREATE TABLE alchimalia_schema."StoryDefinitionTopics" (
    "StoryDefinitionId" uuid NOT NULL,
    "StoryTopicId" uuid NOT NULL,
    "CreatedAt" timestamp with time zone NOT NULL,
    CONSTRAINT "PK_StoryDefinitionTopics" PRIMARY KEY ("StoryDefinitionId", "StoryTopicId"),
    CONSTRAINT "FK_StoryDefinitionTopics_StoryDefinitions_StoryDefinitionId" FOREIGN KEY ("StoryDefinitionId") REFERENCES alchimalia_schema."StoryDefinitions" ("Id") ON DELETE CASCADE,
    CONSTRAINT "FK_StoryDefinitionTopics_StoryTopics_StoryTopicId" FOREIGN KEY ("StoryTopicId") REFERENCES alchimalia_schema."StoryTopics" ("Id") ON DELETE CASCADE
);

CREATE TABLE alchimalia_schema."StoryDefinitionTranslations" (
    "Id" uuid NOT NULL,
    "StoryDefinitionId" uuid NOT NULL,
    "LanguageCode" character varying(10) NOT NULL,
    "Title" text NOT NULL,
    CONSTRAINT "PK_StoryDefinitionTranslations" PRIMARY KEY ("Id"),
    CONSTRAINT "FK_StoryDefinitionTranslations_StoryDefinitions_StoryDefinitio~" FOREIGN KEY ("StoryDefinitionId") REFERENCES alchimalia_schema."StoryDefinitions" ("Id") ON DELETE CASCADE
);

CREATE TABLE alchimalia_schema."StoryPublicationAudits" (
    "Id" uuid NOT NULL,
    "StoryDefinitionId" uuid NOT NULL,
    "StoryId" character varying(200) NOT NULL,
    "PerformedByUserId" uuid NOT NULL,
    "PerformedByEmail" character varying(256) NOT NULL,
    "Action" integer NOT NULL,
    "Notes" character varying(2000),
    "CreatedAt" timestamp with time zone NOT NULL,
    CONSTRAINT "PK_StoryPublicationAudits" PRIMARY KEY ("Id"),
    CONSTRAINT "FK_StoryPublicationAudits_StoryDefinitions_StoryDefinitionId" FOREIGN KEY ("StoryDefinitionId") REFERENCES alchimalia_schema."StoryDefinitions" ("Id") ON DELETE CASCADE
);

CREATE TABLE alchimalia_schema."StoryPurchases" (
    "Id" uuid NOT NULL,
    "UserId" uuid NOT NULL,
    "StoryId" text NOT NULL,
    "CreditsSpent" double precision NOT NULL,
    "PurchasedAt" timestamp with time zone NOT NULL,
    CONSTRAINT "PK_StoryPurchases" PRIMARY KEY ("Id"),
    CONSTRAINT "FK_StoryPurchases_AlchimaliaUsers_UserId" FOREIGN KEY ("UserId") REFERENCES alchimalia_schema."AlchimaliaUsers" ("Id") ON DELETE CASCADE,
    CONSTRAINT "FK_StoryPurchases_StoryDefinitions_StoryId" FOREIGN KEY ("StoryId") REFERENCES alchimalia_schema."StoryDefinitions" ("StoryId") ON DELETE CASCADE
);

CREATE TABLE alchimalia_schema."StoryReviews" (
    "Id" uuid NOT NULL,
    "UserId" uuid NOT NULL,
    "StoryId" character varying(200) NOT NULL,
    "Rating" integer NOT NULL,
    "Comment" character varying(2000),
    "CreatedAt" timestamp with time zone NOT NULL,
    "UpdatedAt" timestamp with time zone NOT NULL,
    "IsActive" boolean NOT NULL,
    CONSTRAINT "PK_StoryReviews" PRIMARY KEY ("Id"),
    CONSTRAINT "FK_StoryReviews_AlchimaliaUsers_UserId" FOREIGN KEY ("UserId") REFERENCES alchimalia_schema."AlchimaliaUsers" ("Id") ON DELETE CASCADE,
    CONSTRAINT "FK_StoryReviews_StoryDefinitions_StoryId" FOREIGN KEY ("StoryId") REFERENCES alchimalia_schema."StoryDefinitions" ("StoryId") ON DELETE CASCADE
);

CREATE TABLE alchimalia_schema."StoryTiles" (
    "Id" uuid NOT NULL,
    "StoryDefinitionId" uuid NOT NULL,
    "TileId" text NOT NULL,
    "Type" text NOT NULL,
    "SortOrder" integer NOT NULL,
    "Caption" text,
    "Text" text,
    "ImageUrl" text,
    "Question" text,
    "CreatedAt" timestamp with time zone NOT NULL,
    "UpdatedAt" timestamp with time zone NOT NULL,
    CONSTRAINT "PK_StoryTiles" PRIMARY KEY ("Id"),
    CONSTRAINT "FK_StoryTiles_StoryDefinitions_StoryDefinitionId" FOREIGN KEY ("StoryDefinitionId") REFERENCES alchimalia_schema."StoryDefinitions" ("Id") ON DELETE CASCADE
);

CREATE TABLE alchimalia_schema."UserCreatedStories" (
    "Id" uuid NOT NULL,
    "UserId" uuid NOT NULL,
    "StoryDefinitionId" uuid NOT NULL,
    "CreatedAt" timestamp with time zone NOT NULL,
    "PublishedAt" timestamp with time zone,
    "IsPublished" boolean NOT NULL,
    "CreationNotes" character varying(1000),
    CONSTRAINT "PK_UserCreatedStories" PRIMARY KEY ("Id"),
    CONSTRAINT "FK_UserCreatedStories_AlchimaliaUsers_UserId" FOREIGN KEY ("UserId") REFERENCES alchimalia_schema."AlchimaliaUsers" ("Id") ON DELETE CASCADE,
    CONSTRAINT "FK_UserCreatedStories_StoryDefinitions_StoryDefinitionId" FOREIGN KEY ("StoryDefinitionId") REFERENCES alchimalia_schema."StoryDefinitions" ("Id") ON DELETE CASCADE
);

CREATE TABLE alchimalia_schema."UserFavoriteStories" (
    "Id" uuid NOT NULL,
    "UserId" uuid NOT NULL,
    "StoryDefinitionId" uuid NOT NULL,
    "AddedAt" timestamp with time zone NOT NULL,
    CONSTRAINT "PK_UserFavoriteStories" PRIMARY KEY ("Id"),
    CONSTRAINT "FK_UserFavoriteStories_AlchimaliaUsers_UserId" FOREIGN KEY ("UserId") REFERENCES alchimalia_schema."AlchimaliaUsers" ("Id") ON DELETE CASCADE,
    CONSTRAINT "FK_UserFavoriteStories_StoryDefinitions_StoryDefinitionId" FOREIGN KEY ("StoryDefinitionId") REFERENCES alchimalia_schema."StoryDefinitions" ("Id") ON DELETE CASCADE
);

CREATE TABLE alchimalia_schema."UserOwnedStories" (
    "Id" uuid NOT NULL,
    "UserId" uuid NOT NULL,
    "StoryDefinitionId" uuid NOT NULL,
    "PurchasedAt" timestamp with time zone NOT NULL,
    "PurchasePrice" numeric(10,2) NOT NULL,
    "PurchaseReference" character varying(100),
    CONSTRAINT "PK_UserOwnedStories" PRIMARY KEY ("Id"),
    CONSTRAINT "FK_UserOwnedStories_AlchimaliaUsers_UserId" FOREIGN KEY ("UserId") REFERENCES alchimalia_schema."AlchimaliaUsers" ("Id") ON DELETE CASCADE,
    CONSTRAINT "FK_UserOwnedStories_StoryDefinitions_StoryDefinitionId" FOREIGN KEY ("StoryDefinitionId") REFERENCES alchimalia_schema."StoryDefinitions" ("Id") ON DELETE CASCADE
);

CREATE TABLE alchimalia_schema."AnimalPartSupports" (
    "AnimalId" uuid NOT NULL,
    "PartKey" character varying(32) NOT NULL,
    CONSTRAINT "PK_AnimalPartSupports" PRIMARY KEY ("AnimalId", "PartKey"),
    CONSTRAINT "FK_AnimalPartSupports_Animals_AnimalId" FOREIGN KEY ("AnimalId") REFERENCES alchimalia_schema."Animals" ("Id") ON DELETE CASCADE,
    CONSTRAINT "FK_AnimalPartSupports_BodyParts_PartKey" FOREIGN KEY ("PartKey") REFERENCES alchimalia_schema."BodyParts" ("Key") ON DELETE CASCADE
);

CREATE TABLE alchimalia_schema."AnimalTranslations" (
    "Id" uuid NOT NULL,
    "AnimalId" uuid NOT NULL,
    "LanguageCode" character varying(10) NOT NULL,
    "Label" text NOT NULL,
    CONSTRAINT "PK_AnimalTranslations" PRIMARY KEY ("Id"),
    CONSTRAINT "FK_AnimalTranslations_Animals_AnimalId" FOREIGN KEY ("AnimalId") REFERENCES alchimalia_schema."Animals" ("Id") ON DELETE CASCADE
);

CREATE TABLE alchimalia_schema."TreeStoryNodes" (
    "Id" integer GENERATED BY DEFAULT AS IDENTITY,
    "StoryId" character varying(100) NOT NULL,
    "RegionId" character varying(50) NOT NULL,
    "RewardImageUrl" text,
    "SortOrder" integer NOT NULL,
    "TreeConfigurationId" text NOT NULL,
    "CreatedAt" timestamp with time zone NOT NULL,
    "UpdatedAt" timestamp with time zone NOT NULL,
    CONSTRAINT "PK_TreeStoryNodes" PRIMARY KEY ("Id"),
    CONSTRAINT "FK_TreeStoryNodes_StoryDefinitions_StoryId" FOREIGN KEY ("StoryId") REFERENCES alchimalia_schema."StoryDefinitions" ("StoryId") ON DELETE CASCADE,
    CONSTRAINT "FK_TreeStoryNodes_TreeConfigurations_TreeConfigurationId" FOREIGN KEY ("TreeConfigurationId") REFERENCES alchimalia_schema."TreeConfigurations" ("Id") ON DELETE CASCADE,
    CONSTRAINT "FK_TreeStoryNodes_TreeRegions_RegionId" FOREIGN KEY ("RegionId") REFERENCES alchimalia_schema."TreeRegions" ("Id") ON DELETE CASCADE
);

CREATE TABLE alchimalia_schema."StoryCraftAnswers" (
    "Id" uuid NOT NULL,
    "StoryCraftTileId" uuid NOT NULL,
    "AnswerId" text NOT NULL,
    "SortOrder" integer NOT NULL,
    "CreatedAt" timestamp with time zone NOT NULL,
    CONSTRAINT "PK_StoryCraftAnswers" PRIMARY KEY ("Id"),
    CONSTRAINT "FK_StoryCraftAnswers_StoryCraftTiles_StoryCraftTileId" FOREIGN KEY ("StoryCraftTileId") REFERENCES alchimalia_schema."StoryCraftTiles" ("Id") ON DELETE CASCADE
);

CREATE TABLE alchimalia_schema."StoryCraftTileTranslations" (
    "Id" uuid NOT NULL,
    "StoryCraftTileId" uuid NOT NULL,
    "LanguageCode" character varying(10) NOT NULL,
    "Caption" text,
    "Text" text,
    "Question" text,
    "AudioUrl" text,
    "VideoUrl" text,
    CONSTRAINT "PK_StoryCraftTileTranslations" PRIMARY KEY ("Id"),
    CONSTRAINT "FK_StoryCraftTileTranslations_StoryCraftTiles_StoryCraftTileId" FOREIGN KEY ("StoryCraftTileId") REFERENCES alchimalia_schema."StoryCraftTiles" ("Id") ON DELETE CASCADE
);

CREATE TABLE alchimalia_schema."StoryAnswers" (
    "Id" uuid NOT NULL,
    "StoryTileId" uuid NOT NULL,
    "AnswerId" text NOT NULL,
    "Text" text NOT NULL,
    "TokensJson" text,
    "SortOrder" integer NOT NULL,
    "CreatedAt" timestamp with time zone NOT NULL,
    CONSTRAINT "PK_StoryAnswers" PRIMARY KEY ("Id"),
    CONSTRAINT "FK_StoryAnswers_StoryTiles_StoryTileId" FOREIGN KEY ("StoryTileId") REFERENCES alchimalia_schema."StoryTiles" ("Id") ON DELETE CASCADE
);

CREATE TABLE alchimalia_schema."StoryTileTranslations" (
    "Id" uuid NOT NULL,
    "StoryTileId" uuid NOT NULL,
    "LanguageCode" character varying(10) NOT NULL,
    "Caption" text,
    "Text" text,
    "Question" text,
    "AudioUrl" text,
    "VideoUrl" text,
    CONSTRAINT "PK_StoryTileTranslations" PRIMARY KEY ("Id"),
    CONSTRAINT "FK_StoryTileTranslations_StoryTiles_StoryTileId" FOREIGN KEY ("StoryTileId") REFERENCES alchimalia_schema."StoryTiles" ("Id") ON DELETE CASCADE
);

CREATE TABLE alchimalia_schema."StoryCraftAnswerTokens" (
    "Id" uuid NOT NULL,
    "StoryCraftAnswerId" uuid NOT NULL,
    "Type" character varying(64) NOT NULL,
    "Value" character varying(128) NOT NULL,
    "Quantity" integer NOT NULL,
    CONSTRAINT "PK_StoryCraftAnswerTokens" PRIMARY KEY ("Id"),
    CONSTRAINT "FK_StoryCraftAnswerTokens_StoryCraftAnswers_StoryCraftAnswerId" FOREIGN KEY ("StoryCraftAnswerId") REFERENCES alchimalia_schema."StoryCraftAnswers" ("Id") ON DELETE CASCADE
);

CREATE TABLE alchimalia_schema."StoryCraftAnswerTranslations" (
    "Id" uuid NOT NULL,
    "StoryCraftAnswerId" uuid NOT NULL,
    "LanguageCode" character varying(10) NOT NULL,
    "Text" text NOT NULL,
    CONSTRAINT "PK_StoryCraftAnswerTranslations" PRIMARY KEY ("Id"),
    CONSTRAINT "FK_StoryCraftAnswerTranslations_StoryCraftAnswers_StoryCraftAn~" FOREIGN KEY ("StoryCraftAnswerId") REFERENCES alchimalia_schema."StoryCraftAnswers" ("Id") ON DELETE CASCADE
);

CREATE TABLE alchimalia_schema."StoryAnswerTokens" (
    "Id" uuid NOT NULL,
    "StoryAnswerId" uuid NOT NULL,
    "Type" character varying(64) NOT NULL,
    "Value" character varying(128) NOT NULL,
    "Quantity" integer NOT NULL,
    CONSTRAINT "PK_StoryAnswerTokens" PRIMARY KEY ("Id"),
    CONSTRAINT "FK_StoryAnswerTokens_StoryAnswers_StoryAnswerId" FOREIGN KEY ("StoryAnswerId") REFERENCES alchimalia_schema."StoryAnswers" ("Id") ON DELETE CASCADE
);

CREATE TABLE alchimalia_schema."StoryAnswerTranslations" (
    "Id" uuid NOT NULL,
    "StoryAnswerId" uuid NOT NULL,
    "LanguageCode" character varying(10) NOT NULL,
    "Text" text NOT NULL,
    CONSTRAINT "PK_StoryAnswerTranslations" PRIMARY KEY ("Id"),
    CONSTRAINT "FK_StoryAnswerTranslations_StoryAnswers_StoryAnswerId" FOREIGN KEY ("StoryAnswerId") REFERENCES alchimalia_schema."StoryAnswers" ("Id") ON DELETE CASCADE
);

INSERT INTO alchimalia_schema."AlchimaliaUsers" ("Id", "Auth0Id", "CreatedAt", "Email", "FirstName", "HasVisitedImaginationLaboratory", "LastLoginAt", "LastName", "Name", "Picture", "Role", "Roles", "UpdatedAt")
VALUES ('33333333-3333-3333-3333-333333333333', 'alchimalia-admin-sub', TIMESTAMPTZ '2025-11-26T18:40:47.382883Z', 'alchimalia@admin.com', 'Marian', FALSE, TIMESTAMPTZ '2025-11-26T18:40:47.382883Z', 'Teacher', 'Marian Teacher', NULL, 2, ARRAY[2]::integer[], TIMESTAMPTZ '2025-11-26T18:40:47.382883Z');

INSERT INTO alchimalia_schema."BodyParts" ("Key", "Image", "IsBaseLocked", "Name")
VALUES ('arms', 'images/bodyparts/hands.webp', FALSE, 'Arms');
INSERT INTO alchimalia_schema."BodyParts" ("Key", "Image", "IsBaseLocked", "Name")
VALUES ('body', 'images/bodyparts/body.webp', FALSE, 'Body');
INSERT INTO alchimalia_schema."BodyParts" ("Key", "Image", "IsBaseLocked", "Name")
VALUES ('head', 'images/bodyparts/face.webp', FALSE, 'Head');
INSERT INTO alchimalia_schema."BodyParts" ("Key", "Image", "IsBaseLocked", "Name")
VALUES ('horn', 'images/bodyparts/horn.webp', TRUE, 'Horn');
INSERT INTO alchimalia_schema."BodyParts" ("Key", "Image", "IsBaseLocked", "Name")
VALUES ('horns', 'images/bodyparts/horns.webp', TRUE, 'Horns');
INSERT INTO alchimalia_schema."BodyParts" ("Key", "Image", "IsBaseLocked", "Name")
VALUES ('legs', 'images/bodyparts/legs.webp', TRUE, 'Legs');
INSERT INTO alchimalia_schema."BodyParts" ("Key", "Image", "IsBaseLocked", "Name")
VALUES ('tail', 'images/bodyparts/tail.webp', TRUE, 'Tail');
INSERT INTO alchimalia_schema."BodyParts" ("Key", "Image", "IsBaseLocked", "Name")
VALUES ('wings', 'images/bodyparts/wings.webp', TRUE, 'Wings');

INSERT INTO alchimalia_schema."BuilderConfigs" ("Id", "BaseUnlockedAnimalIds", "BaseUnlockedBodyPartKeys")
VALUES (1, '["00000000-0000-0000-0000-000000000001","00000000-0000-0000-0000-000000000002","00000000-0000-0000-0000-000000000003"]', '["head","body","arms"]');

INSERT INTO alchimalia_schema."HeroClickMessages" ("Id", "AudioUrl", "CreatedAt", "HeroId", "IsActive", "MessageKey", "UpdatedAt")
VALUES ('3e089534-9de3-49a2-a543-449f90ccf8a8', 'audio/ro-ro/tol/hero-speach/puf-puf/hero_puf-puf_click_message.wav', TIMESTAMPTZ '2025-11-26T18:40:47.378387Z', 'puf-puf', TRUE, 'hero_puf-puf_click_message', TIMESTAMPTZ '2025-11-26T18:40:47.378387Z');
INSERT INTO alchimalia_schema."HeroClickMessages" ("Id", "AudioUrl", "CreatedAt", "HeroId", "IsActive", "MessageKey", "UpdatedAt")
VALUES ('b2c18476-7fa8-4ad0-9fb7-494ccf51637f', 'audio/ro-ro/tol/hero-speach/linkaro/hero_linkaro_click_message.wav', TIMESTAMPTZ '2025-11-26T18:40:47.378388Z', 'linkaro', TRUE, 'hero_linkaro_click_message', TIMESTAMPTZ '2025-11-26T18:40:47.378388Z');
INSERT INTO alchimalia_schema."HeroClickMessages" ("Id", "AudioUrl", "CreatedAt", "HeroId", "IsActive", "MessageKey", "UpdatedAt")
VALUES ('f371c87e-6f7c-4d70-89cd-77461832b974', 'audio/ro-ro/tol/hero-speach/grubot/hero_grubot_click_message.wav', TIMESTAMPTZ '2025-11-26T18:40:47.378388Z', 'grubot', TRUE, 'hero_grubot_click_message', TIMESTAMPTZ '2025-11-26T18:40:47.378388Z');

INSERT INTO alchimalia_schema."HeroDefinitions" ("Id", "CourageCost", "CreatedAt", "CreativityCost", "CuriosityCost", "Image", "IsUnlocked", "PositionX", "PositionY", "PrerequisitesJson", "RewardsJson", "SafetyCost", "ThinkingCost", "Type", "UpdatedAt")
VALUES ('grubot', 0, TIMESTAMPTZ '2025-11-26T18:40:47.378412Z', 0, 0, 'images/heroes/grubot.png', FALSE, 0.0, 0.0, '[]', '[]', 0, 0, 'STORY_HERO', TIMESTAMPTZ '2025-11-26T18:40:47.378412Z');
INSERT INTO alchimalia_schema."HeroDefinitions" ("Id", "CourageCost", "CreatedAt", "CreativityCost", "CuriosityCost", "Image", "IsUnlocked", "PositionX", "PositionY", "PrerequisitesJson", "RewardsJson", "SafetyCost", "ThinkingCost", "Type", "UpdatedAt")
VALUES ('linkaro', 0, TIMESTAMPTZ '2025-11-26T18:40:47.378411Z', 0, 0, 'images/heroes/linkaro.png', FALSE, 0.0, 0.0, '[]', '[]', 0, 0, 'STORY_HERO', TIMESTAMPTZ '2025-11-26T18:40:47.378411Z');
INSERT INTO alchimalia_schema."HeroDefinitions" ("Id", "CourageCost", "CreatedAt", "CreativityCost", "CuriosityCost", "Image", "IsUnlocked", "PositionX", "PositionY", "PrerequisitesJson", "RewardsJson", "SafetyCost", "ThinkingCost", "Type", "UpdatedAt")
VALUES ('puf-puf', 0, TIMESTAMPTZ '2025-11-26T18:40:47.378411Z', 0, 0, 'images/heroes/pufpufblink.gif', FALSE, 0.0, 0.0, '[]', '[]', 0, 0, 'STORY_HERO', TIMESTAMPTZ '2025-11-26T18:40:47.378411Z');

INSERT INTO alchimalia_schema."HeroMessages" ("Id", "AudioUrl", "CreatedAt", "HeroId", "IsActive", "MessageKey", "RegionId", "UpdatedAt")
VALUES ('0331af85-a296-40bd-a68b-839c9a8966ee', 'audio/ro-ro/tol/hero-speach/linkaro/hero_linkaro_region_neptunia_message.wav', TIMESTAMPTZ '2025-11-26T18:40:47.378027Z', 'linkaro', TRUE, 'hero_linkaro_region_neptunia_message', 'neptunia', TIMESTAMPTZ '2025-11-26T18:40:47.378027Z');
INSERT INTO alchimalia_schema."HeroMessages" ("Id", "AudioUrl", "CreatedAt", "HeroId", "IsActive", "MessageKey", "RegionId", "UpdatedAt")
VALUES ('05130a8f-d16d-4efd-bb72-bbd81e0ba497', 'audio/ro-ro/tol/hero-speach/puf-puf/hero_puf-puf_region_sylvaria_message.wav', TIMESTAMPTZ '2025-11-26T18:40:47.37802Z', 'puf-puf', TRUE, 'hero_puf-puf_region_sylvaria_message', 'sylvaria', TIMESTAMPTZ '2025-11-26T18:40:47.37802Z');
INSERT INTO alchimalia_schema."HeroMessages" ("Id", "AudioUrl", "CreatedAt", "HeroId", "IsActive", "MessageKey", "RegionId", "UpdatedAt")
VALUES ('053133ad-b99d-448a-b740-9109bb1b299d', 'audio/ro-ro/tol/hero-speach/linkaro/hero_linkaro_region_aetherion_message.wav', TIMESTAMPTZ '2025-11-26T18:40:47.378027Z', 'linkaro', TRUE, 'hero_linkaro_region_aetherion_message', 'aetherion', TIMESTAMPTZ '2025-11-26T18:40:47.378027Z');
INSERT INTO alchimalia_schema."HeroMessages" ("Id", "AudioUrl", "CreatedAt", "HeroId", "IsActive", "MessageKey", "RegionId", "UpdatedAt")
VALUES ('095ac8b2-1425-45ad-919d-0b4d770935b1', 'audio/ro-ro/tol/hero-speach/linkaro/hero_linkaro_region_sylvaria_message.wav', TIMESTAMPTZ '2025-11-26T18:40:47.378026Z', 'linkaro', TRUE, 'hero_linkaro_region_sylvaria_message', 'sylvaria', TIMESTAMPTZ '2025-11-26T18:40:47.378026Z');
INSERT INTO alchimalia_schema."HeroMessages" ("Id", "AudioUrl", "CreatedAt", "HeroId", "IsActive", "MessageKey", "RegionId", "UpdatedAt")
VALUES ('10841b71-ecb0-42a0-b4f1-6424cf753186', 'audio/ro-ro/tol/hero-speach/puf-puf/hero_puf-puf_region_oceanica_message.wav', TIMESTAMPTZ '2025-11-26T18:40:47.37802Z', 'puf-puf', TRUE, 'hero_puf-puf_region_oceanica_message', 'oceanica', TIMESTAMPTZ '2025-11-26T18:40:47.37802Z');
INSERT INTO alchimalia_schema."HeroMessages" ("Id", "AudioUrl", "CreatedAt", "HeroId", "IsActive", "MessageKey", "RegionId", "UpdatedAt")
VALUES ('150e8f7e-2907-4f32-a890-89572085c4d8', 'audio/ro-ro/tol/hero-speach/linkaro/hero_linkaro_region_lunaria_message.wav', TIMESTAMPTZ '2025-11-26T18:40:47.378026Z', 'linkaro', TRUE, 'hero_linkaro_region_lunaria_message', 'lunaria', TIMESTAMPTZ '2025-11-26T18:40:47.378026Z');
INSERT INTO alchimalia_schema."HeroMessages" ("Id", "AudioUrl", "CreatedAt", "HeroId", "IsActive", "MessageKey", "RegionId", "UpdatedAt")
VALUES ('15228aa7-6688-4b49-bb80-7ba9a19ec0f9', 'audio/ro-ro/tol/hero-speach/grubot/hero_grubot_region_sylvaria_message.wav', TIMESTAMPTZ '2025-11-26T18:40:47.378028Z', 'grubot', TRUE, 'hero_grubot_region_sylvaria_message', 'sylvaria', TIMESTAMPTZ '2025-11-26T18:40:47.378028Z');
INSERT INTO alchimalia_schema."HeroMessages" ("Id", "AudioUrl", "CreatedAt", "HeroId", "IsActive", "MessageKey", "RegionId", "UpdatedAt")
VALUES ('1eb45cb0-1aba-43b4-9537-13866e55821b', 'audio/ro-ro/tol/hero-speach/puf-puf/hero_puf-puf_region_pyron_message.wav', TIMESTAMPTZ '2025-11-26T18:40:47.378025Z', 'puf-puf', TRUE, 'hero_puf-puf_region_pyron_message', 'pyron', TIMESTAMPTZ '2025-11-26T18:40:47.378025Z');
INSERT INTO alchimalia_schema."HeroMessages" ("Id", "AudioUrl", "CreatedAt", "HeroId", "IsActive", "MessageKey", "RegionId", "UpdatedAt")
VALUES ('216bbbc1-6392-4776-a3ee-59b75a6e1590', 'audio/ro-ro/tol/hero-speach/grubot/hero_grubot_region_aetherion_message.wav', TIMESTAMPTZ '2025-11-26T18:40:47.378029Z', 'grubot', TRUE, 'hero_grubot_region_aetherion_message', 'aetherion', TIMESTAMPTZ '2025-11-26T18:40:47.378029Z');
INSERT INTO alchimalia_schema."HeroMessages" ("Id", "AudioUrl", "CreatedAt", "HeroId", "IsActive", "MessageKey", "RegionId", "UpdatedAt")
VALUES ('32882744-ec76-46e8-bdb7-a28edc668939', 'audio/ro-ro/tol/hero-speach/linkaro/hero_linkaro_region_mechanika_message.wav', TIMESTAMPTZ '2025-11-26T18:40:47.378026Z', 'linkaro', TRUE, 'hero_linkaro_region_mechanika_message', 'mechanika', TIMESTAMPTZ '2025-11-26T18:40:47.378026Z');
INSERT INTO alchimalia_schema."HeroMessages" ("Id", "AudioUrl", "CreatedAt", "HeroId", "IsActive", "MessageKey", "RegionId", "UpdatedAt")
VALUES ('3d9c4c13-8706-4e7d-aa03-dbbed5ee255c', 'audio/ro-ro/tol/hero-speach/linkaro/hero_linkaro_region_oceanica_message.wav', TIMESTAMPTZ '2025-11-26T18:40:47.378026Z', 'linkaro', TRUE, 'hero_linkaro_region_oceanica_message', 'oceanica', TIMESTAMPTZ '2025-11-26T18:40:47.378026Z');
INSERT INTO alchimalia_schema."HeroMessages" ("Id", "AudioUrl", "CreatedAt", "HeroId", "IsActive", "MessageKey", "RegionId", "UpdatedAt")
VALUES ('464b15f2-f2f1-4052-82df-b3bc4e4410ea', 'audio/ro-ro/tol/hero-speach/puf-puf/hero_puf-puf_region_terra_message.wav', TIMESTAMPTZ '2025-11-26T18:40:47.37802Z', 'puf-puf', TRUE, 'hero_puf-puf_region_terra_message', 'terra', TIMESTAMPTZ '2025-11-26T18:40:47.37802Z');
INSERT INTO alchimalia_schema."HeroMessages" ("Id", "AudioUrl", "CreatedAt", "HeroId", "IsActive", "MessageKey", "RegionId", "UpdatedAt")
VALUES ('55d7d48a-f52f-41c8-9a9c-bc1f5ebae449', 'audio/ro-ro/tol/hero-speach/puf-puf/hero_puf-puf_region_crystalia_message.wav', TIMESTAMPTZ '2025-11-26T18:40:47.378024Z', 'puf-puf', TRUE, 'hero_puf-puf_region_crystalia_message', 'crystalia', TIMESTAMPTZ '2025-11-26T18:40:47.378024Z');
INSERT INTO alchimalia_schema."HeroMessages" ("Id", "AudioUrl", "CreatedAt", "HeroId", "IsActive", "MessageKey", "RegionId", "UpdatedAt")
VALUES ('569c3eed-aeee-4c00-9413-20097458a66d', 'audio/ro-ro/tol/hero-speach/linkaro/hero_linkaro_region_zephyra_message.wav', TIMESTAMPTZ '2025-11-26T18:40:47.378027Z', 'linkaro', TRUE, 'hero_linkaro_region_zephyra_message', 'zephyra', TIMESTAMPTZ '2025-11-26T18:40:47.378027Z');
INSERT INTO alchimalia_schema."HeroMessages" ("Id", "AudioUrl", "CreatedAt", "HeroId", "IsActive", "MessageKey", "RegionId", "UpdatedAt")
VALUES ('5e61f8ed-352c-4181-98a7-1f1c4ba14552', 'audio/ro-ro/tol/hero-speach/puf-puf/hero_puf-puf_region_zephyra_message.wav', TIMESTAMPTZ '2025-11-26T18:40:47.378024Z', 'puf-puf', TRUE, 'hero_puf-puf_region_zephyra_message', 'zephyra', TIMESTAMPTZ '2025-11-26T18:40:47.378025Z');
INSERT INTO alchimalia_schema."HeroMessages" ("Id", "AudioUrl", "CreatedAt", "HeroId", "IsActive", "MessageKey", "RegionId", "UpdatedAt")
VALUES ('715613a7-4a7c-4810-9e79-4893abd4979d', 'audio/ro-ro/tol/hero-speach/grubot/hero_grubot_region_crystalia_message.wav', TIMESTAMPTZ '2025-11-26T18:40:47.378028Z', 'grubot', TRUE, 'hero_grubot_region_crystalia_message', 'crystalia', TIMESTAMPTZ '2025-11-26T18:40:47.378028Z');
INSERT INTO alchimalia_schema."HeroMessages" ("Id", "AudioUrl", "CreatedAt", "HeroId", "IsActive", "MessageKey", "RegionId", "UpdatedAt")
VALUES ('898eceb1-87ae-4ba4-bcd0-60d036f111df', 'audio/ro-ro/tol/hero-speach/grubot/hero_grubot_region_kelo_ketis_message.wav', TIMESTAMPTZ '2025-11-26T18:40:47.378029Z', 'grubot', TRUE, 'hero_grubot_region_kelo_ketis_message', 'kelo-ketis', TIMESTAMPTZ '2025-11-26T18:40:47.378029Z');
INSERT INTO alchimalia_schema."HeroMessages" ("Id", "AudioUrl", "CreatedAt", "HeroId", "IsActive", "MessageKey", "RegionId", "UpdatedAt")
VALUES ('8d9cb436-ce1a-4553-877f-414d832cc078', 'audio/ro-ro/tol/hero-speach/grubot/hero_grubot_region_oceanica_message.wav', TIMESTAMPTZ '2025-11-26T18:40:47.378028Z', 'grubot', TRUE, 'hero_grubot_region_oceanica_message', 'oceanica', TIMESTAMPTZ '2025-11-26T18:40:47.378028Z');
INSERT INTO alchimalia_schema."HeroMessages" ("Id", "AudioUrl", "CreatedAt", "HeroId", "IsActive", "MessageKey", "RegionId", "UpdatedAt")
VALUES ('91b8cfe3-b057-4022-a950-b8f04990a9dc', 'audio/ro-ro/tol/hero-speach/linkaro/hero_linkaro_region_terra_message.wav', TIMESTAMPTZ '2025-11-26T18:40:47.378026Z', 'linkaro', TRUE, 'hero_linkaro_region_terra_message', 'terra', TIMESTAMPTZ '2025-11-26T18:40:47.378026Z');
INSERT INTO alchimalia_schema."HeroMessages" ("Id", "AudioUrl", "CreatedAt", "HeroId", "IsActive", "MessageKey", "RegionId", "UpdatedAt")
VALUES ('a7344331-f07f-45e5-8adc-dc8fe46713bb', 'audio/ro-ro/tol/hero-speach/linkaro/hero_linkaro_region_crystalia_message.wav', TIMESTAMPTZ '2025-11-26T18:40:47.378026Z', 'linkaro', TRUE, 'hero_linkaro_region_crystalia_message', 'crystalia', TIMESTAMPTZ '2025-11-26T18:40:47.378026Z');
INSERT INTO alchimalia_schema."HeroMessages" ("Id", "AudioUrl", "CreatedAt", "HeroId", "IsActive", "MessageKey", "RegionId", "UpdatedAt")
VALUES ('aacdc921-26ab-48d5-a95a-628bb7fe446a', 'audio/ro-ro/tol/hero-speach/grubot/hero_grubot_region_gateway_message.wav', TIMESTAMPTZ '2025-11-26T18:40:47.378027Z', 'grubot', TRUE, 'hero_grubot_region_gateway_message', 'gateway', TIMESTAMPTZ '2025-11-26T18:40:47.378027Z');
INSERT INTO alchimalia_schema."HeroMessages" ("Id", "AudioUrl", "CreatedAt", "HeroId", "IsActive", "MessageKey", "RegionId", "UpdatedAt")
VALUES ('b054b29a-f492-4e60-a07a-9297a11c4344', 'audio/ro-ro/tol/hero-speach/grubot/hero_grubot_region_terra_message.wav', TIMESTAMPTZ '2025-11-26T18:40:47.378028Z', 'grubot', TRUE, 'hero_grubot_region_terra_message', 'terra', TIMESTAMPTZ '2025-11-26T18:40:47.378028Z');
INSERT INTO alchimalia_schema."HeroMessages" ("Id", "AudioUrl", "CreatedAt", "HeroId", "IsActive", "MessageKey", "RegionId", "UpdatedAt")
VALUES ('b17263bf-e10b-44ba-9d2d-ef06fc75297a', 'audio/ro-ro/tol/hero-speach/grubot/hero_grubot_region_pyron_message.wav', TIMESTAMPTZ '2025-11-26T18:40:47.378029Z', 'grubot', TRUE, 'hero_grubot_region_pyron_message', 'pyron', TIMESTAMPTZ '2025-11-26T18:40:47.378029Z');
INSERT INTO alchimalia_schema."HeroMessages" ("Id", "AudioUrl", "CreatedAt", "HeroId", "IsActive", "MessageKey", "RegionId", "UpdatedAt")
VALUES ('bdc34441-9442-466c-b2b7-ad4f8ba0cf58', 'audio/ro-ro/tol/hero-speach/grubot/hero_grubot_region_mechanika_message.wav', TIMESTAMPTZ '2025-11-26T18:40:47.378028Z', 'grubot', TRUE, 'hero_grubot_region_mechanika_message', 'mechanika', TIMESTAMPTZ '2025-11-26T18:40:47.378028Z');
INSERT INTO alchimalia_schema."HeroMessages" ("Id", "AudioUrl", "CreatedAt", "HeroId", "IsActive", "MessageKey", "RegionId", "UpdatedAt")
VALUES ('befceaf3-b75b-4f99-8bce-e2e9d426aa54', 'audio/ro-ro/tol/hero-speach/grubot/hero_grubot_region_neptunia_message.wav', TIMESTAMPTZ '2025-11-26T18:40:47.378029Z', 'grubot', TRUE, 'hero_grubot_region_neptunia_message', 'neptunia', TIMESTAMPTZ '2025-11-26T18:40:47.378029Z');
INSERT INTO alchimalia_schema."HeroMessages" ("Id", "AudioUrl", "CreatedAt", "HeroId", "IsActive", "MessageKey", "RegionId", "UpdatedAt")
VALUES ('c480afe9-adbf-40d7-8513-5772872178e0', 'audio/ro-ro/tol/hero-speach/puf-puf/hero_puf-puf_region_kelo_ketis_message.wav', TIMESTAMPTZ '2025-11-26T18:40:47.378025Z', 'puf-puf', TRUE, 'hero_puf-puf_region_kelo_ketis_message', 'kelo-ketis', TIMESTAMPTZ '2025-11-26T18:40:47.378025Z');
INSERT INTO alchimalia_schema."HeroMessages" ("Id", "AudioUrl", "CreatedAt", "HeroId", "IsActive", "MessageKey", "RegionId", "UpdatedAt")
VALUES ('c5670208-640d-43bd-9eb5-ec39f8032f24', 'audio/ro-ro/tol/hero-speach/puf-puf/hero_puf-puf_region_gateway_message.wav', TIMESTAMPTZ '2025-11-26T18:40:47.378019Z', 'puf-puf', TRUE, 'hero_puf-puf_region_gateway_message', 'gateway', TIMESTAMPTZ '2025-11-26T18:40:47.378019Z');
INSERT INTO alchimalia_schema."HeroMessages" ("Id", "AudioUrl", "CreatedAt", "HeroId", "IsActive", "MessageKey", "RegionId", "UpdatedAt")
VALUES ('cd670e6c-4474-4c36-b0fe-f74aaacc50a5', 'audio/ro-ro/tol/hero-speach/linkaro/hero_linkaro_region_pyron_message.wav', TIMESTAMPTZ '2025-11-26T18:40:47.378027Z', 'linkaro', TRUE, 'hero_linkaro_region_pyron_message', 'pyron', TIMESTAMPTZ '2025-11-26T18:40:47.378027Z');
INSERT INTO alchimalia_schema."HeroMessages" ("Id", "AudioUrl", "CreatedAt", "HeroId", "IsActive", "MessageKey", "RegionId", "UpdatedAt")
VALUES ('d47fc9b2-7595-4433-a8d5-558333e911e9', 'audio/ro-ro/tol/hero-speach/grubot/hero_grubot_region_lunaria_message.wav', TIMESTAMPTZ '2025-11-26T18:40:47.378028Z', 'grubot', TRUE, 'hero_grubot_region_lunaria_message', 'lunaria', TIMESTAMPTZ '2025-11-26T18:40:47.378028Z');
INSERT INTO alchimalia_schema."HeroMessages" ("Id", "AudioUrl", "CreatedAt", "HeroId", "IsActive", "MessageKey", "RegionId", "UpdatedAt")
VALUES ('d4de0633-61c4-47f3-b755-0e523af02ed8', 'audio/ro-ro/tol/hero-speach/puf-puf/hero_puf-puf_region_lunaria_message.wav', TIMESTAMPTZ '2025-11-26T18:40:47.37802Z', 'puf-puf', TRUE, 'hero_puf-puf_region_lunaria_message', 'lunaria', TIMESTAMPTZ '2025-11-26T18:40:47.37802Z');
INSERT INTO alchimalia_schema."HeroMessages" ("Id", "AudioUrl", "CreatedAt", "HeroId", "IsActive", "MessageKey", "RegionId", "UpdatedAt")
VALUES ('d9f9f339-43eb-4958-80ec-418b12025177', 'audio/ro-ro/tol/hero-speach/puf-puf/hero_puf-puf_region_neptunia_message.wav', TIMESTAMPTZ '2025-11-26T18:40:47.378025Z', 'puf-puf', TRUE, 'hero_puf-puf_region_neptunia_message', 'neptunia', TIMESTAMPTZ '2025-11-26T18:40:47.378025Z');
INSERT INTO alchimalia_schema."HeroMessages" ("Id", "AudioUrl", "CreatedAt", "HeroId", "IsActive", "MessageKey", "RegionId", "UpdatedAt")
VALUES ('e19aa3c2-440d-46df-b2dd-a9660ad8cb35', 'audio/ro-ro/tol/hero-speach/linkaro/hero_linkaro_region_kelo_ketis_message.wav', TIMESTAMPTZ '2025-11-26T18:40:47.378027Z', 'linkaro', TRUE, 'hero_linkaro_region_kelo_ketis_message', 'kelo-ketis', TIMESTAMPTZ '2025-11-26T18:40:47.378027Z');
INSERT INTO alchimalia_schema."HeroMessages" ("Id", "AudioUrl", "CreatedAt", "HeroId", "IsActive", "MessageKey", "RegionId", "UpdatedAt")
VALUES ('ef3dd111-bfc1-41aa-8f2a-be75c4e135e5', 'audio/ro-ro/tol/hero-speach/grubot/hero_grubot_region_zephyra_message.wav', TIMESTAMPTZ '2025-11-26T18:40:47.378029Z', 'grubot', TRUE, 'hero_grubot_region_zephyra_message', 'zephyra', TIMESTAMPTZ '2025-11-26T18:40:47.378029Z');
INSERT INTO alchimalia_schema."HeroMessages" ("Id", "AudioUrl", "CreatedAt", "HeroId", "IsActive", "MessageKey", "RegionId", "UpdatedAt")
VALUES ('efd682b9-07e3-485e-bea7-a01f68999dae', 'audio/ro-ro/tol/hero-speach/linkaro/hero_linkaro_region_gateway_message.wav', TIMESTAMPTZ '2025-11-26T18:40:47.378025Z', 'linkaro', TRUE, 'hero_linkaro_region_gateway_message', 'gateway', TIMESTAMPTZ '2025-11-26T18:40:47.378025Z');
INSERT INTO alchimalia_schema."HeroMessages" ("Id", "AudioUrl", "CreatedAt", "HeroId", "IsActive", "MessageKey", "RegionId", "UpdatedAt")
VALUES ('fe6d4822-e85e-43fa-854e-f2c8c4a67511', 'audio/ro-ro/tol/hero-speach/puf-puf/hero_puf-puf_region_aetherion_message.wav', TIMESTAMPTZ '2025-11-26T18:40:47.378025Z', 'puf-puf', TRUE, 'hero_puf-puf_region_aetherion_message', 'aetherion', TIMESTAMPTZ '2025-11-26T18:40:47.378025Z');

INSERT INTO alchimalia_schema."Regions" ("Id", "Name")
VALUES ('10000000-0000-0000-0000-000000000001', 'Sahara');
INSERT INTO alchimalia_schema."Regions" ("Id", "Name")
VALUES ('10000000-0000-0000-0000-000000000002', 'Jungle');
INSERT INTO alchimalia_schema."Regions" ("Id", "Name")
VALUES ('10000000-0000-0000-0000-000000000003', 'Farm');
INSERT INTO alchimalia_schema."Regions" ("Id", "Name")
VALUES ('10000000-0000-0000-0000-000000000004', 'Savanna');
INSERT INTO alchimalia_schema."Regions" ("Id", "Name")
VALUES ('10000000-0000-0000-0000-000000000005', 'Forest');
INSERT INTO alchimalia_schema."Regions" ("Id", "Name")
VALUES ('10000000-0000-0000-0000-000000000006', 'Wetlands');
INSERT INTO alchimalia_schema."Regions" ("Id", "Name")
VALUES ('10000000-0000-0000-0000-000000000007', 'Mountains');

INSERT INTO alchimalia_schema."StoryHeroes" ("Id", "CreatedAt", "HeroId", "ImageUrl", "IsActive", "UnlockConditionJson", "UpdatedAt")
VALUES ('00000000-0000-0000-0000-000000000100', TIMESTAMPTZ '2025-11-26T18:40:47.377352Z', 'puf-puf', 'images/tol/stories/seed@alchimalia.com/intro-pufpuf/heroes/pufpufblink.gif', TRUE, '{"Type":"story_completion","RequiredStories":["intro-pufpuf"],"MinProgress":100}', TIMESTAMPTZ '2025-11-26T18:40:47.377352Z');
INSERT INTO alchimalia_schema."StoryHeroes" ("Id", "CreatedAt", "HeroId", "ImageUrl", "IsActive", "UnlockConditionJson", "UpdatedAt")
VALUES ('11111111-1111-1111-1111-111111111100', TIMESTAMPTZ '2025-11-26T18:40:47.377353Z', 'linkaro', 'images/tol/stories/seed@alchimalia.com/lunaria-s1/heroes/linkaro.png', TRUE, '{"Type":"story_completion","RequiredStories":["lunaria-s1"],"MinProgress":100}', TIMESTAMPTZ '2025-11-26T18:40:47.377353Z');
INSERT INTO alchimalia_schema."StoryHeroes" ("Id", "CreatedAt", "HeroId", "ImageUrl", "IsActive", "UnlockConditionJson", "UpdatedAt")
VALUES ('22222222-2222-2222-2222-222222222200', TIMESTAMPTZ '2025-11-26T18:40:47.377354Z', 'grubot', 'images/tol/stories/seed@alchimalia.com/mechanika-s1/heroes/grubot.png', TRUE, '{"Type":"story_completion","RequiredStories":["mechanika-s1"],"MinProgress":100}', TIMESTAMPTZ '2025-11-26T18:40:47.377354Z');

INSERT INTO alchimalia_schema."Animals" ("Id", "Label", "RegionId", "Src")
VALUES ('00000000-0000-0000-0000-000000000001', 'Bunny', '10000000-0000-0000-0000-000000000003', 'images/animals/base/bunny.jpg');
INSERT INTO alchimalia_schema."Animals" ("Id", "Label", "RegionId", "Src")
VALUES ('00000000-0000-0000-0000-000000000002', 'Hippo', '10000000-0000-0000-0000-000000000006', 'images/animals/base/hippo.jpg');
INSERT INTO alchimalia_schema."Animals" ("Id", "Label", "RegionId", "Src")
VALUES ('00000000-0000-0000-0000-000000000003', 'Giraffe', '10000000-0000-0000-0000-000000000004', 'images/animals/base/giraffe.jpg');
INSERT INTO alchimalia_schema."Animals" ("Id", "Label", "RegionId", "Src")
VALUES ('00000000-0000-0000-0000-000000000004', 'Dog', '10000000-0000-0000-0000-000000000003', 'images/animals/base/dog.jpg');
INSERT INTO alchimalia_schema."Animals" ("Id", "Label", "RegionId", "Src")
VALUES ('00000000-0000-0000-0000-000000000005', 'Fox', '10000000-0000-0000-0000-000000000005', 'images/animals/base/fox.jpg');
INSERT INTO alchimalia_schema."Animals" ("Id", "Label", "RegionId", "Src")
VALUES ('00000000-0000-0000-0000-000000000006', 'Cat', '10000000-0000-0000-0000-000000000003', 'images/animals/base/cat.jpg');
INSERT INTO alchimalia_schema."Animals" ("Id", "Label", "RegionId", "Src")
VALUES ('00000000-0000-0000-0000-000000000007', 'Monkey', '10000000-0000-0000-0000-000000000002', 'images/animals/base/monkey.jpg');
INSERT INTO alchimalia_schema."Animals" ("Id", "Label", "RegionId", "Src")
VALUES ('00000000-0000-0000-0000-000000000008', 'Camel', '10000000-0000-0000-0000-000000000001', 'images/animals/base/camel.jpg');
INSERT INTO alchimalia_schema."Animals" ("Id", "Label", "RegionId", "Src")
VALUES ('00000000-0000-0000-0000-000000000009', 'Deer', '10000000-0000-0000-0000-000000000005', 'images/animals/base/deer.jpg');
INSERT INTO alchimalia_schema."Animals" ("Id", "Label", "RegionId", "Src")
VALUES ('00000000-0000-0000-0000-00000000000a', 'Duck', '10000000-0000-0000-0000-000000000006', 'images/animals/base/duck.jpg');
INSERT INTO alchimalia_schema."Animals" ("Id", "Label", "RegionId", "Src")
VALUES ('00000000-0000-0000-0000-00000000000b', 'Eagle', '10000000-0000-0000-0000-000000000007', 'images/animals/base/eagle.jpg');
INSERT INTO alchimalia_schema."Animals" ("Id", "Label", "RegionId", "Src")
VALUES ('00000000-0000-0000-0000-00000000000c', 'Elephant', '10000000-0000-0000-0000-000000000004', 'images/animals/base/elephant.jpg');
INSERT INTO alchimalia_schema."Animals" ("Id", "Label", "RegionId", "Src")
VALUES ('00000000-0000-0000-0000-00000000000d', 'Ostrich', '10000000-0000-0000-0000-000000000004', 'images/animals/base/ostrich.jpg');
INSERT INTO alchimalia_schema."Animals" ("Id", "Label", "RegionId", "Src")
VALUES ('00000000-0000-0000-0000-00000000000e', 'Parrot', '10000000-0000-0000-0000-000000000002', 'images/animals/base/parrot.jpg');
INSERT INTO alchimalia_schema."Animals" ("Id", "Label", "RegionId", "Src")
VALUES ('00000000-0000-0000-0000-00000000000f', 'Jaguar', '10000000-0000-0000-0000-000000000002', 'images/animals/base/jaguar.jpg');
INSERT INTO alchimalia_schema."Animals" ("Id", "Label", "RegionId", "Src")
VALUES ('00000000-0000-0000-0000-000000000010', 'Toucan', '10000000-0000-0000-0000-000000000002', 'images/animals/base/toucan.jpg');
INSERT INTO alchimalia_schema."Animals" ("Id", "Label", "RegionId", "Src")
VALUES ('00000000-0000-0000-0000-000000000011', 'Anaconda', '10000000-0000-0000-0000-000000000002', 'images/animals/base/anaconda.jpg');
INSERT INTO alchimalia_schema."Animals" ("Id", "Label", "RegionId", "Src")
VALUES ('00000000-0000-0000-0000-000000000012', 'Capuchin Monkey', '10000000-0000-0000-0000-000000000002', 'images/animals/base/capuchin_monkey.jpg');
INSERT INTO alchimalia_schema."Animals" ("Id", "Label", "RegionId", "Src")
VALUES ('00000000-0000-0000-0000-000000000013', 'Poison Dart Frog', '10000000-0000-0000-0000-000000000002', 'images/animals/base/poison_dart_frog.jpg');
INSERT INTO alchimalia_schema."Animals" ("Id", "Label", "RegionId", "Src")
VALUES ('00000000-0000-0000-0000-000000000014', 'Lion', '10000000-0000-0000-0000-000000000004', 'images/animals/base/lion.jpg');
INSERT INTO alchimalia_schema."Animals" ("Id", "Label", "RegionId", "Src")
VALUES ('00000000-0000-0000-0000-000000000015', 'African Elephant', '10000000-0000-0000-0000-000000000004', 'images/animals/base/african_elephant.jpg');
INSERT INTO alchimalia_schema."Animals" ("Id", "Label", "RegionId", "Src")
VALUES ('00000000-0000-0000-0000-000000000016', 'Giraffe', '10000000-0000-0000-0000-000000000004', 'images/animals/base/giraffe.jpg');
INSERT INTO alchimalia_schema."Animals" ("Id", "Label", "RegionId", "Src")
VALUES ('00000000-0000-0000-0000-000000000017', 'Zebra', '10000000-0000-0000-0000-000000000004', 'images/animals/base/zebra.jpg');
INSERT INTO alchimalia_schema."Animals" ("Id", "Label", "RegionId", "Src")
VALUES ('00000000-0000-0000-0000-000000000018', 'Rhinoceros', '10000000-0000-0000-0000-000000000004', 'images/animals/base/rhinoceros.jpg');
INSERT INTO alchimalia_schema."Animals" ("Id", "Label", "RegionId", "Src")
VALUES ('00000000-0000-0000-0000-000000000019', 'Bison', '10000000-0000-0000-0000-000000000007', 'images/animals/base/bison.jpg');
INSERT INTO alchimalia_schema."Animals" ("Id", "Label", "RegionId", "Src")
VALUES ('00000000-0000-0000-0000-00000000001a', 'Saiga Antelope', '10000000-0000-0000-0000-000000000004', 'images/animals/base/saiga_antelope.jpg');
INSERT INTO alchimalia_schema."Animals" ("Id", "Label", "RegionId", "Src")
VALUES ('00000000-0000-0000-0000-00000000001b', 'Gray Wolf', '10000000-0000-0000-0000-000000000005', 'images/animals/base/gray_wolf.jpg');
INSERT INTO alchimalia_schema."Animals" ("Id", "Label", "RegionId", "Src")
VALUES ('00000000-0000-0000-0000-00000000001c', 'Przewalski''s Horse', '10000000-0000-0000-0000-000000000007', 'images/animals/base/przewalski_horse.jpg');
INSERT INTO alchimalia_schema."Animals" ("Id", "Label", "RegionId", "Src")
VALUES ('00000000-0000-0000-0000-00000000001d', 'Steppe Eagle', '10000000-0000-0000-0000-000000000007', 'images/animals/base/steppe_eagle.jpg');
INSERT INTO alchimalia_schema."Animals" ("Id", "Label", "RegionId", "Src")
VALUES ('00000000-0000-0000-0000-00000000001e', 'Cow', '10000000-0000-0000-0000-000000000003', 'images/animals/base/cow.jpg');
INSERT INTO alchimalia_schema."Animals" ("Id", "Label", "RegionId", "Src")
VALUES ('00000000-0000-0000-0000-00000000001f', 'Sheep', '10000000-0000-0000-0000-000000000003', 'images/animals/base/sheep.jpg');
INSERT INTO alchimalia_schema."Animals" ("Id", "Label", "RegionId", "Src")
VALUES ('00000000-0000-0000-0000-000000000020', 'Horse', '10000000-0000-0000-0000-000000000003', 'images/animals/base/horse.jpg');
INSERT INTO alchimalia_schema."Animals" ("Id", "Label", "RegionId", "Src")
VALUES ('00000000-0000-0000-0000-000000000021', 'Chicken', '10000000-0000-0000-0000-000000000003', 'images/animals/base/chicken.jpg');
INSERT INTO alchimalia_schema."Animals" ("Id", "Label", "RegionId", "Src")
VALUES ('00000000-0000-0000-0000-000000000022', 'Pig', '10000000-0000-0000-0000-000000000003', 'images/animals/base/pig.jpg');

INSERT INTO alchimalia_schema."BodyPartTranslations" ("Id", "BodyPartKey", "LanguageCode", "Name")
VALUES ('07deeccd-b677-4f0e-9d5b-58e937ea6006', 'horns', 'en-us', 'Horns');
INSERT INTO alchimalia_schema."BodyPartTranslations" ("Id", "BodyPartKey", "LanguageCode", "Name")
VALUES ('274952ca-a936-4639-ab67-1aecbb85bc5b', 'tail', 'en-us', 'Tail');
INSERT INTO alchimalia_schema."BodyPartTranslations" ("Id", "BodyPartKey", "LanguageCode", "Name")
VALUES ('6c36036c-86b4-4dd7-aed3-bcd915d059f2', 'arms', 'en-us', 'Arms');
INSERT INTO alchimalia_schema."BodyPartTranslations" ("Id", "BodyPartKey", "LanguageCode", "Name")
VALUES ('7f7e9e04-b282-4d5b-839b-bdebdf262f31', 'horn', 'en-us', 'Horn');
INSERT INTO alchimalia_schema."BodyPartTranslations" ("Id", "BodyPartKey", "LanguageCode", "Name")
VALUES ('8087c412-bbf8-4101-8823-9df83c8da0dc', 'body', 'en-us', 'Body');
INSERT INTO alchimalia_schema."BodyPartTranslations" ("Id", "BodyPartKey", "LanguageCode", "Name")
VALUES ('9cfcfe92-8082-4951-8d45-7dd52809a26f', 'wings', 'en-us', 'Wings');
INSERT INTO alchimalia_schema."BodyPartTranslations" ("Id", "BodyPartKey", "LanguageCode", "Name")
VALUES ('d0fcca76-457f-46ad-a4c9-2fc620e6ad82', 'legs', 'en-us', 'Legs');
INSERT INTO alchimalia_schema."BodyPartTranslations" ("Id", "BodyPartKey", "LanguageCode", "Name")
VALUES ('d6422238-61dc-43e2-89e7-e80e0b7ed26b', 'head', 'en-us', 'Head');

INSERT INTO alchimalia_schema."CreditWallets" ("UserId", "Balance", "DiscoveryBalance", "UpdatedAt")
VALUES ('33333333-3333-3333-3333-333333333333', 1000.0, 0.0, TIMESTAMPTZ '2025-11-26T18:40:47.382895Z');

INSERT INTO alchimalia_schema."StoryHeroUnlocks" ("Id", "CreatedAt", "StoryHeroId", "StoryId", "UnlockOrder")
VALUES ('60660482-e7c8-4811-a62b-ff8b8aef94e5', TIMESTAMPTZ '2025-11-26T18:40:47.377628Z', '00000000-0000-0000-0000-000000000100', 'intro-pufpuf', 1);
INSERT INTO alchimalia_schema."StoryHeroUnlocks" ("Id", "CreatedAt", "StoryHeroId", "StoryId", "UnlockOrder")
VALUES ('c418d02b-db18-4065-b910-b922a20a454e', TIMESTAMPTZ '2025-11-26T18:40:47.377631Z', '11111111-1111-1111-1111-111111111100', 'lunaria-s1', 1);
INSERT INTO alchimalia_schema."StoryHeroUnlocks" ("Id", "CreatedAt", "StoryHeroId", "StoryId", "UnlockOrder")
VALUES ('f27a146c-37ce-425b-8ece-ec9d1b3f42eb', TIMESTAMPTZ '2025-11-26T18:40:47.377633Z', '22222222-2222-2222-2222-222222222200', 'mechanika-s1', 1);

INSERT INTO alchimalia_schema."AnimalPartSupports" ("AnimalId", "PartKey")
VALUES ('00000000-0000-0000-0000-000000000001', 'arms');
INSERT INTO alchimalia_schema."AnimalPartSupports" ("AnimalId", "PartKey")
VALUES ('00000000-0000-0000-0000-000000000001', 'body');
INSERT INTO alchimalia_schema."AnimalPartSupports" ("AnimalId", "PartKey")
VALUES ('00000000-0000-0000-0000-000000000001', 'head');
INSERT INTO alchimalia_schema."AnimalPartSupports" ("AnimalId", "PartKey")
VALUES ('00000000-0000-0000-0000-000000000002', 'arms');
INSERT INTO alchimalia_schema."AnimalPartSupports" ("AnimalId", "PartKey")
VALUES ('00000000-0000-0000-0000-000000000002', 'body');
INSERT INTO alchimalia_schema."AnimalPartSupports" ("AnimalId", "PartKey")
VALUES ('00000000-0000-0000-0000-000000000002', 'head');
INSERT INTO alchimalia_schema."AnimalPartSupports" ("AnimalId", "PartKey")
VALUES ('00000000-0000-0000-0000-000000000003', 'arms');
INSERT INTO alchimalia_schema."AnimalPartSupports" ("AnimalId", "PartKey")
VALUES ('00000000-0000-0000-0000-000000000003', 'body');
INSERT INTO alchimalia_schema."AnimalPartSupports" ("AnimalId", "PartKey")
VALUES ('00000000-0000-0000-0000-000000000003', 'head');
INSERT INTO alchimalia_schema."AnimalPartSupports" ("AnimalId", "PartKey")
VALUES ('00000000-0000-0000-0000-000000000003', 'horn');
INSERT INTO alchimalia_schema."AnimalPartSupports" ("AnimalId", "PartKey")
VALUES ('00000000-0000-0000-0000-000000000003', 'horns');
INSERT INTO alchimalia_schema."AnimalPartSupports" ("AnimalId", "PartKey")
VALUES ('00000000-0000-0000-0000-000000000003', 'legs');
INSERT INTO alchimalia_schema."AnimalPartSupports" ("AnimalId", "PartKey")
VALUES ('00000000-0000-0000-0000-000000000003', 'tail');
INSERT INTO alchimalia_schema."AnimalPartSupports" ("AnimalId", "PartKey")
VALUES ('00000000-0000-0000-0000-000000000004', 'arms');
INSERT INTO alchimalia_schema."AnimalPartSupports" ("AnimalId", "PartKey")
VALUES ('00000000-0000-0000-0000-000000000004', 'body');
INSERT INTO alchimalia_schema."AnimalPartSupports" ("AnimalId", "PartKey")
VALUES ('00000000-0000-0000-0000-000000000004', 'head');
INSERT INTO alchimalia_schema."AnimalPartSupports" ("AnimalId", "PartKey")
VALUES ('00000000-0000-0000-0000-000000000005', 'arms');
INSERT INTO alchimalia_schema."AnimalPartSupports" ("AnimalId", "PartKey")
VALUES ('00000000-0000-0000-0000-000000000005', 'body');
INSERT INTO alchimalia_schema."AnimalPartSupports" ("AnimalId", "PartKey")
VALUES ('00000000-0000-0000-0000-000000000005', 'head');
INSERT INTO alchimalia_schema."AnimalPartSupports" ("AnimalId", "PartKey")
VALUES ('00000000-0000-0000-0000-000000000006', 'arms');
INSERT INTO alchimalia_schema."AnimalPartSupports" ("AnimalId", "PartKey")
VALUES ('00000000-0000-0000-0000-000000000006', 'body');
INSERT INTO alchimalia_schema."AnimalPartSupports" ("AnimalId", "PartKey")
VALUES ('00000000-0000-0000-0000-000000000006', 'head');
INSERT INTO alchimalia_schema."AnimalPartSupports" ("AnimalId", "PartKey")
VALUES ('00000000-0000-0000-0000-000000000007', 'arms');
INSERT INTO alchimalia_schema."AnimalPartSupports" ("AnimalId", "PartKey")
VALUES ('00000000-0000-0000-0000-000000000007', 'body');
INSERT INTO alchimalia_schema."AnimalPartSupports" ("AnimalId", "PartKey")
VALUES ('00000000-0000-0000-0000-000000000007', 'head');
INSERT INTO alchimalia_schema."AnimalPartSupports" ("AnimalId", "PartKey")
VALUES ('00000000-0000-0000-0000-000000000008', 'arms');
INSERT INTO alchimalia_schema."AnimalPartSupports" ("AnimalId", "PartKey")
VALUES ('00000000-0000-0000-0000-000000000008', 'body');
INSERT INTO alchimalia_schema."AnimalPartSupports" ("AnimalId", "PartKey")
VALUES ('00000000-0000-0000-0000-000000000008', 'head');
INSERT INTO alchimalia_schema."AnimalPartSupports" ("AnimalId", "PartKey")
VALUES ('00000000-0000-0000-0000-000000000009', 'arms');
INSERT INTO alchimalia_schema."AnimalPartSupports" ("AnimalId", "PartKey")
VALUES ('00000000-0000-0000-0000-000000000009', 'body');
INSERT INTO alchimalia_schema."AnimalPartSupports" ("AnimalId", "PartKey")
VALUES ('00000000-0000-0000-0000-000000000009', 'head');
INSERT INTO alchimalia_schema."AnimalPartSupports" ("AnimalId", "PartKey")
VALUES ('00000000-0000-0000-0000-000000000009', 'horn');
INSERT INTO alchimalia_schema."AnimalPartSupports" ("AnimalId", "PartKey")
VALUES ('00000000-0000-0000-0000-000000000009', 'horns');
INSERT INTO alchimalia_schema."AnimalPartSupports" ("AnimalId", "PartKey")
VALUES ('00000000-0000-0000-0000-000000000009', 'legs');
INSERT INTO alchimalia_schema."AnimalPartSupports" ("AnimalId", "PartKey")
VALUES ('00000000-0000-0000-0000-000000000009', 'tail');
INSERT INTO alchimalia_schema."AnimalPartSupports" ("AnimalId", "PartKey")
VALUES ('00000000-0000-0000-0000-00000000000a', 'arms');
INSERT INTO alchimalia_schema."AnimalPartSupports" ("AnimalId", "PartKey")
VALUES ('00000000-0000-0000-0000-00000000000a', 'body');
INSERT INTO alchimalia_schema."AnimalPartSupports" ("AnimalId", "PartKey")
VALUES ('00000000-0000-0000-0000-00000000000a', 'head');
INSERT INTO alchimalia_schema."AnimalPartSupports" ("AnimalId", "PartKey")
VALUES ('00000000-0000-0000-0000-00000000000a', 'legs');
INSERT INTO alchimalia_schema."AnimalPartSupports" ("AnimalId", "PartKey")
VALUES ('00000000-0000-0000-0000-00000000000a', 'tail');
INSERT INTO alchimalia_schema."AnimalPartSupports" ("AnimalId", "PartKey")
VALUES ('00000000-0000-0000-0000-00000000000a', 'wings');
INSERT INTO alchimalia_schema."AnimalPartSupports" ("AnimalId", "PartKey")
VALUES ('00000000-0000-0000-0000-00000000000b', 'arms');
INSERT INTO alchimalia_schema."AnimalPartSupports" ("AnimalId", "PartKey")
VALUES ('00000000-0000-0000-0000-00000000000b', 'body');
INSERT INTO alchimalia_schema."AnimalPartSupports" ("AnimalId", "PartKey")
VALUES ('00000000-0000-0000-0000-00000000000b', 'head');
INSERT INTO alchimalia_schema."AnimalPartSupports" ("AnimalId", "PartKey")
VALUES ('00000000-0000-0000-0000-00000000000b', 'legs');
INSERT INTO alchimalia_schema."AnimalPartSupports" ("AnimalId", "PartKey")
VALUES ('00000000-0000-0000-0000-00000000000b', 'tail');
INSERT INTO alchimalia_schema."AnimalPartSupports" ("AnimalId", "PartKey")
VALUES ('00000000-0000-0000-0000-00000000000b', 'wings');
INSERT INTO alchimalia_schema."AnimalPartSupports" ("AnimalId", "PartKey")
VALUES ('00000000-0000-0000-0000-00000000000c', 'arms');
INSERT INTO alchimalia_schema."AnimalPartSupports" ("AnimalId", "PartKey")
VALUES ('00000000-0000-0000-0000-00000000000c', 'body');
INSERT INTO alchimalia_schema."AnimalPartSupports" ("AnimalId", "PartKey")
VALUES ('00000000-0000-0000-0000-00000000000c', 'head');
INSERT INTO alchimalia_schema."AnimalPartSupports" ("AnimalId", "PartKey")
VALUES ('00000000-0000-0000-0000-00000000000d', 'arms');
INSERT INTO alchimalia_schema."AnimalPartSupports" ("AnimalId", "PartKey")
VALUES ('00000000-0000-0000-0000-00000000000d', 'body');
INSERT INTO alchimalia_schema."AnimalPartSupports" ("AnimalId", "PartKey")
VALUES ('00000000-0000-0000-0000-00000000000d', 'head');
INSERT INTO alchimalia_schema."AnimalPartSupports" ("AnimalId", "PartKey")
VALUES ('00000000-0000-0000-0000-00000000000d', 'legs');
INSERT INTO alchimalia_schema."AnimalPartSupports" ("AnimalId", "PartKey")
VALUES ('00000000-0000-0000-0000-00000000000d', 'tail');
INSERT INTO alchimalia_schema."AnimalPartSupports" ("AnimalId", "PartKey")
VALUES ('00000000-0000-0000-0000-00000000000d', 'wings');
INSERT INTO alchimalia_schema."AnimalPartSupports" ("AnimalId", "PartKey")
VALUES ('00000000-0000-0000-0000-00000000000e', 'arms');
INSERT INTO alchimalia_schema."AnimalPartSupports" ("AnimalId", "PartKey")
VALUES ('00000000-0000-0000-0000-00000000000e', 'body');
INSERT INTO alchimalia_schema."AnimalPartSupports" ("AnimalId", "PartKey")
VALUES ('00000000-0000-0000-0000-00000000000e', 'head');
INSERT INTO alchimalia_schema."AnimalPartSupports" ("AnimalId", "PartKey")
VALUES ('00000000-0000-0000-0000-00000000000e', 'legs');
INSERT INTO alchimalia_schema."AnimalPartSupports" ("AnimalId", "PartKey")
VALUES ('00000000-0000-0000-0000-00000000000e', 'tail');
INSERT INTO alchimalia_schema."AnimalPartSupports" ("AnimalId", "PartKey")
VALUES ('00000000-0000-0000-0000-00000000000e', 'wings');
INSERT INTO alchimalia_schema."AnimalPartSupports" ("AnimalId", "PartKey")
VALUES ('00000000-0000-0000-0000-00000000000f', 'arms');
INSERT INTO alchimalia_schema."AnimalPartSupports" ("AnimalId", "PartKey")
VALUES ('00000000-0000-0000-0000-00000000000f', 'body');
INSERT INTO alchimalia_schema."AnimalPartSupports" ("AnimalId", "PartKey")
VALUES ('00000000-0000-0000-0000-00000000000f', 'head');
INSERT INTO alchimalia_schema."AnimalPartSupports" ("AnimalId", "PartKey")
VALUES ('00000000-0000-0000-0000-000000000010', 'arms');
INSERT INTO alchimalia_schema."AnimalPartSupports" ("AnimalId", "PartKey")
VALUES ('00000000-0000-0000-0000-000000000010', 'body');
INSERT INTO alchimalia_schema."AnimalPartSupports" ("AnimalId", "PartKey")
VALUES ('00000000-0000-0000-0000-000000000010', 'head');
INSERT INTO alchimalia_schema."AnimalPartSupports" ("AnimalId", "PartKey")
VALUES ('00000000-0000-0000-0000-000000000010', 'legs');
INSERT INTO alchimalia_schema."AnimalPartSupports" ("AnimalId", "PartKey")
VALUES ('00000000-0000-0000-0000-000000000010', 'tail');
INSERT INTO alchimalia_schema."AnimalPartSupports" ("AnimalId", "PartKey")
VALUES ('00000000-0000-0000-0000-000000000010', 'wings');
INSERT INTO alchimalia_schema."AnimalPartSupports" ("AnimalId", "PartKey")
VALUES ('00000000-0000-0000-0000-000000000011', 'body');
INSERT INTO alchimalia_schema."AnimalPartSupports" ("AnimalId", "PartKey")
VALUES ('00000000-0000-0000-0000-000000000011', 'head');
INSERT INTO alchimalia_schema."AnimalPartSupports" ("AnimalId", "PartKey")
VALUES ('00000000-0000-0000-0000-000000000011', 'tail');
INSERT INTO alchimalia_schema."AnimalPartSupports" ("AnimalId", "PartKey")
VALUES ('00000000-0000-0000-0000-000000000012', 'arms');
INSERT INTO alchimalia_schema."AnimalPartSupports" ("AnimalId", "PartKey")
VALUES ('00000000-0000-0000-0000-000000000012', 'body');
INSERT INTO alchimalia_schema."AnimalPartSupports" ("AnimalId", "PartKey")
VALUES ('00000000-0000-0000-0000-000000000012', 'head');
INSERT INTO alchimalia_schema."AnimalPartSupports" ("AnimalId", "PartKey")
VALUES ('00000000-0000-0000-0000-000000000013', 'body');
INSERT INTO alchimalia_schema."AnimalPartSupports" ("AnimalId", "PartKey")
VALUES ('00000000-0000-0000-0000-000000000013', 'head');
INSERT INTO alchimalia_schema."AnimalPartSupports" ("AnimalId", "PartKey")
VALUES ('00000000-0000-0000-0000-000000000013', 'legs');
INSERT INTO alchimalia_schema."AnimalPartSupports" ("AnimalId", "PartKey")
VALUES ('00000000-0000-0000-0000-000000000013', 'tail');
INSERT INTO alchimalia_schema."AnimalPartSupports" ("AnimalId", "PartKey")
VALUES ('00000000-0000-0000-0000-000000000014', 'arms');
INSERT INTO alchimalia_schema."AnimalPartSupports" ("AnimalId", "PartKey")
VALUES ('00000000-0000-0000-0000-000000000014', 'body');
INSERT INTO alchimalia_schema."AnimalPartSupports" ("AnimalId", "PartKey")
VALUES ('00000000-0000-0000-0000-000000000014', 'head');
INSERT INTO alchimalia_schema."AnimalPartSupports" ("AnimalId", "PartKey")
VALUES ('00000000-0000-0000-0000-000000000015', 'arms');
INSERT INTO alchimalia_schema."AnimalPartSupports" ("AnimalId", "PartKey")
VALUES ('00000000-0000-0000-0000-000000000015', 'body');
INSERT INTO alchimalia_schema."AnimalPartSupports" ("AnimalId", "PartKey")
VALUES ('00000000-0000-0000-0000-000000000015', 'head');
INSERT INTO alchimalia_schema."AnimalPartSupports" ("AnimalId", "PartKey")
VALUES ('00000000-0000-0000-0000-000000000016', 'arms');
INSERT INTO alchimalia_schema."AnimalPartSupports" ("AnimalId", "PartKey")
VALUES ('00000000-0000-0000-0000-000000000016', 'body');
INSERT INTO alchimalia_schema."AnimalPartSupports" ("AnimalId", "PartKey")
VALUES ('00000000-0000-0000-0000-000000000016', 'head');
INSERT INTO alchimalia_schema."AnimalPartSupports" ("AnimalId", "PartKey")
VALUES ('00000000-0000-0000-0000-000000000016', 'legs');
INSERT INTO alchimalia_schema."AnimalPartSupports" ("AnimalId", "PartKey")
VALUES ('00000000-0000-0000-0000-000000000016', 'tail');
INSERT INTO alchimalia_schema."AnimalPartSupports" ("AnimalId", "PartKey")
VALUES ('00000000-0000-0000-0000-000000000017', 'arms');
INSERT INTO alchimalia_schema."AnimalPartSupports" ("AnimalId", "PartKey")
VALUES ('00000000-0000-0000-0000-000000000017', 'body');
INSERT INTO alchimalia_schema."AnimalPartSupports" ("AnimalId", "PartKey")
VALUES ('00000000-0000-0000-0000-000000000017', 'head');
INSERT INTO alchimalia_schema."AnimalPartSupports" ("AnimalId", "PartKey")
VALUES ('00000000-0000-0000-0000-000000000017', 'legs');
INSERT INTO alchimalia_schema."AnimalPartSupports" ("AnimalId", "PartKey")
VALUES ('00000000-0000-0000-0000-000000000017', 'tail');
INSERT INTO alchimalia_schema."AnimalPartSupports" ("AnimalId", "PartKey")
VALUES ('00000000-0000-0000-0000-000000000018', 'arms');
INSERT INTO alchimalia_schema."AnimalPartSupports" ("AnimalId", "PartKey")
VALUES ('00000000-0000-0000-0000-000000000018', 'body');
INSERT INTO alchimalia_schema."AnimalPartSupports" ("AnimalId", "PartKey")
VALUES ('00000000-0000-0000-0000-000000000018', 'head');
INSERT INTO alchimalia_schema."AnimalPartSupports" ("AnimalId", "PartKey")
VALUES ('00000000-0000-0000-0000-000000000018', 'horn');
INSERT INTO alchimalia_schema."AnimalPartSupports" ("AnimalId", "PartKey")
VALUES ('00000000-0000-0000-0000-000000000018', 'legs');
INSERT INTO alchimalia_schema."AnimalPartSupports" ("AnimalId", "PartKey")
VALUES ('00000000-0000-0000-0000-000000000018', 'tail');
INSERT INTO alchimalia_schema."AnimalPartSupports" ("AnimalId", "PartKey")
VALUES ('00000000-0000-0000-0000-000000000019', 'arms');
INSERT INTO alchimalia_schema."AnimalPartSupports" ("AnimalId", "PartKey")
VALUES ('00000000-0000-0000-0000-000000000019', 'body');
INSERT INTO alchimalia_schema."AnimalPartSupports" ("AnimalId", "PartKey")
VALUES ('00000000-0000-0000-0000-000000000019', 'head');
INSERT INTO alchimalia_schema."AnimalPartSupports" ("AnimalId", "PartKey")
VALUES ('00000000-0000-0000-0000-00000000001a', 'arms');
INSERT INTO alchimalia_schema."AnimalPartSupports" ("AnimalId", "PartKey")
VALUES ('00000000-0000-0000-0000-00000000001a', 'body');
INSERT INTO alchimalia_schema."AnimalPartSupports" ("AnimalId", "PartKey")
VALUES ('00000000-0000-0000-0000-00000000001a', 'head');
INSERT INTO alchimalia_schema."AnimalPartSupports" ("AnimalId", "PartKey")
VALUES ('00000000-0000-0000-0000-00000000001a', 'horns');
INSERT INTO alchimalia_schema."AnimalPartSupports" ("AnimalId", "PartKey")
VALUES ('00000000-0000-0000-0000-00000000001a', 'legs');
INSERT INTO alchimalia_schema."AnimalPartSupports" ("AnimalId", "PartKey")
VALUES ('00000000-0000-0000-0000-00000000001a', 'tail');
INSERT INTO alchimalia_schema."AnimalPartSupports" ("AnimalId", "PartKey")
VALUES ('00000000-0000-0000-0000-00000000001b', 'arms');
INSERT INTO alchimalia_schema."AnimalPartSupports" ("AnimalId", "PartKey")
VALUES ('00000000-0000-0000-0000-00000000001b', 'body');
INSERT INTO alchimalia_schema."AnimalPartSupports" ("AnimalId", "PartKey")
VALUES ('00000000-0000-0000-0000-00000000001b', 'head');
INSERT INTO alchimalia_schema."AnimalPartSupports" ("AnimalId", "PartKey")
VALUES ('00000000-0000-0000-0000-00000000001c', 'arms');
INSERT INTO alchimalia_schema."AnimalPartSupports" ("AnimalId", "PartKey")
VALUES ('00000000-0000-0000-0000-00000000001c', 'body');
INSERT INTO alchimalia_schema."AnimalPartSupports" ("AnimalId", "PartKey")
VALUES ('00000000-0000-0000-0000-00000000001c', 'head');
INSERT INTO alchimalia_schema."AnimalPartSupports" ("AnimalId", "PartKey")
VALUES ('00000000-0000-0000-0000-00000000001c', 'legs');
INSERT INTO alchimalia_schema."AnimalPartSupports" ("AnimalId", "PartKey")
VALUES ('00000000-0000-0000-0000-00000000001c', 'tail');
INSERT INTO alchimalia_schema."AnimalPartSupports" ("AnimalId", "PartKey")
VALUES ('00000000-0000-0000-0000-00000000001d', 'arms');
INSERT INTO alchimalia_schema."AnimalPartSupports" ("AnimalId", "PartKey")
VALUES ('00000000-0000-0000-0000-00000000001d', 'body');
INSERT INTO alchimalia_schema."AnimalPartSupports" ("AnimalId", "PartKey")
VALUES ('00000000-0000-0000-0000-00000000001d', 'head');
INSERT INTO alchimalia_schema."AnimalPartSupports" ("AnimalId", "PartKey")
VALUES ('00000000-0000-0000-0000-00000000001d', 'legs');
INSERT INTO alchimalia_schema."AnimalPartSupports" ("AnimalId", "PartKey")
VALUES ('00000000-0000-0000-0000-00000000001d', 'tail');
INSERT INTO alchimalia_schema."AnimalPartSupports" ("AnimalId", "PartKey")
VALUES ('00000000-0000-0000-0000-00000000001d', 'wings');
INSERT INTO alchimalia_schema."AnimalPartSupports" ("AnimalId", "PartKey")
VALUES ('00000000-0000-0000-0000-00000000001e', 'arms');
INSERT INTO alchimalia_schema."AnimalPartSupports" ("AnimalId", "PartKey")
VALUES ('00000000-0000-0000-0000-00000000001e', 'body');
INSERT INTO alchimalia_schema."AnimalPartSupports" ("AnimalId", "PartKey")
VALUES ('00000000-0000-0000-0000-00000000001e', 'head');
INSERT INTO alchimalia_schema."AnimalPartSupports" ("AnimalId", "PartKey")
VALUES ('00000000-0000-0000-0000-00000000001f', 'arms');
INSERT INTO alchimalia_schema."AnimalPartSupports" ("AnimalId", "PartKey")
VALUES ('00000000-0000-0000-0000-00000000001f', 'body');
INSERT INTO alchimalia_schema."AnimalPartSupports" ("AnimalId", "PartKey")
VALUES ('00000000-0000-0000-0000-00000000001f', 'head');
INSERT INTO alchimalia_schema."AnimalPartSupports" ("AnimalId", "PartKey")
VALUES ('00000000-0000-0000-0000-000000000020', 'arms');
INSERT INTO alchimalia_schema."AnimalPartSupports" ("AnimalId", "PartKey")
VALUES ('00000000-0000-0000-0000-000000000020', 'body');
INSERT INTO alchimalia_schema."AnimalPartSupports" ("AnimalId", "PartKey")
VALUES ('00000000-0000-0000-0000-000000000020', 'head');
INSERT INTO alchimalia_schema."AnimalPartSupports" ("AnimalId", "PartKey")
VALUES ('00000000-0000-0000-0000-000000000020', 'legs');
INSERT INTO alchimalia_schema."AnimalPartSupports" ("AnimalId", "PartKey")
VALUES ('00000000-0000-0000-0000-000000000020', 'tail');
INSERT INTO alchimalia_schema."AnimalPartSupports" ("AnimalId", "PartKey")
VALUES ('00000000-0000-0000-0000-000000000021', 'arms');
INSERT INTO alchimalia_schema."AnimalPartSupports" ("AnimalId", "PartKey")
VALUES ('00000000-0000-0000-0000-000000000021', 'body');
INSERT INTO alchimalia_schema."AnimalPartSupports" ("AnimalId", "PartKey")
VALUES ('00000000-0000-0000-0000-000000000021', 'head');
INSERT INTO alchimalia_schema."AnimalPartSupports" ("AnimalId", "PartKey")
VALUES ('00000000-0000-0000-0000-000000000021', 'legs');
INSERT INTO alchimalia_schema."AnimalPartSupports" ("AnimalId", "PartKey")
VALUES ('00000000-0000-0000-0000-000000000021', 'tail');
INSERT INTO alchimalia_schema."AnimalPartSupports" ("AnimalId", "PartKey")
VALUES ('00000000-0000-0000-0000-000000000021', 'wings');
INSERT INTO alchimalia_schema."AnimalPartSupports" ("AnimalId", "PartKey")
VALUES ('00000000-0000-0000-0000-000000000022', 'arms');
INSERT INTO alchimalia_schema."AnimalPartSupports" ("AnimalId", "PartKey")
VALUES ('00000000-0000-0000-0000-000000000022', 'body');
INSERT INTO alchimalia_schema."AnimalPartSupports" ("AnimalId", "PartKey")
VALUES ('00000000-0000-0000-0000-000000000022', 'head');

INSERT INTO alchimalia_schema."AnimalTranslations" ("Id", "AnimalId", "Label", "LanguageCode")
VALUES ('003614ca-880e-4c87-9497-ba00bb755633', '00000000-0000-0000-0000-00000000001a', 'Saiga Antelope', 'en-us');
INSERT INTO alchimalia_schema."AnimalTranslations" ("Id", "AnimalId", "Label", "LanguageCode")
VALUES ('0abf406a-0dd7-4310-baf3-80eff206a879', '00000000-0000-0000-0000-000000000003', 'Giraffe', 'en-us');
INSERT INTO alchimalia_schema."AnimalTranslations" ("Id", "AnimalId", "Label", "LanguageCode")
VALUES ('0bae418c-cd02-4fe0-8cae-ba0709b27843', '00000000-0000-0000-0000-000000000017', 'Zebra', 'en-us');
INSERT INTO alchimalia_schema."AnimalTranslations" ("Id", "AnimalId", "Label", "LanguageCode")
VALUES ('0f7f5fcf-cdd4-4a2f-aee6-04c11ef21c7e', '00000000-0000-0000-0000-000000000001', 'Bunny', 'en-us');
INSERT INTO alchimalia_schema."AnimalTranslations" ("Id", "AnimalId", "Label", "LanguageCode")
VALUES ('15a3d6f3-3d5d-484c-b5a0-c2b3e3598c44', '00000000-0000-0000-0000-000000000019', 'Bison', 'en-us');
INSERT INTO alchimalia_schema."AnimalTranslations" ("Id", "AnimalId", "Label", "LanguageCode")
VALUES ('231d5136-a8bd-4e1c-a5ed-6a46156db1f4', '00000000-0000-0000-0000-00000000001b', 'Gray Wolf', 'en-us');
INSERT INTO alchimalia_schema."AnimalTranslations" ("Id", "AnimalId", "Label", "LanguageCode")
VALUES ('2f194465-3e7e-4df3-8ada-f3eef714762a', '00000000-0000-0000-0000-000000000008', 'Camel', 'en-us');
INSERT INTO alchimalia_schema."AnimalTranslations" ("Id", "AnimalId", "Label", "LanguageCode")
VALUES ('2f8fc3a2-3aec-4512-974d-17ecba506217', '00000000-0000-0000-0000-00000000000f', 'Jaguar', 'en-us');
INSERT INTO alchimalia_schema."AnimalTranslations" ("Id", "AnimalId", "Label", "LanguageCode")
VALUES ('2ff01efe-f322-457c-a93a-ca67b88cfced', '00000000-0000-0000-0000-00000000000a', 'Duck', 'en-us');
INSERT INTO alchimalia_schema."AnimalTranslations" ("Id", "AnimalId", "Label", "LanguageCode")
VALUES ('33bf19be-1d72-49b3-b3c1-e9bb329f4316', '00000000-0000-0000-0000-00000000000c', 'Elephant', 'en-us');
INSERT INTO alchimalia_schema."AnimalTranslations" ("Id", "AnimalId", "Label", "LanguageCode")
VALUES ('36d80ca6-8f78-42ad-b970-e2caa6d865a8', '00000000-0000-0000-0000-000000000018', 'Rhinoceros', 'en-us');
INSERT INTO alchimalia_schema."AnimalTranslations" ("Id", "AnimalId", "Label", "LanguageCode")
VALUES ('414d0a9d-70e6-42b5-a45e-42cef178d372', '00000000-0000-0000-0000-00000000001c', 'Przewalski''s Horse', 'en-us');
INSERT INTO alchimalia_schema."AnimalTranslations" ("Id", "AnimalId", "Label", "LanguageCode")
VALUES ('514a3b0f-b005-4821-b7a8-d8286495950b', '00000000-0000-0000-0000-000000000013', 'Poison Dart Frog', 'en-us');
INSERT INTO alchimalia_schema."AnimalTranslations" ("Id", "AnimalId", "Label", "LanguageCode")
VALUES ('59bfa96d-3739-486e-9f06-4f9d1c2160d3', '00000000-0000-0000-0000-000000000005', 'Fox', 'en-us');
INSERT INTO alchimalia_schema."AnimalTranslations" ("Id", "AnimalId", "Label", "LanguageCode")
VALUES ('5fdbd7d2-d8d7-4758-93aa-23aff9740cfb', '00000000-0000-0000-0000-000000000004', 'Dog', 'en-us');
INSERT INTO alchimalia_schema."AnimalTranslations" ("Id", "AnimalId", "Label", "LanguageCode")
VALUES ('6d8f580f-92ae-44cf-8114-e6b4676e97dd', '00000000-0000-0000-0000-000000000016', 'Giraffe', 'en-us');
INSERT INTO alchimalia_schema."AnimalTranslations" ("Id", "AnimalId", "Label", "LanguageCode")
VALUES ('714399e4-8272-4bd1-92bc-b0e2569214ad', '00000000-0000-0000-0000-00000000001f', 'Sheep', 'en-us');
INSERT INTO alchimalia_schema."AnimalTranslations" ("Id", "AnimalId", "Label", "LanguageCode")
VALUES ('727e2e83-2957-47ec-945a-155d080c08e9', '00000000-0000-0000-0000-000000000021', 'Chicken', 'en-us');
INSERT INTO alchimalia_schema."AnimalTranslations" ("Id", "AnimalId", "Label", "LanguageCode")
VALUES ('72d3368c-de7d-4a00-a738-f5ab2fd1487a', '00000000-0000-0000-0000-000000000014', 'Lion', 'en-us');
INSERT INTO alchimalia_schema."AnimalTranslations" ("Id", "AnimalId", "Label", "LanguageCode")
VALUES ('7d95f51f-5d2d-42e6-8df4-f35a0dcfe4fb', '00000000-0000-0000-0000-00000000000b', 'Eagle', 'en-us');
INSERT INTO alchimalia_schema."AnimalTranslations" ("Id", "AnimalId", "Label", "LanguageCode")
VALUES ('826fcdf4-4ac5-4619-b1be-a54d3bdd7513', '00000000-0000-0000-0000-000000000007', 'Monkey', 'en-us');
INSERT INTO alchimalia_schema."AnimalTranslations" ("Id", "AnimalId", "Label", "LanguageCode")
VALUES ('82f383c1-7caa-4c12-88e6-7099bfd4e6a9', '00000000-0000-0000-0000-00000000001d', 'Steppe Eagle', 'en-us');
INSERT INTO alchimalia_schema."AnimalTranslations" ("Id", "AnimalId", "Label", "LanguageCode")
VALUES ('8473a1b9-5b1c-4377-9e6d-b6d6692b59a1', '00000000-0000-0000-0000-000000000012', 'Capuchin Monkey', 'en-us');
INSERT INTO alchimalia_schema."AnimalTranslations" ("Id", "AnimalId", "Label", "LanguageCode")
VALUES ('8490cf98-c482-4ed2-9219-030af6962ec1', '00000000-0000-0000-0000-00000000001e', 'Cow', 'en-us');
INSERT INTO alchimalia_schema."AnimalTranslations" ("Id", "AnimalId", "Label", "LanguageCode")
VALUES ('9a519ce6-9b80-4d0f-9830-65815451d93c', '00000000-0000-0000-0000-000000000006', 'Cat', 'en-us');
INSERT INTO alchimalia_schema."AnimalTranslations" ("Id", "AnimalId", "Label", "LanguageCode")
VALUES ('a7e519df-5e82-4d56-a760-87e5fb1c11bc', '00000000-0000-0000-0000-000000000010', 'Toucan', 'en-us');
INSERT INTO alchimalia_schema."AnimalTranslations" ("Id", "AnimalId", "Label", "LanguageCode")
VALUES ('ad8ea5b4-b3ca-41ef-8af5-a08ef0c9e6c1', '00000000-0000-0000-0000-000000000009', 'Deer', 'en-us');
INSERT INTO alchimalia_schema."AnimalTranslations" ("Id", "AnimalId", "Label", "LanguageCode")
VALUES ('afcc1664-b026-4eec-92c5-5a25b26a9bb7', '00000000-0000-0000-0000-000000000002', 'Hippo', 'en-us');
INSERT INTO alchimalia_schema."AnimalTranslations" ("Id", "AnimalId", "Label", "LanguageCode")
VALUES ('b42320d3-0800-49f3-95e7-34d8926b77b0', '00000000-0000-0000-0000-000000000020', 'Horse', 'en-us');
INSERT INTO alchimalia_schema."AnimalTranslations" ("Id", "AnimalId", "Label", "LanguageCode")
VALUES ('bc3d333d-669d-4be8-ae49-6882833af8be', '00000000-0000-0000-0000-000000000015', 'African Elephant', 'en-us');
INSERT INTO alchimalia_schema."AnimalTranslations" ("Id", "AnimalId", "Label", "LanguageCode")
VALUES ('de2fd098-ff21-4592-a8ad-2a56c0d1390d', '00000000-0000-0000-0000-000000000022', 'Pig', 'en-us');
INSERT INTO alchimalia_schema."AnimalTranslations" ("Id", "AnimalId", "Label", "LanguageCode")
VALUES ('f1f0ac42-5fac-4a99-aa34-86cfb2f0a818', '00000000-0000-0000-0000-00000000000e', 'Parrot', 'en-us');
INSERT INTO alchimalia_schema."AnimalTranslations" ("Id", "AnimalId", "Label", "LanguageCode")
VALUES ('fd4a9bea-32ad-4a14-9c61-7c5632a8724c', '00000000-0000-0000-0000-00000000000d', 'Ostrich', 'en-us');
INSERT INTO alchimalia_schema."AnimalTranslations" ("Id", "AnimalId", "Label", "LanguageCode")
VALUES ('fe6fc993-4542-443b-a6b1-84ff2e228455', '00000000-0000-0000-0000-000000000011', 'Anaconda', 'en-us');

CREATE UNIQUE INDEX "IX_AlchimaliaUsers_Auth0Id" ON alchimalia_schema."AlchimaliaUsers" ("Auth0Id");

CREATE INDEX "IX_AnimalPartSupports_PartKey" ON alchimalia_schema."AnimalPartSupports" ("PartKey");

CREATE INDEX "IX_Animals_RegionId" ON alchimalia_schema."Animals" ("RegionId");

CREATE UNIQUE INDEX "IX_AnimalTranslations_AnimalId_LanguageCode" ON alchimalia_schema."AnimalTranslations" ("AnimalId", "LanguageCode");

CREATE UNIQUE INDEX "IX_BodyPartTranslations_BodyPartKey_LanguageCode" ON alchimalia_schema."BodyPartTranslations" ("BodyPartKey", "LanguageCode");

CREATE UNIQUE INDEX "IX_ClassicAuthors_AuthorId" ON alchimalia_schema."ClassicAuthors" ("AuthorId");

CREATE INDEX "IX_ClassicAuthors_LanguageCode_SortOrder" ON alchimalia_schema."ClassicAuthors" ("LanguageCode", "SortOrder");

CREATE INDEX "IX_Creatures_TreeId" ON alchimalia_schema."Creatures" ("TreeId");

CREATE INDEX "IX_Creatures_UserId" ON alchimalia_schema."Creatures" ("UserId");

CREATE INDEX "IX_CreditTransactions_UserId" ON alchimalia_schema."CreditTransactions" ("UserId");

CREATE UNIQUE INDEX "IX_HeroClickMessages_HeroId" ON alchimalia_schema."HeroClickMessages" ("HeroId");

CREATE UNIQUE INDEX "IX_HeroDefinitions_Id" ON alchimalia_schema."HeroDefinitions" ("Id");

CREATE UNIQUE INDEX "IX_HeroDefinitionTranslations_HeroDefinitionId_LanguageCode" ON alchimalia_schema."HeroDefinitionTranslations" ("HeroDefinitionId", "LanguageCode");

CREATE UNIQUE INDEX "IX_HeroMessages_HeroId_RegionId" ON alchimalia_schema."HeroMessages" ("HeroId", "RegionId");

CREATE UNIQUE INDEX "IX_HeroProgress_UserId_HeroId_HeroType" ON alchimalia_schema."HeroProgress" ("UserId", "HeroId", "HeroType");

CREATE UNIQUE INDEX "IX_HeroTreeProgress_UserId_NodeId" ON alchimalia_schema."HeroTreeProgress" ("UserId", "NodeId");

CREATE INDEX "IX_Jobs_UserId" ON alchimalia_schema."Jobs" ("UserId");

CREATE UNIQUE INDEX "IX_Regions_Name" ON alchimalia_schema."Regions" ("Name");

CREATE UNIQUE INDEX "IX_StoryAgeGroups_AgeGroupId" ON alchimalia_schema."StoryAgeGroups" ("AgeGroupId");

CREATE UNIQUE INDEX "IX_StoryAgeGroupTranslations_StoryAgeGroupId_LanguageCode" ON alchimalia_schema."StoryAgeGroupTranslations" ("StoryAgeGroupId", "LanguageCode");

CREATE UNIQUE INDEX "IX_StoryAnswers_StoryTileId_AnswerId" ON alchimalia_schema."StoryAnswers" ("StoryTileId", "AnswerId");

CREATE INDEX "IX_StoryAnswerTokens_StoryAnswerId" ON alchimalia_schema."StoryAnswerTokens" ("StoryAnswerId");

CREATE UNIQUE INDEX "IX_StoryAnswerTranslations_StoryAnswerId_LanguageCode" ON alchimalia_schema."StoryAnswerTranslations" ("StoryAnswerId", "LanguageCode");

CREATE INDEX "IX_StoryCraftAgeGroups_StoryAgeGroupId" ON alchimalia_schema."StoryCraftAgeGroups" ("StoryAgeGroupId");

CREATE UNIQUE INDEX "IX_StoryCraftAnswers_StoryCraftTileId_AnswerId" ON alchimalia_schema."StoryCraftAnswers" ("StoryCraftTileId", "AnswerId");

CREATE INDEX "IX_StoryCraftAnswerTokens_StoryCraftAnswerId" ON alchimalia_schema."StoryCraftAnswerTokens" ("StoryCraftAnswerId");

CREATE UNIQUE INDEX "IX_StoryCraftAnswerTranslations_StoryCraftAnswerId_LanguageCode" ON alchimalia_schema."StoryCraftAnswerTranslations" ("StoryCraftAnswerId", "LanguageCode");

CREATE INDEX "IX_StoryCrafts_ClassicAuthorId" ON alchimalia_schema."StoryCrafts" ("ClassicAuthorId");

CREATE UNIQUE INDEX "IX_StoryCrafts_StoryId" ON alchimalia_schema."StoryCrafts" ("StoryId");

CREATE UNIQUE INDEX "IX_StoryCraftTiles_StoryCraftId_TileId" ON alchimalia_schema."StoryCraftTiles" ("StoryCraftId", "TileId");

CREATE UNIQUE INDEX "IX_StoryCraftTileTranslations_StoryCraftTileId_LanguageCode" ON alchimalia_schema."StoryCraftTileTranslations" ("StoryCraftTileId", "LanguageCode");

CREATE INDEX "IX_StoryCraftTopics_StoryTopicId" ON alchimalia_schema."StoryCraftTopics" ("StoryTopicId");

CREATE UNIQUE INDEX "IX_StoryCraftTranslations_StoryCraftId_LanguageCode" ON alchimalia_schema."StoryCraftTranslations" ("StoryCraftId", "LanguageCode");

CREATE INDEX "IX_StoryDefinitionAgeGroups_StoryAgeGroupId" ON alchimalia_schema."StoryDefinitionAgeGroups" ("StoryAgeGroupId");

CREATE INDEX "IX_StoryDefinitions_ClassicAuthorId" ON alchimalia_schema."StoryDefinitions" ("ClassicAuthorId");

CREATE UNIQUE INDEX "IX_StoryDefinitions_StoryId" ON alchimalia_schema."StoryDefinitions" ("StoryId");

CREATE INDEX "IX_StoryDefinitionTopics_StoryTopicId" ON alchimalia_schema."StoryDefinitionTopics" ("StoryTopicId");

CREATE UNIQUE INDEX "IX_StoryDefinitionTranslations_StoryDefinitionId_LanguageCode" ON alchimalia_schema."StoryDefinitionTranslations" ("StoryDefinitionId", "LanguageCode");

CREATE UNIQUE INDEX "IX_StoryFeedbackPreferences_UserId_StoryId" ON alchimalia_schema."StoryFeedbackPreferences" ("UserId", "StoryId");

CREATE UNIQUE INDEX "IX_StoryFeedbacks_UserId_StoryId" ON alchimalia_schema."StoryFeedbacks" ("UserId", "StoryId");

CREATE UNIQUE INDEX "IX_StoryHeroes_HeroId" ON alchimalia_schema."StoryHeroes" ("HeroId");

CREATE UNIQUE INDEX "IX_StoryHeroUnlocks_StoryHeroId_StoryId" ON alchimalia_schema."StoryHeroUnlocks" ("StoryHeroId", "StoryId");

CREATE INDEX "IX_StoryProgress_TreeConfigurationId" ON alchimalia_schema."StoryProgress" ("TreeConfigurationId");

CREATE UNIQUE INDEX "IX_StoryProgress_UserId_StoryId_TreeConfigurationId" ON alchimalia_schema."StoryProgress" ("UserId", "StoryId", "TreeConfigurationId");

CREATE INDEX "IX_StoryPublicationAudits_StoryDefinitionId" ON alchimalia_schema."StoryPublicationAudits" ("StoryDefinitionId");

CREATE INDEX "IX_StoryPublicationAudits_StoryId" ON alchimalia_schema."StoryPublicationAudits" ("StoryId");

CREATE INDEX "IX_StoryPurchases_StoryId" ON alchimalia_schema."StoryPurchases" ("StoryId");

CREATE UNIQUE INDEX "IX_StoryPurchases_UserId_StoryId" ON alchimalia_schema."StoryPurchases" ("UserId", "StoryId");

CREATE INDEX "IX_StoryReaders_StoryId" ON alchimalia_schema."StoryReaders" ("StoryId");

CREATE UNIQUE INDEX "IX_StoryReaders_UserId_StoryId" ON alchimalia_schema."StoryReaders" ("UserId", "StoryId");

CREATE INDEX "IX_StoryReviews_StoryId" ON alchimalia_schema."StoryReviews" ("StoryId");

CREATE UNIQUE INDEX "IX_StoryReviews_UserId_StoryId" ON alchimalia_schema."StoryReviews" ("UserId", "StoryId");

CREATE UNIQUE INDEX "IX_StoryTiles_StoryDefinitionId_TileId" ON alchimalia_schema."StoryTiles" ("StoryDefinitionId", "TileId");

CREATE UNIQUE INDEX "IX_StoryTileTranslations_StoryTileId_LanguageCode" ON alchimalia_schema."StoryTileTranslations" ("StoryTileId", "LanguageCode");

CREATE UNIQUE INDEX "IX_StoryTopics_TopicId" ON alchimalia_schema."StoryTopics" ("TopicId");

CREATE UNIQUE INDEX "IX_StoryTopicTranslations_StoryTopicId_LanguageCode" ON alchimalia_schema."StoryTopicTranslations" ("StoryTopicId", "LanguageCode");

CREATE UNIQUE INDEX "IX_TreeChoices_TreeId_Tier" ON alchimalia_schema."TreeChoices" ("TreeId", "Tier");

CREATE INDEX "IX_TreeProgress_TreeConfigurationId" ON alchimalia_schema."TreeProgress" ("TreeConfigurationId");

CREATE UNIQUE INDEX "IX_TreeProgress_UserId_RegionId_TreeConfigurationId" ON alchimalia_schema."TreeProgress" ("UserId", "RegionId", "TreeConfigurationId");

CREATE UNIQUE INDEX "IX_TreeRegions_Id_TreeConfigurationId" ON alchimalia_schema."TreeRegions" ("Id", "TreeConfigurationId");

CREATE INDEX "IX_TreeRegions_TreeConfigurationId" ON alchimalia_schema."TreeRegions" ("TreeConfigurationId");

CREATE INDEX "IX_Trees_UserId" ON alchimalia_schema."Trees" ("UserId");

CREATE INDEX "IX_TreeStoryNodes_RegionId" ON alchimalia_schema."TreeStoryNodes" ("RegionId");

CREATE UNIQUE INDEX "IX_TreeStoryNodes_StoryId_RegionId_TreeConfigurationId" ON alchimalia_schema."TreeStoryNodes" ("StoryId", "RegionId", "TreeConfigurationId");

CREATE INDEX "IX_TreeStoryNodes_TreeConfigurationId" ON alchimalia_schema."TreeStoryNodes" ("TreeConfigurationId");

CREATE INDEX "IX_TreeUnlockRules_TreeConfigurationId" ON alchimalia_schema."TreeUnlockRules" ("TreeConfigurationId");

CREATE INDEX "IX_UserBestiary_BestiaryItemId" ON alchimalia_schema."UserBestiary" ("BestiaryItemId");

CREATE UNIQUE INDEX "IX_UserBestiary_UserId_BestiaryItemId_BestiaryType" ON alchimalia_schema."UserBestiary" ("UserId", "BestiaryItemId", "BestiaryType");

CREATE INDEX "IX_UserCreatedStories_StoryDefinitionId" ON alchimalia_schema."UserCreatedStories" ("StoryDefinitionId");

CREATE UNIQUE INDEX "IX_UserCreatedStories_UserId_StoryDefinitionId" ON alchimalia_schema."UserCreatedStories" ("UserId", "StoryDefinitionId");

CREATE INDEX "IX_UserFavoriteStories_StoryDefinitionId" ON alchimalia_schema."UserFavoriteStories" ("StoryDefinitionId");

CREATE UNIQUE INDEX "IX_UserFavoriteStories_UserId_StoryDefinitionId" ON alchimalia_schema."UserFavoriteStories" ("UserId", "StoryDefinitionId");

CREATE INDEX "IX_UserOwnedStories_StoryDefinitionId" ON alchimalia_schema."UserOwnedStories" ("StoryDefinitionId");

CREATE UNIQUE INDEX "IX_UserOwnedStories_UserId_StoryDefinitionId" ON alchimalia_schema."UserOwnedStories" ("UserId", "StoryDefinitionId");

CREATE UNIQUE INDEX "IX_UserStoryReadProgress_UserId_StoryId_TileId" ON alchimalia_schema."UserStoryReadProgress" ("UserId", "StoryId", "TileId");

CREATE UNIQUE INDEX "IX_UserTokenBalances_UserId_Type_Value" ON alchimalia_schema."UserTokenBalances" ("UserId", "Type", "Value");

SELECT setval(
    pg_get_serial_sequence('alchimalia_schema."BuilderConfigs"', 'Id'),
    GREATEST(
        (SELECT MAX("Id") FROM alchimalia_schema."BuilderConfigs") + 1,
        nextval(pg_get_serial_sequence('alchimalia_schema."BuilderConfigs"', 'Id'))),
    false);

INSERT INTO "__EFMigrationsHistory" ("MigrationId", "ProductVersion")
VALUES ('20251126184048_InitialFullSchema', '8.0.11');

COMMIT;

