-- Seed Alchimalia Universe data from JSON (Tree of Heroes + LOI)
-- Idempotent inserts into new Craft/Definition tables + LOI base tables
-- Run date: 2026-01-16

CREATE EXTENSION IF NOT EXISTS "uuid-ossp";

BEGIN;

-- BodyParts
INSERT INTO "alchimalia_schema"."BodyParts" ("Key", "Name", "Image", "IsBaseLocked") VALUES ('head', 'Head', 'images/bodyparts/face.webp', false) ON CONFLICT ("Key") DO NOTHING;
INSERT INTO "alchimalia_schema"."BodyPartTranslations" ("Id", "BodyPartKey", "LanguageCode", "Name") VALUES (uuid_generate_v4(), 'head', 'ro-ro', 'Head') ON CONFLICT ("BodyPartKey", "LanguageCode") DO NOTHING;
INSERT INTO "alchimalia_schema"."BodyPartTranslations" ("Id", "BodyPartKey", "LanguageCode", "Name") VALUES (uuid_generate_v4(), 'head', 'en-us', 'Head') ON CONFLICT ("BodyPartKey", "LanguageCode") DO NOTHING;
INSERT INTO "alchimalia_schema"."BodyParts" ("Key", "Name", "Image", "IsBaseLocked") VALUES ('body', 'Body', 'images/bodyparts/body.webp', false) ON CONFLICT ("Key") DO NOTHING;
INSERT INTO "alchimalia_schema"."BodyPartTranslations" ("Id", "BodyPartKey", "LanguageCode", "Name") VALUES (uuid_generate_v4(), 'body', 'ro-ro', 'Body') ON CONFLICT ("BodyPartKey", "LanguageCode") DO NOTHING;
INSERT INTO "alchimalia_schema"."BodyPartTranslations" ("Id", "BodyPartKey", "LanguageCode", "Name") VALUES (uuid_generate_v4(), 'body', 'en-us', 'Body') ON CONFLICT ("BodyPartKey", "LanguageCode") DO NOTHING;
INSERT INTO "alchimalia_schema"."BodyParts" ("Key", "Name", "Image", "IsBaseLocked") VALUES ('arms', 'Arms', 'images/bodyparts/hands.webp', false) ON CONFLICT ("Key") DO NOTHING;
INSERT INTO "alchimalia_schema"."BodyPartTranslations" ("Id", "BodyPartKey", "LanguageCode", "Name") VALUES (uuid_generate_v4(), 'arms', 'ro-ro', 'Arms') ON CONFLICT ("BodyPartKey", "LanguageCode") DO NOTHING;
INSERT INTO "alchimalia_schema"."BodyPartTranslations" ("Id", "BodyPartKey", "LanguageCode", "Name") VALUES (uuid_generate_v4(), 'arms', 'en-us', 'Arms') ON CONFLICT ("BodyPartKey", "LanguageCode") DO NOTHING;
INSERT INTO "alchimalia_schema"."BodyParts" ("Key", "Name", "Image", "IsBaseLocked") VALUES ('legs', 'Legs', 'images/bodyparts/legs.webp', true) ON CONFLICT ("Key") DO NOTHING;
INSERT INTO "alchimalia_schema"."BodyPartTranslations" ("Id", "BodyPartKey", "LanguageCode", "Name") VALUES (uuid_generate_v4(), 'legs', 'ro-ro', 'Legs') ON CONFLICT ("BodyPartKey", "LanguageCode") DO NOTHING;
INSERT INTO "alchimalia_schema"."BodyPartTranslations" ("Id", "BodyPartKey", "LanguageCode", "Name") VALUES (uuid_generate_v4(), 'legs', 'en-us', 'Legs') ON CONFLICT ("BodyPartKey", "LanguageCode") DO NOTHING;
INSERT INTO "alchimalia_schema"."BodyParts" ("Key", "Name", "Image", "IsBaseLocked") VALUES ('tail', 'Tail', 'images/bodyparts/tail.webp', true) ON CONFLICT ("Key") DO NOTHING;
INSERT INTO "alchimalia_schema"."BodyPartTranslations" ("Id", "BodyPartKey", "LanguageCode", "Name") VALUES (uuid_generate_v4(), 'tail', 'ro-ro', 'Tail') ON CONFLICT ("BodyPartKey", "LanguageCode") DO NOTHING;
INSERT INTO "alchimalia_schema"."BodyPartTranslations" ("Id", "BodyPartKey", "LanguageCode", "Name") VALUES (uuid_generate_v4(), 'tail', 'en-us', 'Tail') ON CONFLICT ("BodyPartKey", "LanguageCode") DO NOTHING;
INSERT INTO "alchimalia_schema"."BodyParts" ("Key", "Name", "Image", "IsBaseLocked") VALUES ('wings', 'Wings', 'images/bodyparts/wings.webp', true) ON CONFLICT ("Key") DO NOTHING;
INSERT INTO "alchimalia_schema"."BodyPartTranslations" ("Id", "BodyPartKey", "LanguageCode", "Name") VALUES (uuid_generate_v4(), 'wings', 'ro-ro', 'Wings') ON CONFLICT ("BodyPartKey", "LanguageCode") DO NOTHING;
INSERT INTO "alchimalia_schema"."BodyPartTranslations" ("Id", "BodyPartKey", "LanguageCode", "Name") VALUES (uuid_generate_v4(), 'wings', 'en-us', 'Wings') ON CONFLICT ("BodyPartKey", "LanguageCode") DO NOTHING;
INSERT INTO "alchimalia_schema"."BodyParts" ("Key", "Name", "Image", "IsBaseLocked") VALUES ('horn', 'Horn', 'images/bodyparts/horn.webp', true) ON CONFLICT ("Key") DO NOTHING;
INSERT INTO "alchimalia_schema"."BodyPartTranslations" ("Id", "BodyPartKey", "LanguageCode", "Name") VALUES (uuid_generate_v4(), 'horn', 'ro-ro', 'Horn') ON CONFLICT ("BodyPartKey", "LanguageCode") DO NOTHING;
INSERT INTO "alchimalia_schema"."BodyPartTranslations" ("Id", "BodyPartKey", "LanguageCode", "Name") VALUES (uuid_generate_v4(), 'horn', 'en-us', 'Horn') ON CONFLICT ("BodyPartKey", "LanguageCode") DO NOTHING;
INSERT INTO "alchimalia_schema"."BodyParts" ("Key", "Name", "Image", "IsBaseLocked") VALUES ('horns', 'Horns', 'images/bodyparts/horns.webp', true) ON CONFLICT ("Key") DO NOTHING;
INSERT INTO "alchimalia_schema"."BodyPartTranslations" ("Id", "BodyPartKey", "LanguageCode", "Name") VALUES (uuid_generate_v4(), 'horns', 'ro-ro', 'Horns') ON CONFLICT ("BodyPartKey", "LanguageCode") DO NOTHING;
INSERT INTO "alchimalia_schema"."BodyPartTranslations" ("Id", "BodyPartKey", "LanguageCode", "Name") VALUES (uuid_generate_v4(), 'horns', 'en-us', 'Horns') ON CONFLICT ("BodyPartKey", "LanguageCode") DO NOTHING;

-- Regions
INSERT INTO "alchimalia_schema"."Regions" ("Id", "Name") VALUES ('10000000-0000-0000-0000-000000000001', 'Sahara') ON CONFLICT ("Id") DO NOTHING;
INSERT INTO "alchimalia_schema"."Regions" ("Id", "Name") VALUES ('10000000-0000-0000-0000-000000000002', 'Jungle') ON CONFLICT ("Id") DO NOTHING;
INSERT INTO "alchimalia_schema"."Regions" ("Id", "Name") VALUES ('10000000-0000-0000-0000-000000000003', 'Farm') ON CONFLICT ("Id") DO NOTHING;
INSERT INTO "alchimalia_schema"."Regions" ("Id", "Name") VALUES ('10000000-0000-0000-0000-000000000004', 'Savanna') ON CONFLICT ("Id") DO NOTHING;
INSERT INTO "alchimalia_schema"."Regions" ("Id", "Name") VALUES ('10000000-0000-0000-0000-000000000005', 'Forest') ON CONFLICT ("Id") DO NOTHING;
INSERT INTO "alchimalia_schema"."Regions" ("Id", "Name") VALUES ('10000000-0000-0000-0000-000000000006', 'Wetlands') ON CONFLICT ("Id") DO NOTHING;
INSERT INTO "alchimalia_schema"."Regions" ("Id", "Name") VALUES ('10000000-0000-0000-0000-000000000007', 'Mountains') ON CONFLICT ("Id") DO NOTHING;

-- Animal Definitions + Crafts
INSERT INTO "alchimalia_schema"."AnimalDefinitions" ("Id", "Label", "Src", "IsHybrid", "RegionId", "Status", "Version", "BaseVersion", "LastPublishedVersion", "PublishedByUserId", "CreatedAt", "UpdatedAt", "PublishedAtUtc") VALUES ('00000000-0000-0000-0000-000000000001', 'Bunny', 'images/animals/base/bunny.jpg', false, '10000000-0000-0000-0000-000000000003', 'published', 1, 0, 0, NULL, now() at time zone 'utc', now() at time zone 'utc', now() at time zone 'utc') ON CONFLICT ("Id") DO NOTHING;
INSERT INTO "alchimalia_schema"."AnimalCrafts" ("Id", "PublishedDefinitionId", "Label", "Src", "IsHybrid", "RegionId", "Status", "BaseVersion", "LastDraftVersion", "CreatedByUserId", "AssignedReviewerUserId", "ReviewedByUserId", "ApprovedByUserId", "ReviewNotes", "ReviewStartedAt", "ReviewEndedAt", "CreatedAt", "UpdatedAt") VALUES ('00000000-0000-0000-0000-000000000001', '00000000-0000-0000-0000-000000000001', 'Bunny', 'images/animals/base/bunny.jpg', false, '10000000-0000-0000-0000-000000000003', 'published', 0, 0, NULL, NULL, NULL, NULL, NULL, NULL, NULL, now() at time zone 'utc', now() at time zone 'utc') ON CONFLICT ("Id") DO NOTHING;
INSERT INTO "alchimalia_schema"."AnimalDefinitionTranslations" ("Id", "AnimalDefinitionId", "LanguageCode", "Label") VALUES (uuid_generate_v4(), '00000000-0000-0000-0000-000000000001', 'ro-ro', 'Bunny') ON CONFLICT ("AnimalDefinitionId", "LanguageCode") DO NOTHING;
INSERT INTO "alchimalia_schema"."AnimalCraftTranslations" ("Id", "AnimalCraftId", "LanguageCode", "Label") VALUES (uuid_generate_v4(), '00000000-0000-0000-0000-000000000001', 'ro-ro', 'Bunny') ON CONFLICT ("AnimalCraftId", "LanguageCode") DO NOTHING;
INSERT INTO "alchimalia_schema"."AnimalDefinitionTranslations" ("Id", "AnimalDefinitionId", "LanguageCode", "Label") VALUES (uuid_generate_v4(), '00000000-0000-0000-0000-000000000001', 'en-us', 'Bunny') ON CONFLICT ("AnimalDefinitionId", "LanguageCode") DO NOTHING;
INSERT INTO "alchimalia_schema"."AnimalCraftTranslations" ("Id", "AnimalCraftId", "LanguageCode", "Label") VALUES (uuid_generate_v4(), '00000000-0000-0000-0000-000000000001', 'en-us', 'Bunny') ON CONFLICT ("AnimalCraftId", "LanguageCode") DO NOTHING;
INSERT INTO "alchimalia_schema"."AnimalDefinitions" ("Id", "Label", "Src", "IsHybrid", "RegionId", "Status", "Version", "BaseVersion", "LastPublishedVersion", "PublishedByUserId", "CreatedAt", "UpdatedAt", "PublishedAtUtc") VALUES ('00000000-0000-0000-0000-000000000002', 'Hippo', 'images/animals/base/hippo.jpg', false, '10000000-0000-0000-0000-000000000006', 'published', 1, 0, 0, NULL, now() at time zone 'utc', now() at time zone 'utc', now() at time zone 'utc') ON CONFLICT ("Id") DO NOTHING;
INSERT INTO "alchimalia_schema"."AnimalCrafts" ("Id", "PublishedDefinitionId", "Label", "Src", "IsHybrid", "RegionId", "Status", "BaseVersion", "LastDraftVersion", "CreatedByUserId", "AssignedReviewerUserId", "ReviewedByUserId", "ApprovedByUserId", "ReviewNotes", "ReviewStartedAt", "ReviewEndedAt", "CreatedAt", "UpdatedAt") VALUES ('00000000-0000-0000-0000-000000000002', '00000000-0000-0000-0000-000000000002', 'Hippo', 'images/animals/base/hippo.jpg', false, '10000000-0000-0000-0000-000000000006', 'published', 0, 0, NULL, NULL, NULL, NULL, NULL, NULL, NULL, now() at time zone 'utc', now() at time zone 'utc') ON CONFLICT ("Id") DO NOTHING;
INSERT INTO "alchimalia_schema"."AnimalDefinitionTranslations" ("Id", "AnimalDefinitionId", "LanguageCode", "Label") VALUES (uuid_generate_v4(), '00000000-0000-0000-0000-000000000002', 'ro-ro', 'Hippo') ON CONFLICT ("AnimalDefinitionId", "LanguageCode") DO NOTHING;
INSERT INTO "alchimalia_schema"."AnimalCraftTranslations" ("Id", "AnimalCraftId", "LanguageCode", "Label") VALUES (uuid_generate_v4(), '00000000-0000-0000-0000-000000000002', 'ro-ro', 'Hippo') ON CONFLICT ("AnimalCraftId", "LanguageCode") DO NOTHING;
INSERT INTO "alchimalia_schema"."AnimalDefinitionTranslations" ("Id", "AnimalDefinitionId", "LanguageCode", "Label") VALUES (uuid_generate_v4(), '00000000-0000-0000-0000-000000000002', 'en-us', 'Hippo') ON CONFLICT ("AnimalDefinitionId", "LanguageCode") DO NOTHING;
INSERT INTO "alchimalia_schema"."AnimalCraftTranslations" ("Id", "AnimalCraftId", "LanguageCode", "Label") VALUES (uuid_generate_v4(), '00000000-0000-0000-0000-000000000002', 'en-us', 'Hippo') ON CONFLICT ("AnimalCraftId", "LanguageCode") DO NOTHING;
INSERT INTO "alchimalia_schema"."AnimalDefinitions" ("Id", "Label", "Src", "IsHybrid", "RegionId", "Status", "Version", "BaseVersion", "LastPublishedVersion", "PublishedByUserId", "CreatedAt", "UpdatedAt", "PublishedAtUtc") VALUES ('00000000-0000-0000-0000-000000000003', 'Giraffe', 'images/animals/base/giraffe.jpg', false, '10000000-0000-0000-0000-000000000004', 'published', 1, 0, 0, NULL, now() at time zone 'utc', now() at time zone 'utc', now() at time zone 'utc') ON CONFLICT ("Id") DO NOTHING;
INSERT INTO "alchimalia_schema"."AnimalCrafts" ("Id", "PublishedDefinitionId", "Label", "Src", "IsHybrid", "RegionId", "Status", "BaseVersion", "LastDraftVersion", "CreatedByUserId", "AssignedReviewerUserId", "ReviewedByUserId", "ApprovedByUserId", "ReviewNotes", "ReviewStartedAt", "ReviewEndedAt", "CreatedAt", "UpdatedAt") VALUES ('00000000-0000-0000-0000-000000000003', '00000000-0000-0000-0000-000000000003', 'Giraffe', 'images/animals/base/giraffe.jpg', false, '10000000-0000-0000-0000-000000000004', 'published', 0, 0, NULL, NULL, NULL, NULL, NULL, NULL, NULL, now() at time zone 'utc', now() at time zone 'utc') ON CONFLICT ("Id") DO NOTHING;
INSERT INTO "alchimalia_schema"."AnimalDefinitionTranslations" ("Id", "AnimalDefinitionId", "LanguageCode", "Label") VALUES (uuid_generate_v4(), '00000000-0000-0000-0000-000000000003', 'ro-ro', 'Giraffe') ON CONFLICT ("AnimalDefinitionId", "LanguageCode") DO NOTHING;
INSERT INTO "alchimalia_schema"."AnimalCraftTranslations" ("Id", "AnimalCraftId", "LanguageCode", "Label") VALUES (uuid_generate_v4(), '00000000-0000-0000-0000-000000000003', 'ro-ro', 'Giraffe') ON CONFLICT ("AnimalCraftId", "LanguageCode") DO NOTHING;
INSERT INTO "alchimalia_schema"."AnimalDefinitionTranslations" ("Id", "AnimalDefinitionId", "LanguageCode", "Label") VALUES (uuid_generate_v4(), '00000000-0000-0000-0000-000000000003', 'en-us', 'Giraffe') ON CONFLICT ("AnimalDefinitionId", "LanguageCode") DO NOTHING;
INSERT INTO "alchimalia_schema"."AnimalCraftTranslations" ("Id", "AnimalCraftId", "LanguageCode", "Label") VALUES (uuid_generate_v4(), '00000000-0000-0000-0000-000000000003', 'en-us', 'Giraffe') ON CONFLICT ("AnimalCraftId", "LanguageCode") DO NOTHING;
INSERT INTO "alchimalia_schema"."AnimalDefinitions" ("Id", "Label", "Src", "IsHybrid", "RegionId", "Status", "Version", "BaseVersion", "LastPublishedVersion", "PublishedByUserId", "CreatedAt", "UpdatedAt", "PublishedAtUtc") VALUES ('00000000-0000-0000-0000-000000000004', 'Dog', 'images/animals/base/dog.jpg', false, '10000000-0000-0000-0000-000000000003', 'published', 1, 0, 0, NULL, now() at time zone 'utc', now() at time zone 'utc', now() at time zone 'utc') ON CONFLICT ("Id") DO NOTHING;
INSERT INTO "alchimalia_schema"."AnimalCrafts" ("Id", "PublishedDefinitionId", "Label", "Src", "IsHybrid", "RegionId", "Status", "BaseVersion", "LastDraftVersion", "CreatedByUserId", "AssignedReviewerUserId", "ReviewedByUserId", "ApprovedByUserId", "ReviewNotes", "ReviewStartedAt", "ReviewEndedAt", "CreatedAt", "UpdatedAt") VALUES ('00000000-0000-0000-0000-000000000004', '00000000-0000-0000-0000-000000000004', 'Dog', 'images/animals/base/dog.jpg', false, '10000000-0000-0000-0000-000000000003', 'published', 0, 0, NULL, NULL, NULL, NULL, NULL, NULL, NULL, now() at time zone 'utc', now() at time zone 'utc') ON CONFLICT ("Id") DO NOTHING;
INSERT INTO "alchimalia_schema"."AnimalDefinitionTranslations" ("Id", "AnimalDefinitionId", "LanguageCode", "Label") VALUES (uuid_generate_v4(), '00000000-0000-0000-0000-000000000004', 'ro-ro', 'Dog') ON CONFLICT ("AnimalDefinitionId", "LanguageCode") DO NOTHING;
INSERT INTO "alchimalia_schema"."AnimalCraftTranslations" ("Id", "AnimalCraftId", "LanguageCode", "Label") VALUES (uuid_generate_v4(), '00000000-0000-0000-0000-000000000004', 'ro-ro', 'Dog') ON CONFLICT ("AnimalCraftId", "LanguageCode") DO NOTHING;
INSERT INTO "alchimalia_schema"."AnimalDefinitionTranslations" ("Id", "AnimalDefinitionId", "LanguageCode", "Label") VALUES (uuid_generate_v4(), '00000000-0000-0000-0000-000000000004', 'en-us', 'Dog') ON CONFLICT ("AnimalDefinitionId", "LanguageCode") DO NOTHING;
INSERT INTO "alchimalia_schema"."AnimalCraftTranslations" ("Id", "AnimalCraftId", "LanguageCode", "Label") VALUES (uuid_generate_v4(), '00000000-0000-0000-0000-000000000004', 'en-us', 'Dog') ON CONFLICT ("AnimalCraftId", "LanguageCode") DO NOTHING;
INSERT INTO "alchimalia_schema"."AnimalDefinitions" ("Id", "Label", "Src", "IsHybrid", "RegionId", "Status", "Version", "BaseVersion", "LastPublishedVersion", "PublishedByUserId", "CreatedAt", "UpdatedAt", "PublishedAtUtc") VALUES ('00000000-0000-0000-0000-000000000005', 'Fox', 'images/animals/base/fox.jpg', false, '10000000-0000-0000-0000-000000000005', 'published', 1, 0, 0, NULL, now() at time zone 'utc', now() at time zone 'utc', now() at time zone 'utc') ON CONFLICT ("Id") DO NOTHING;
INSERT INTO "alchimalia_schema"."AnimalCrafts" ("Id", "PublishedDefinitionId", "Label", "Src", "IsHybrid", "RegionId", "Status", "BaseVersion", "LastDraftVersion", "CreatedByUserId", "AssignedReviewerUserId", "ReviewedByUserId", "ApprovedByUserId", "ReviewNotes", "ReviewStartedAt", "ReviewEndedAt", "CreatedAt", "UpdatedAt") VALUES ('00000000-0000-0000-0000-000000000005', '00000000-0000-0000-0000-000000000005', 'Fox', 'images/animals/base/fox.jpg', false, '10000000-0000-0000-0000-000000000005', 'published', 0, 0, NULL, NULL, NULL, NULL, NULL, NULL, NULL, now() at time zone 'utc', now() at time zone 'utc') ON CONFLICT ("Id") DO NOTHING;
INSERT INTO "alchimalia_schema"."AnimalDefinitionTranslations" ("Id", "AnimalDefinitionId", "LanguageCode", "Label") VALUES (uuid_generate_v4(), '00000000-0000-0000-0000-000000000005', 'ro-ro', 'Fox') ON CONFLICT ("AnimalDefinitionId", "LanguageCode") DO NOTHING;
INSERT INTO "alchimalia_schema"."AnimalCraftTranslations" ("Id", "AnimalCraftId", "LanguageCode", "Label") VALUES (uuid_generate_v4(), '00000000-0000-0000-0000-000000000005', 'ro-ro', 'Fox') ON CONFLICT ("AnimalCraftId", "LanguageCode") DO NOTHING;
INSERT INTO "alchimalia_schema"."AnimalDefinitionTranslations" ("Id", "AnimalDefinitionId", "LanguageCode", "Label") VALUES (uuid_generate_v4(), '00000000-0000-0000-0000-000000000005', 'en-us', 'Fox') ON CONFLICT ("AnimalDefinitionId", "LanguageCode") DO NOTHING;
INSERT INTO "alchimalia_schema"."AnimalCraftTranslations" ("Id", "AnimalCraftId", "LanguageCode", "Label") VALUES (uuid_generate_v4(), '00000000-0000-0000-0000-000000000005', 'en-us', 'Fox') ON CONFLICT ("AnimalCraftId", "LanguageCode") DO NOTHING;
INSERT INTO "alchimalia_schema"."AnimalDefinitions" ("Id", "Label", "Src", "IsHybrid", "RegionId", "Status", "Version", "BaseVersion", "LastPublishedVersion", "PublishedByUserId", "CreatedAt", "UpdatedAt", "PublishedAtUtc") VALUES ('00000000-0000-0000-0000-000000000006', 'Cat', 'images/animals/base/cat.jpg', false, '10000000-0000-0000-0000-000000000003', 'published', 1, 0, 0, NULL, now() at time zone 'utc', now() at time zone 'utc', now() at time zone 'utc') ON CONFLICT ("Id") DO NOTHING;
INSERT INTO "alchimalia_schema"."AnimalCrafts" ("Id", "PublishedDefinitionId", "Label", "Src", "IsHybrid", "RegionId", "Status", "BaseVersion", "LastDraftVersion", "CreatedByUserId", "AssignedReviewerUserId", "ReviewedByUserId", "ApprovedByUserId", "ReviewNotes", "ReviewStartedAt", "ReviewEndedAt", "CreatedAt", "UpdatedAt") VALUES ('00000000-0000-0000-0000-000000000006', '00000000-0000-0000-0000-000000000006', 'Cat', 'images/animals/base/cat.jpg', false, '10000000-0000-0000-0000-000000000003', 'published', 0, 0, NULL, NULL, NULL, NULL, NULL, NULL, NULL, now() at time zone 'utc', now() at time zone 'utc') ON CONFLICT ("Id") DO NOTHING;
INSERT INTO "alchimalia_schema"."AnimalDefinitionTranslations" ("Id", "AnimalDefinitionId", "LanguageCode", "Label") VALUES (uuid_generate_v4(), '00000000-0000-0000-0000-000000000006', 'ro-ro', 'Cat') ON CONFLICT ("AnimalDefinitionId", "LanguageCode") DO NOTHING;
INSERT INTO "alchimalia_schema"."AnimalCraftTranslations" ("Id", "AnimalCraftId", "LanguageCode", "Label") VALUES (uuid_generate_v4(), '00000000-0000-0000-0000-000000000006', 'ro-ro', 'Cat') ON CONFLICT ("AnimalCraftId", "LanguageCode") DO NOTHING;
INSERT INTO "alchimalia_schema"."AnimalDefinitionTranslations" ("Id", "AnimalDefinitionId", "LanguageCode", "Label") VALUES (uuid_generate_v4(), '00000000-0000-0000-0000-000000000006', 'en-us', 'Cat') ON CONFLICT ("AnimalDefinitionId", "LanguageCode") DO NOTHING;
INSERT INTO "alchimalia_schema"."AnimalCraftTranslations" ("Id", "AnimalCraftId", "LanguageCode", "Label") VALUES (uuid_generate_v4(), '00000000-0000-0000-0000-000000000006', 'en-us', 'Cat') ON CONFLICT ("AnimalCraftId", "LanguageCode") DO NOTHING;
INSERT INTO "alchimalia_schema"."AnimalDefinitions" ("Id", "Label", "Src", "IsHybrid", "RegionId", "Status", "Version", "BaseVersion", "LastPublishedVersion", "PublishedByUserId", "CreatedAt", "UpdatedAt", "PublishedAtUtc") VALUES ('00000000-0000-0000-0000-000000000007', 'Monkey', 'images/animals/base/monkey.jpg', false, '10000000-0000-0000-0000-000000000002', 'published', 1, 0, 0, NULL, now() at time zone 'utc', now() at time zone 'utc', now() at time zone 'utc') ON CONFLICT ("Id") DO NOTHING;
INSERT INTO "alchimalia_schema"."AnimalCrafts" ("Id", "PublishedDefinitionId", "Label", "Src", "IsHybrid", "RegionId", "Status", "BaseVersion", "LastDraftVersion", "CreatedByUserId", "AssignedReviewerUserId", "ReviewedByUserId", "ApprovedByUserId", "ReviewNotes", "ReviewStartedAt", "ReviewEndedAt", "CreatedAt", "UpdatedAt") VALUES ('00000000-0000-0000-0000-000000000007', '00000000-0000-0000-0000-000000000007', 'Monkey', 'images/animals/base/monkey.jpg', false, '10000000-0000-0000-0000-000000000002', 'published', 0, 0, NULL, NULL, NULL, NULL, NULL, NULL, NULL, now() at time zone 'utc', now() at time zone 'utc') ON CONFLICT ("Id") DO NOTHING;
INSERT INTO "alchimalia_schema"."AnimalDefinitionTranslations" ("Id", "AnimalDefinitionId", "LanguageCode", "Label") VALUES (uuid_generate_v4(), '00000000-0000-0000-0000-000000000007', 'ro-ro', 'Monkey') ON CONFLICT ("AnimalDefinitionId", "LanguageCode") DO NOTHING;
INSERT INTO "alchimalia_schema"."AnimalCraftTranslations" ("Id", "AnimalCraftId", "LanguageCode", "Label") VALUES (uuid_generate_v4(), '00000000-0000-0000-0000-000000000007', 'ro-ro', 'Monkey') ON CONFLICT ("AnimalCraftId", "LanguageCode") DO NOTHING;
INSERT INTO "alchimalia_schema"."AnimalDefinitionTranslations" ("Id", "AnimalDefinitionId", "LanguageCode", "Label") VALUES (uuid_generate_v4(), '00000000-0000-0000-0000-000000000007', 'en-us', 'Monkey') ON CONFLICT ("AnimalDefinitionId", "LanguageCode") DO NOTHING;
INSERT INTO "alchimalia_schema"."AnimalCraftTranslations" ("Id", "AnimalCraftId", "LanguageCode", "Label") VALUES (uuid_generate_v4(), '00000000-0000-0000-0000-000000000007', 'en-us', 'Monkey') ON CONFLICT ("AnimalCraftId", "LanguageCode") DO NOTHING;
INSERT INTO "alchimalia_schema"."AnimalDefinitions" ("Id", "Label", "Src", "IsHybrid", "RegionId", "Status", "Version", "BaseVersion", "LastPublishedVersion", "PublishedByUserId", "CreatedAt", "UpdatedAt", "PublishedAtUtc") VALUES ('00000000-0000-0000-0000-000000000008', 'Camel', 'images/animals/base/camel.jpg', false, '10000000-0000-0000-0000-000000000001', 'published', 1, 0, 0, NULL, now() at time zone 'utc', now() at time zone 'utc', now() at time zone 'utc') ON CONFLICT ("Id") DO NOTHING;
INSERT INTO "alchimalia_schema"."AnimalCrafts" ("Id", "PublishedDefinitionId", "Label", "Src", "IsHybrid", "RegionId", "Status", "BaseVersion", "LastDraftVersion", "CreatedByUserId", "AssignedReviewerUserId", "ReviewedByUserId", "ApprovedByUserId", "ReviewNotes", "ReviewStartedAt", "ReviewEndedAt", "CreatedAt", "UpdatedAt") VALUES ('00000000-0000-0000-0000-000000000008', '00000000-0000-0000-0000-000000000008', 'Camel', 'images/animals/base/camel.jpg', false, '10000000-0000-0000-0000-000000000001', 'published', 0, 0, NULL, NULL, NULL, NULL, NULL, NULL, NULL, now() at time zone 'utc', now() at time zone 'utc') ON CONFLICT ("Id") DO NOTHING;
INSERT INTO "alchimalia_schema"."AnimalDefinitionTranslations" ("Id", "AnimalDefinitionId", "LanguageCode", "Label") VALUES (uuid_generate_v4(), '00000000-0000-0000-0000-000000000008', 'ro-ro', 'Camel') ON CONFLICT ("AnimalDefinitionId", "LanguageCode") DO NOTHING;
INSERT INTO "alchimalia_schema"."AnimalCraftTranslations" ("Id", "AnimalCraftId", "LanguageCode", "Label") VALUES (uuid_generate_v4(), '00000000-0000-0000-0000-000000000008', 'ro-ro', 'Camel') ON CONFLICT ("AnimalCraftId", "LanguageCode") DO NOTHING;
INSERT INTO "alchimalia_schema"."AnimalDefinitionTranslations" ("Id", "AnimalDefinitionId", "LanguageCode", "Label") VALUES (uuid_generate_v4(), '00000000-0000-0000-0000-000000000008', 'en-us', 'Camel') ON CONFLICT ("AnimalDefinitionId", "LanguageCode") DO NOTHING;
INSERT INTO "alchimalia_schema"."AnimalCraftTranslations" ("Id", "AnimalCraftId", "LanguageCode", "Label") VALUES (uuid_generate_v4(), '00000000-0000-0000-0000-000000000008', 'en-us', 'Camel') ON CONFLICT ("AnimalCraftId", "LanguageCode") DO NOTHING;
INSERT INTO "alchimalia_schema"."AnimalDefinitions" ("Id", "Label", "Src", "IsHybrid", "RegionId", "Status", "Version", "BaseVersion", "LastPublishedVersion", "PublishedByUserId", "CreatedAt", "UpdatedAt", "PublishedAtUtc") VALUES ('00000000-0000-0000-0000-000000000009', 'Deer', 'images/animals/base/deer.jpg', false, '10000000-0000-0000-0000-000000000005', 'published', 1, 0, 0, NULL, now() at time zone 'utc', now() at time zone 'utc', now() at time zone 'utc') ON CONFLICT ("Id") DO NOTHING;
INSERT INTO "alchimalia_schema"."AnimalCrafts" ("Id", "PublishedDefinitionId", "Label", "Src", "IsHybrid", "RegionId", "Status", "BaseVersion", "LastDraftVersion", "CreatedByUserId", "AssignedReviewerUserId", "ReviewedByUserId", "ApprovedByUserId", "ReviewNotes", "ReviewStartedAt", "ReviewEndedAt", "CreatedAt", "UpdatedAt") VALUES ('00000000-0000-0000-0000-000000000009', '00000000-0000-0000-0000-000000000009', 'Deer', 'images/animals/base/deer.jpg', false, '10000000-0000-0000-0000-000000000005', 'published', 0, 0, NULL, NULL, NULL, NULL, NULL, NULL, NULL, now() at time zone 'utc', now() at time zone 'utc') ON CONFLICT ("Id") DO NOTHING;
INSERT INTO "alchimalia_schema"."AnimalDefinitionTranslations" ("Id", "AnimalDefinitionId", "LanguageCode", "Label") VALUES (uuid_generate_v4(), '00000000-0000-0000-0000-000000000009', 'ro-ro', 'Deer') ON CONFLICT ("AnimalDefinitionId", "LanguageCode") DO NOTHING;
INSERT INTO "alchimalia_schema"."AnimalCraftTranslations" ("Id", "AnimalCraftId", "LanguageCode", "Label") VALUES (uuid_generate_v4(), '00000000-0000-0000-0000-000000000009', 'ro-ro', 'Deer') ON CONFLICT ("AnimalCraftId", "LanguageCode") DO NOTHING;
INSERT INTO "alchimalia_schema"."AnimalDefinitionTranslations" ("Id", "AnimalDefinitionId", "LanguageCode", "Label") VALUES (uuid_generate_v4(), '00000000-0000-0000-0000-000000000009', 'en-us', 'Deer') ON CONFLICT ("AnimalDefinitionId", "LanguageCode") DO NOTHING;
INSERT INTO "alchimalia_schema"."AnimalCraftTranslations" ("Id", "AnimalCraftId", "LanguageCode", "Label") VALUES (uuid_generate_v4(), '00000000-0000-0000-0000-000000000009', 'en-us', 'Deer') ON CONFLICT ("AnimalCraftId", "LanguageCode") DO NOTHING;
INSERT INTO "alchimalia_schema"."AnimalDefinitions" ("Id", "Label", "Src", "IsHybrid", "RegionId", "Status", "Version", "BaseVersion", "LastPublishedVersion", "PublishedByUserId", "CreatedAt", "UpdatedAt", "PublishedAtUtc") VALUES ('00000000-0000-0000-0000-00000000000a', 'Duck', 'images/animals/base/duck.jpg', false, '10000000-0000-0000-0000-000000000006', 'published', 1, 0, 0, NULL, now() at time zone 'utc', now() at time zone 'utc', now() at time zone 'utc') ON CONFLICT ("Id") DO NOTHING;
INSERT INTO "alchimalia_schema"."AnimalCrafts" ("Id", "PublishedDefinitionId", "Label", "Src", "IsHybrid", "RegionId", "Status", "BaseVersion", "LastDraftVersion", "CreatedByUserId", "AssignedReviewerUserId", "ReviewedByUserId", "ApprovedByUserId", "ReviewNotes", "ReviewStartedAt", "ReviewEndedAt", "CreatedAt", "UpdatedAt") VALUES ('00000000-0000-0000-0000-00000000000a', '00000000-0000-0000-0000-00000000000a', 'Duck', 'images/animals/base/duck.jpg', false, '10000000-0000-0000-0000-000000000006', 'published', 0, 0, NULL, NULL, NULL, NULL, NULL, NULL, NULL, now() at time zone 'utc', now() at time zone 'utc') ON CONFLICT ("Id") DO NOTHING;
INSERT INTO "alchimalia_schema"."AnimalDefinitionTranslations" ("Id", "AnimalDefinitionId", "LanguageCode", "Label") VALUES (uuid_generate_v4(), '00000000-0000-0000-0000-00000000000a', 'ro-ro', 'Duck') ON CONFLICT ("AnimalDefinitionId", "LanguageCode") DO NOTHING;
INSERT INTO "alchimalia_schema"."AnimalCraftTranslations" ("Id", "AnimalCraftId", "LanguageCode", "Label") VALUES (uuid_generate_v4(), '00000000-0000-0000-0000-00000000000a', 'ro-ro', 'Duck') ON CONFLICT ("AnimalCraftId", "LanguageCode") DO NOTHING;
INSERT INTO "alchimalia_schema"."AnimalDefinitionTranslations" ("Id", "AnimalDefinitionId", "LanguageCode", "Label") VALUES (uuid_generate_v4(), '00000000-0000-0000-0000-00000000000a', 'en-us', 'Duck') ON CONFLICT ("AnimalDefinitionId", "LanguageCode") DO NOTHING;
INSERT INTO "alchimalia_schema"."AnimalCraftTranslations" ("Id", "AnimalCraftId", "LanguageCode", "Label") VALUES (uuid_generate_v4(), '00000000-0000-0000-0000-00000000000a', 'en-us', 'Duck') ON CONFLICT ("AnimalCraftId", "LanguageCode") DO NOTHING;
INSERT INTO "alchimalia_schema"."AnimalDefinitions" ("Id", "Label", "Src", "IsHybrid", "RegionId", "Status", "Version", "BaseVersion", "LastPublishedVersion", "PublishedByUserId", "CreatedAt", "UpdatedAt", "PublishedAtUtc") VALUES ('00000000-0000-0000-0000-00000000000b', 'Eagle', 'images/animals/base/eagle.jpg', false, '10000000-0000-0000-0000-000000000007', 'published', 1, 0, 0, NULL, now() at time zone 'utc', now() at time zone 'utc', now() at time zone 'utc') ON CONFLICT ("Id") DO NOTHING;
INSERT INTO "alchimalia_schema"."AnimalCrafts" ("Id", "PublishedDefinitionId", "Label", "Src", "IsHybrid", "RegionId", "Status", "BaseVersion", "LastDraftVersion", "CreatedByUserId", "AssignedReviewerUserId", "ReviewedByUserId", "ApprovedByUserId", "ReviewNotes", "ReviewStartedAt", "ReviewEndedAt", "CreatedAt", "UpdatedAt") VALUES ('00000000-0000-0000-0000-00000000000b', '00000000-0000-0000-0000-00000000000b', 'Eagle', 'images/animals/base/eagle.jpg', false, '10000000-0000-0000-0000-000000000007', 'published', 0, 0, NULL, NULL, NULL, NULL, NULL, NULL, NULL, now() at time zone 'utc', now() at time zone 'utc') ON CONFLICT ("Id") DO NOTHING;
INSERT INTO "alchimalia_schema"."AnimalDefinitionTranslations" ("Id", "AnimalDefinitionId", "LanguageCode", "Label") VALUES (uuid_generate_v4(), '00000000-0000-0000-0000-00000000000b', 'ro-ro', 'Eagle') ON CONFLICT ("AnimalDefinitionId", "LanguageCode") DO NOTHING;
INSERT INTO "alchimalia_schema"."AnimalCraftTranslations" ("Id", "AnimalCraftId", "LanguageCode", "Label") VALUES (uuid_generate_v4(), '00000000-0000-0000-0000-00000000000b', 'ro-ro', 'Eagle') ON CONFLICT ("AnimalCraftId", "LanguageCode") DO NOTHING;
INSERT INTO "alchimalia_schema"."AnimalDefinitionTranslations" ("Id", "AnimalDefinitionId", "LanguageCode", "Label") VALUES (uuid_generate_v4(), '00000000-0000-0000-0000-00000000000b', 'en-us', 'Eagle') ON CONFLICT ("AnimalDefinitionId", "LanguageCode") DO NOTHING;
INSERT INTO "alchimalia_schema"."AnimalCraftTranslations" ("Id", "AnimalCraftId", "LanguageCode", "Label") VALUES (uuid_generate_v4(), '00000000-0000-0000-0000-00000000000b', 'en-us', 'Eagle') ON CONFLICT ("AnimalCraftId", "LanguageCode") DO NOTHING;
INSERT INTO "alchimalia_schema"."AnimalDefinitions" ("Id", "Label", "Src", "IsHybrid", "RegionId", "Status", "Version", "BaseVersion", "LastPublishedVersion", "PublishedByUserId", "CreatedAt", "UpdatedAt", "PublishedAtUtc") VALUES ('00000000-0000-0000-0000-00000000000c', 'Elephant', 'images/animals/base/elephant.jpg', false, '10000000-0000-0000-0000-000000000004', 'published', 1, 0, 0, NULL, now() at time zone 'utc', now() at time zone 'utc', now() at time zone 'utc') ON CONFLICT ("Id") DO NOTHING;
INSERT INTO "alchimalia_schema"."AnimalCrafts" ("Id", "PublishedDefinitionId", "Label", "Src", "IsHybrid", "RegionId", "Status", "BaseVersion", "LastDraftVersion", "CreatedByUserId", "AssignedReviewerUserId", "ReviewedByUserId", "ApprovedByUserId", "ReviewNotes", "ReviewStartedAt", "ReviewEndedAt", "CreatedAt", "UpdatedAt") VALUES ('00000000-0000-0000-0000-00000000000c', '00000000-0000-0000-0000-00000000000c', 'Elephant', 'images/animals/base/elephant.jpg', false, '10000000-0000-0000-0000-000000000004', 'published', 0, 0, NULL, NULL, NULL, NULL, NULL, NULL, NULL, now() at time zone 'utc', now() at time zone 'utc') ON CONFLICT ("Id") DO NOTHING;
INSERT INTO "alchimalia_schema"."AnimalDefinitionTranslations" ("Id", "AnimalDefinitionId", "LanguageCode", "Label") VALUES (uuid_generate_v4(), '00000000-0000-0000-0000-00000000000c', 'ro-ro', 'Elephant') ON CONFLICT ("AnimalDefinitionId", "LanguageCode") DO NOTHING;
INSERT INTO "alchimalia_schema"."AnimalCraftTranslations" ("Id", "AnimalCraftId", "LanguageCode", "Label") VALUES (uuid_generate_v4(), '00000000-0000-0000-0000-00000000000c', 'ro-ro', 'Elephant') ON CONFLICT ("AnimalCraftId", "LanguageCode") DO NOTHING;
INSERT INTO "alchimalia_schema"."AnimalDefinitionTranslations" ("Id", "AnimalDefinitionId", "LanguageCode", "Label") VALUES (uuid_generate_v4(), '00000000-0000-0000-0000-00000000000c', 'en-us', 'Elephant') ON CONFLICT ("AnimalDefinitionId", "LanguageCode") DO NOTHING;
INSERT INTO "alchimalia_schema"."AnimalCraftTranslations" ("Id", "AnimalCraftId", "LanguageCode", "Label") VALUES (uuid_generate_v4(), '00000000-0000-0000-0000-00000000000c', 'en-us', 'Elephant') ON CONFLICT ("AnimalCraftId", "LanguageCode") DO NOTHING;
INSERT INTO "alchimalia_schema"."AnimalDefinitions" ("Id", "Label", "Src", "IsHybrid", "RegionId", "Status", "Version", "BaseVersion", "LastPublishedVersion", "PublishedByUserId", "CreatedAt", "UpdatedAt", "PublishedAtUtc") VALUES ('00000000-0000-0000-0000-00000000000d', 'Ostrich', 'images/animals/base/ostrich.jpg', false, '10000000-0000-0000-0000-000000000004', 'published', 1, 0, 0, NULL, now() at time zone 'utc', now() at time zone 'utc', now() at time zone 'utc') ON CONFLICT ("Id") DO NOTHING;
INSERT INTO "alchimalia_schema"."AnimalCrafts" ("Id", "PublishedDefinitionId", "Label", "Src", "IsHybrid", "RegionId", "Status", "BaseVersion", "LastDraftVersion", "CreatedByUserId", "AssignedReviewerUserId", "ReviewedByUserId", "ApprovedByUserId", "ReviewNotes", "ReviewStartedAt", "ReviewEndedAt", "CreatedAt", "UpdatedAt") VALUES ('00000000-0000-0000-0000-00000000000d', '00000000-0000-0000-0000-00000000000d', 'Ostrich', 'images/animals/base/ostrich.jpg', false, '10000000-0000-0000-0000-000000000004', 'published', 0, 0, NULL, NULL, NULL, NULL, NULL, NULL, NULL, now() at time zone 'utc', now() at time zone 'utc') ON CONFLICT ("Id") DO NOTHING;
INSERT INTO "alchimalia_schema"."AnimalDefinitionTranslations" ("Id", "AnimalDefinitionId", "LanguageCode", "Label") VALUES (uuid_generate_v4(), '00000000-0000-0000-0000-00000000000d', 'ro-ro', 'Ostrich') ON CONFLICT ("AnimalDefinitionId", "LanguageCode") DO NOTHING;
INSERT INTO "alchimalia_schema"."AnimalCraftTranslations" ("Id", "AnimalCraftId", "LanguageCode", "Label") VALUES (uuid_generate_v4(), '00000000-0000-0000-0000-00000000000d', 'ro-ro', 'Ostrich') ON CONFLICT ("AnimalCraftId", "LanguageCode") DO NOTHING;
INSERT INTO "alchimalia_schema"."AnimalDefinitionTranslations" ("Id", "AnimalDefinitionId", "LanguageCode", "Label") VALUES (uuid_generate_v4(), '00000000-0000-0000-0000-00000000000d', 'en-us', 'Ostrich') ON CONFLICT ("AnimalDefinitionId", "LanguageCode") DO NOTHING;
INSERT INTO "alchimalia_schema"."AnimalCraftTranslations" ("Id", "AnimalCraftId", "LanguageCode", "Label") VALUES (uuid_generate_v4(), '00000000-0000-0000-0000-00000000000d', 'en-us', 'Ostrich') ON CONFLICT ("AnimalCraftId", "LanguageCode") DO NOTHING;
INSERT INTO "alchimalia_schema"."AnimalDefinitions" ("Id", "Label", "Src", "IsHybrid", "RegionId", "Status", "Version", "BaseVersion", "LastPublishedVersion", "PublishedByUserId", "CreatedAt", "UpdatedAt", "PublishedAtUtc") VALUES ('00000000-0000-0000-0000-00000000000e', 'Parrot', 'images/animals/base/parrot.jpg', false, '10000000-0000-0000-0000-000000000002', 'published', 1, 0, 0, NULL, now() at time zone 'utc', now() at time zone 'utc', now() at time zone 'utc') ON CONFLICT ("Id") DO NOTHING;
INSERT INTO "alchimalia_schema"."AnimalCrafts" ("Id", "PublishedDefinitionId", "Label", "Src", "IsHybrid", "RegionId", "Status", "BaseVersion", "LastDraftVersion", "CreatedByUserId", "AssignedReviewerUserId", "ReviewedByUserId", "ApprovedByUserId", "ReviewNotes", "ReviewStartedAt", "ReviewEndedAt", "CreatedAt", "UpdatedAt") VALUES ('00000000-0000-0000-0000-00000000000e', '00000000-0000-0000-0000-00000000000e', 'Parrot', 'images/animals/base/parrot.jpg', false, '10000000-0000-0000-0000-000000000002', 'published', 0, 0, NULL, NULL, NULL, NULL, NULL, NULL, NULL, now() at time zone 'utc', now() at time zone 'utc') ON CONFLICT ("Id") DO NOTHING;
INSERT INTO "alchimalia_schema"."AnimalDefinitionTranslations" ("Id", "AnimalDefinitionId", "LanguageCode", "Label") VALUES (uuid_generate_v4(), '00000000-0000-0000-0000-00000000000e', 'ro-ro', 'Parrot') ON CONFLICT ("AnimalDefinitionId", "LanguageCode") DO NOTHING;
INSERT INTO "alchimalia_schema"."AnimalCraftTranslations" ("Id", "AnimalCraftId", "LanguageCode", "Label") VALUES (uuid_generate_v4(), '00000000-0000-0000-0000-00000000000e', 'ro-ro', 'Parrot') ON CONFLICT ("AnimalCraftId", "LanguageCode") DO NOTHING;
INSERT INTO "alchimalia_schema"."AnimalDefinitionTranslations" ("Id", "AnimalDefinitionId", "LanguageCode", "Label") VALUES (uuid_generate_v4(), '00000000-0000-0000-0000-00000000000e', 'en-us', 'Parrot') ON CONFLICT ("AnimalDefinitionId", "LanguageCode") DO NOTHING;
INSERT INTO "alchimalia_schema"."AnimalCraftTranslations" ("Id", "AnimalCraftId", "LanguageCode", "Label") VALUES (uuid_generate_v4(), '00000000-0000-0000-0000-00000000000e', 'en-us', 'Parrot') ON CONFLICT ("AnimalCraftId", "LanguageCode") DO NOTHING;
INSERT INTO "alchimalia_schema"."AnimalDefinitions" ("Id", "Label", "Src", "IsHybrid", "RegionId", "Status", "Version", "BaseVersion", "LastPublishedVersion", "PublishedByUserId", "CreatedAt", "UpdatedAt", "PublishedAtUtc") VALUES ('00000000-0000-0000-0000-00000000000f', 'Jaguar', 'images/animals/base/jaguar.jpg', false, '10000000-0000-0000-0000-000000000002', 'published', 1, 0, 0, NULL, now() at time zone 'utc', now() at time zone 'utc', now() at time zone 'utc') ON CONFLICT ("Id") DO NOTHING;
INSERT INTO "alchimalia_schema"."AnimalCrafts" ("Id", "PublishedDefinitionId", "Label", "Src", "IsHybrid", "RegionId", "Status", "BaseVersion", "LastDraftVersion", "CreatedByUserId", "AssignedReviewerUserId", "ReviewedByUserId", "ApprovedByUserId", "ReviewNotes", "ReviewStartedAt", "ReviewEndedAt", "CreatedAt", "UpdatedAt") VALUES ('00000000-0000-0000-0000-00000000000f', '00000000-0000-0000-0000-00000000000f', 'Jaguar', 'images/animals/base/jaguar.jpg', false, '10000000-0000-0000-0000-000000000002', 'published', 0, 0, NULL, NULL, NULL, NULL, NULL, NULL, NULL, now() at time zone 'utc', now() at time zone 'utc') ON CONFLICT ("Id") DO NOTHING;
INSERT INTO "alchimalia_schema"."AnimalDefinitionTranslations" ("Id", "AnimalDefinitionId", "LanguageCode", "Label") VALUES (uuid_generate_v4(), '00000000-0000-0000-0000-00000000000f', 'ro-ro', 'Jaguar') ON CONFLICT ("AnimalDefinitionId", "LanguageCode") DO NOTHING;
INSERT INTO "alchimalia_schema"."AnimalCraftTranslations" ("Id", "AnimalCraftId", "LanguageCode", "Label") VALUES (uuid_generate_v4(), '00000000-0000-0000-0000-00000000000f', 'ro-ro', 'Jaguar') ON CONFLICT ("AnimalCraftId", "LanguageCode") DO NOTHING;
INSERT INTO "alchimalia_schema"."AnimalDefinitionTranslations" ("Id", "AnimalDefinitionId", "LanguageCode", "Label") VALUES (uuid_generate_v4(), '00000000-0000-0000-0000-00000000000f', 'en-us', 'Jaguar') ON CONFLICT ("AnimalDefinitionId", "LanguageCode") DO NOTHING;
INSERT INTO "alchimalia_schema"."AnimalCraftTranslations" ("Id", "AnimalCraftId", "LanguageCode", "Label") VALUES (uuid_generate_v4(), '00000000-0000-0000-0000-00000000000f', 'en-us', 'Jaguar') ON CONFLICT ("AnimalCraftId", "LanguageCode") DO NOTHING;
INSERT INTO "alchimalia_schema"."AnimalDefinitions" ("Id", "Label", "Src", "IsHybrid", "RegionId", "Status", "Version", "BaseVersion", "LastPublishedVersion", "PublishedByUserId", "CreatedAt", "UpdatedAt", "PublishedAtUtc") VALUES ('00000000-0000-0000-0000-000000000010', 'Toucan', 'images/animals/base/toucan.jpg', false, '10000000-0000-0000-0000-000000000002', 'published', 1, 0, 0, NULL, now() at time zone 'utc', now() at time zone 'utc', now() at time zone 'utc') ON CONFLICT ("Id") DO NOTHING;
INSERT INTO "alchimalia_schema"."AnimalCrafts" ("Id", "PublishedDefinitionId", "Label", "Src", "IsHybrid", "RegionId", "Status", "BaseVersion", "LastDraftVersion", "CreatedByUserId", "AssignedReviewerUserId", "ReviewedByUserId", "ApprovedByUserId", "ReviewNotes", "ReviewStartedAt", "ReviewEndedAt", "CreatedAt", "UpdatedAt") VALUES ('00000000-0000-0000-0000-000000000010', '00000000-0000-0000-0000-000000000010', 'Toucan', 'images/animals/base/toucan.jpg', false, '10000000-0000-0000-0000-000000000002', 'published', 0, 0, NULL, NULL, NULL, NULL, NULL, NULL, NULL, now() at time zone 'utc', now() at time zone 'utc') ON CONFLICT ("Id") DO NOTHING;
INSERT INTO "alchimalia_schema"."AnimalDefinitionTranslations" ("Id", "AnimalDefinitionId", "LanguageCode", "Label") VALUES (uuid_generate_v4(), '00000000-0000-0000-0000-000000000010', 'ro-ro', 'Toucan') ON CONFLICT ("AnimalDefinitionId", "LanguageCode") DO NOTHING;
INSERT INTO "alchimalia_schema"."AnimalCraftTranslations" ("Id", "AnimalCraftId", "LanguageCode", "Label") VALUES (uuid_generate_v4(), '00000000-0000-0000-0000-000000000010', 'ro-ro', 'Toucan') ON CONFLICT ("AnimalCraftId", "LanguageCode") DO NOTHING;
INSERT INTO "alchimalia_schema"."AnimalDefinitionTranslations" ("Id", "AnimalDefinitionId", "LanguageCode", "Label") VALUES (uuid_generate_v4(), '00000000-0000-0000-0000-000000000010', 'en-us', 'Toucan') ON CONFLICT ("AnimalDefinitionId", "LanguageCode") DO NOTHING;
INSERT INTO "alchimalia_schema"."AnimalCraftTranslations" ("Id", "AnimalCraftId", "LanguageCode", "Label") VALUES (uuid_generate_v4(), '00000000-0000-0000-0000-000000000010', 'en-us', 'Toucan') ON CONFLICT ("AnimalCraftId", "LanguageCode") DO NOTHING;
INSERT INTO "alchimalia_schema"."AnimalDefinitions" ("Id", "Label", "Src", "IsHybrid", "RegionId", "Status", "Version", "BaseVersion", "LastPublishedVersion", "PublishedByUserId", "CreatedAt", "UpdatedAt", "PublishedAtUtc") VALUES ('00000000-0000-0000-0000-000000000011', 'Anaconda', 'images/animals/base/anaconda.jpg', false, '10000000-0000-0000-0000-000000000002', 'published', 1, 0, 0, NULL, now() at time zone 'utc', now() at time zone 'utc', now() at time zone 'utc') ON CONFLICT ("Id") DO NOTHING;
INSERT INTO "alchimalia_schema"."AnimalCrafts" ("Id", "PublishedDefinitionId", "Label", "Src", "IsHybrid", "RegionId", "Status", "BaseVersion", "LastDraftVersion", "CreatedByUserId", "AssignedReviewerUserId", "ReviewedByUserId", "ApprovedByUserId", "ReviewNotes", "ReviewStartedAt", "ReviewEndedAt", "CreatedAt", "UpdatedAt") VALUES ('00000000-0000-0000-0000-000000000011', '00000000-0000-0000-0000-000000000011', 'Anaconda', 'images/animals/base/anaconda.jpg', false, '10000000-0000-0000-0000-000000000002', 'published', 0, 0, NULL, NULL, NULL, NULL, NULL, NULL, NULL, now() at time zone 'utc', now() at time zone 'utc') ON CONFLICT ("Id") DO NOTHING;
INSERT INTO "alchimalia_schema"."AnimalDefinitionTranslations" ("Id", "AnimalDefinitionId", "LanguageCode", "Label") VALUES (uuid_generate_v4(), '00000000-0000-0000-0000-000000000011', 'ro-ro', 'Anaconda') ON CONFLICT ("AnimalDefinitionId", "LanguageCode") DO NOTHING;
INSERT INTO "alchimalia_schema"."AnimalCraftTranslations" ("Id", "AnimalCraftId", "LanguageCode", "Label") VALUES (uuid_generate_v4(), '00000000-0000-0000-0000-000000000011', 'ro-ro', 'Anaconda') ON CONFLICT ("AnimalCraftId", "LanguageCode") DO NOTHING;
INSERT INTO "alchimalia_schema"."AnimalDefinitionTranslations" ("Id", "AnimalDefinitionId", "LanguageCode", "Label") VALUES (uuid_generate_v4(), '00000000-0000-0000-0000-000000000011', 'en-us', 'Anaconda') ON CONFLICT ("AnimalDefinitionId", "LanguageCode") DO NOTHING;
INSERT INTO "alchimalia_schema"."AnimalCraftTranslations" ("Id", "AnimalCraftId", "LanguageCode", "Label") VALUES (uuid_generate_v4(), '00000000-0000-0000-0000-000000000011', 'en-us', 'Anaconda') ON CONFLICT ("AnimalCraftId", "LanguageCode") DO NOTHING;
INSERT INTO "alchimalia_schema"."AnimalDefinitions" ("Id", "Label", "Src", "IsHybrid", "RegionId", "Status", "Version", "BaseVersion", "LastPublishedVersion", "PublishedByUserId", "CreatedAt", "UpdatedAt", "PublishedAtUtc") VALUES ('00000000-0000-0000-0000-000000000012', 'Capuchin Monkey', 'images/animals/base/capuchin_monkey.jpg', false, '10000000-0000-0000-0000-000000000002', 'published', 1, 0, 0, NULL, now() at time zone 'utc', now() at time zone 'utc', now() at time zone 'utc') ON CONFLICT ("Id") DO NOTHING;
INSERT INTO "alchimalia_schema"."AnimalCrafts" ("Id", "PublishedDefinitionId", "Label", "Src", "IsHybrid", "RegionId", "Status", "BaseVersion", "LastDraftVersion", "CreatedByUserId", "AssignedReviewerUserId", "ReviewedByUserId", "ApprovedByUserId", "ReviewNotes", "ReviewStartedAt", "ReviewEndedAt", "CreatedAt", "UpdatedAt") VALUES ('00000000-0000-0000-0000-000000000012', '00000000-0000-0000-0000-000000000012', 'Capuchin Monkey', 'images/animals/base/capuchin_monkey.jpg', false, '10000000-0000-0000-0000-000000000002', 'published', 0, 0, NULL, NULL, NULL, NULL, NULL, NULL, NULL, now() at time zone 'utc', now() at time zone 'utc') ON CONFLICT ("Id") DO NOTHING;
INSERT INTO "alchimalia_schema"."AnimalDefinitionTranslations" ("Id", "AnimalDefinitionId", "LanguageCode", "Label") VALUES (uuid_generate_v4(), '00000000-0000-0000-0000-000000000012', 'ro-ro', 'Capuchin Monkey') ON CONFLICT ("AnimalDefinitionId", "LanguageCode") DO NOTHING;
INSERT INTO "alchimalia_schema"."AnimalCraftTranslations" ("Id", "AnimalCraftId", "LanguageCode", "Label") VALUES (uuid_generate_v4(), '00000000-0000-0000-0000-000000000012', 'ro-ro', 'Capuchin Monkey') ON CONFLICT ("AnimalCraftId", "LanguageCode") DO NOTHING;
INSERT INTO "alchimalia_schema"."AnimalDefinitionTranslations" ("Id", "AnimalDefinitionId", "LanguageCode", "Label") VALUES (uuid_generate_v4(), '00000000-0000-0000-0000-000000000012', 'en-us', 'Capuchin Monkey') ON CONFLICT ("AnimalDefinitionId", "LanguageCode") DO NOTHING;
INSERT INTO "alchimalia_schema"."AnimalCraftTranslations" ("Id", "AnimalCraftId", "LanguageCode", "Label") VALUES (uuid_generate_v4(), '00000000-0000-0000-0000-000000000012', 'en-us', 'Capuchin Monkey') ON CONFLICT ("AnimalCraftId", "LanguageCode") DO NOTHING;
INSERT INTO "alchimalia_schema"."AnimalDefinitions" ("Id", "Label", "Src", "IsHybrid", "RegionId", "Status", "Version", "BaseVersion", "LastPublishedVersion", "PublishedByUserId", "CreatedAt", "UpdatedAt", "PublishedAtUtc") VALUES ('00000000-0000-0000-0000-000000000013', 'Poison Dart Frog', 'images/animals/base/poison_dart_frog.jpg', false, '10000000-0000-0000-0000-000000000002', 'published', 1, 0, 0, NULL, now() at time zone 'utc', now() at time zone 'utc', now() at time zone 'utc') ON CONFLICT ("Id") DO NOTHING;
INSERT INTO "alchimalia_schema"."AnimalCrafts" ("Id", "PublishedDefinitionId", "Label", "Src", "IsHybrid", "RegionId", "Status", "BaseVersion", "LastDraftVersion", "CreatedByUserId", "AssignedReviewerUserId", "ReviewedByUserId", "ApprovedByUserId", "ReviewNotes", "ReviewStartedAt", "ReviewEndedAt", "CreatedAt", "UpdatedAt") VALUES ('00000000-0000-0000-0000-000000000013', '00000000-0000-0000-0000-000000000013', 'Poison Dart Frog', 'images/animals/base/poison_dart_frog.jpg', false, '10000000-0000-0000-0000-000000000002', 'published', 0, 0, NULL, NULL, NULL, NULL, NULL, NULL, NULL, now() at time zone 'utc', now() at time zone 'utc') ON CONFLICT ("Id") DO NOTHING;
INSERT INTO "alchimalia_schema"."AnimalDefinitionTranslations" ("Id", "AnimalDefinitionId", "LanguageCode", "Label") VALUES (uuid_generate_v4(), '00000000-0000-0000-0000-000000000013', 'ro-ro', 'Poison Dart Frog') ON CONFLICT ("AnimalDefinitionId", "LanguageCode") DO NOTHING;
INSERT INTO "alchimalia_schema"."AnimalCraftTranslations" ("Id", "AnimalCraftId", "LanguageCode", "Label") VALUES (uuid_generate_v4(), '00000000-0000-0000-0000-000000000013', 'ro-ro', 'Poison Dart Frog') ON CONFLICT ("AnimalCraftId", "LanguageCode") DO NOTHING;
INSERT INTO "alchimalia_schema"."AnimalDefinitionTranslations" ("Id", "AnimalDefinitionId", "LanguageCode", "Label") VALUES (uuid_generate_v4(), '00000000-0000-0000-0000-000000000013', 'en-us', 'Poison Dart Frog') ON CONFLICT ("AnimalDefinitionId", "LanguageCode") DO NOTHING;
INSERT INTO "alchimalia_schema"."AnimalCraftTranslations" ("Id", "AnimalCraftId", "LanguageCode", "Label") VALUES (uuid_generate_v4(), '00000000-0000-0000-0000-000000000013', 'en-us', 'Poison Dart Frog') ON CONFLICT ("AnimalCraftId", "LanguageCode") DO NOTHING;
INSERT INTO "alchimalia_schema"."AnimalDefinitions" ("Id", "Label", "Src", "IsHybrid", "RegionId", "Status", "Version", "BaseVersion", "LastPublishedVersion", "PublishedByUserId", "CreatedAt", "UpdatedAt", "PublishedAtUtc") VALUES ('00000000-0000-0000-0000-000000000014', 'Lion', 'images/animals/base/lion.jpg', false, '10000000-0000-0000-0000-000000000004', 'published', 1, 0, 0, NULL, now() at time zone 'utc', now() at time zone 'utc', now() at time zone 'utc') ON CONFLICT ("Id") DO NOTHING;
INSERT INTO "alchimalia_schema"."AnimalCrafts" ("Id", "PublishedDefinitionId", "Label", "Src", "IsHybrid", "RegionId", "Status", "BaseVersion", "LastDraftVersion", "CreatedByUserId", "AssignedReviewerUserId", "ReviewedByUserId", "ApprovedByUserId", "ReviewNotes", "ReviewStartedAt", "ReviewEndedAt", "CreatedAt", "UpdatedAt") VALUES ('00000000-0000-0000-0000-000000000014', '00000000-0000-0000-0000-000000000014', 'Lion', 'images/animals/base/lion.jpg', false, '10000000-0000-0000-0000-000000000004', 'published', 0, 0, NULL, NULL, NULL, NULL, NULL, NULL, NULL, now() at time zone 'utc', now() at time zone 'utc') ON CONFLICT ("Id") DO NOTHING;
INSERT INTO "alchimalia_schema"."AnimalDefinitionTranslations" ("Id", "AnimalDefinitionId", "LanguageCode", "Label") VALUES (uuid_generate_v4(), '00000000-0000-0000-0000-000000000014', 'ro-ro', 'Lion') ON CONFLICT ("AnimalDefinitionId", "LanguageCode") DO NOTHING;
INSERT INTO "alchimalia_schema"."AnimalCraftTranslations" ("Id", "AnimalCraftId", "LanguageCode", "Label") VALUES (uuid_generate_v4(), '00000000-0000-0000-0000-000000000014', 'ro-ro', 'Lion') ON CONFLICT ("AnimalCraftId", "LanguageCode") DO NOTHING;
INSERT INTO "alchimalia_schema"."AnimalDefinitionTranslations" ("Id", "AnimalDefinitionId", "LanguageCode", "Label") VALUES (uuid_generate_v4(), '00000000-0000-0000-0000-000000000014', 'en-us', 'Lion') ON CONFLICT ("AnimalDefinitionId", "LanguageCode") DO NOTHING;
INSERT INTO "alchimalia_schema"."AnimalCraftTranslations" ("Id", "AnimalCraftId", "LanguageCode", "Label") VALUES (uuid_generate_v4(), '00000000-0000-0000-0000-000000000014', 'en-us', 'Lion') ON CONFLICT ("AnimalCraftId", "LanguageCode") DO NOTHING;
INSERT INTO "alchimalia_schema"."AnimalDefinitions" ("Id", "Label", "Src", "IsHybrid", "RegionId", "Status", "Version", "BaseVersion", "LastPublishedVersion", "PublishedByUserId", "CreatedAt", "UpdatedAt", "PublishedAtUtc") VALUES ('00000000-0000-0000-0000-000000000015', 'African Elephant', 'images/animals/base/african_elephant.jpg', false, '10000000-0000-0000-0000-000000000004', 'published', 1, 0, 0, NULL, now() at time zone 'utc', now() at time zone 'utc', now() at time zone 'utc') ON CONFLICT ("Id") DO NOTHING;
INSERT INTO "alchimalia_schema"."AnimalCrafts" ("Id", "PublishedDefinitionId", "Label", "Src", "IsHybrid", "RegionId", "Status", "BaseVersion", "LastDraftVersion", "CreatedByUserId", "AssignedReviewerUserId", "ReviewedByUserId", "ApprovedByUserId", "ReviewNotes", "ReviewStartedAt", "ReviewEndedAt", "CreatedAt", "UpdatedAt") VALUES ('00000000-0000-0000-0000-000000000015', '00000000-0000-0000-0000-000000000015', 'African Elephant', 'images/animals/base/african_elephant.jpg', false, '10000000-0000-0000-0000-000000000004', 'published', 0, 0, NULL, NULL, NULL, NULL, NULL, NULL, NULL, now() at time zone 'utc', now() at time zone 'utc') ON CONFLICT ("Id") DO NOTHING;
INSERT INTO "alchimalia_schema"."AnimalDefinitionTranslations" ("Id", "AnimalDefinitionId", "LanguageCode", "Label") VALUES (uuid_generate_v4(), '00000000-0000-0000-0000-000000000015', 'ro-ro', 'African Elephant') ON CONFLICT ("AnimalDefinitionId", "LanguageCode") DO NOTHING;
INSERT INTO "alchimalia_schema"."AnimalCraftTranslations" ("Id", "AnimalCraftId", "LanguageCode", "Label") VALUES (uuid_generate_v4(), '00000000-0000-0000-0000-000000000015', 'ro-ro', 'African Elephant') ON CONFLICT ("AnimalCraftId", "LanguageCode") DO NOTHING;
INSERT INTO "alchimalia_schema"."AnimalDefinitionTranslations" ("Id", "AnimalDefinitionId", "LanguageCode", "Label") VALUES (uuid_generate_v4(), '00000000-0000-0000-0000-000000000015', 'en-us', 'African Elephant') ON CONFLICT ("AnimalDefinitionId", "LanguageCode") DO NOTHING;
INSERT INTO "alchimalia_schema"."AnimalCraftTranslations" ("Id", "AnimalCraftId", "LanguageCode", "Label") VALUES (uuid_generate_v4(), '00000000-0000-0000-0000-000000000015', 'en-us', 'African Elephant') ON CONFLICT ("AnimalCraftId", "LanguageCode") DO NOTHING;
INSERT INTO "alchimalia_schema"."AnimalDefinitions" ("Id", "Label", "Src", "IsHybrid", "RegionId", "Status", "Version", "BaseVersion", "LastPublishedVersion", "PublishedByUserId", "CreatedAt", "UpdatedAt", "PublishedAtUtc") VALUES ('00000000-0000-0000-0000-000000000016', 'Giraffe', 'images/animals/base/giraffe.jpg', false, '10000000-0000-0000-0000-000000000004', 'published', 1, 0, 0, NULL, now() at time zone 'utc', now() at time zone 'utc', now() at time zone 'utc') ON CONFLICT ("Id") DO NOTHING;
INSERT INTO "alchimalia_schema"."AnimalCrafts" ("Id", "PublishedDefinitionId", "Label", "Src", "IsHybrid", "RegionId", "Status", "BaseVersion", "LastDraftVersion", "CreatedByUserId", "AssignedReviewerUserId", "ReviewedByUserId", "ApprovedByUserId", "ReviewNotes", "ReviewStartedAt", "ReviewEndedAt", "CreatedAt", "UpdatedAt") VALUES ('00000000-0000-0000-0000-000000000016', '00000000-0000-0000-0000-000000000016', 'Giraffe', 'images/animals/base/giraffe.jpg', false, '10000000-0000-0000-0000-000000000004', 'published', 0, 0, NULL, NULL, NULL, NULL, NULL, NULL, NULL, now() at time zone 'utc', now() at time zone 'utc') ON CONFLICT ("Id") DO NOTHING;
INSERT INTO "alchimalia_schema"."AnimalDefinitionTranslations" ("Id", "AnimalDefinitionId", "LanguageCode", "Label") VALUES (uuid_generate_v4(), '00000000-0000-0000-0000-000000000016', 'ro-ro', 'Giraffe') ON CONFLICT ("AnimalDefinitionId", "LanguageCode") DO NOTHING;
INSERT INTO "alchimalia_schema"."AnimalCraftTranslations" ("Id", "AnimalCraftId", "LanguageCode", "Label") VALUES (uuid_generate_v4(), '00000000-0000-0000-0000-000000000016', 'ro-ro', 'Giraffe') ON CONFLICT ("AnimalCraftId", "LanguageCode") DO NOTHING;
INSERT INTO "alchimalia_schema"."AnimalDefinitionTranslations" ("Id", "AnimalDefinitionId", "LanguageCode", "Label") VALUES (uuid_generate_v4(), '00000000-0000-0000-0000-000000000016', 'en-us', 'Giraffe') ON CONFLICT ("AnimalDefinitionId", "LanguageCode") DO NOTHING;
INSERT INTO "alchimalia_schema"."AnimalCraftTranslations" ("Id", "AnimalCraftId", "LanguageCode", "Label") VALUES (uuid_generate_v4(), '00000000-0000-0000-0000-000000000016', 'en-us', 'Giraffe') ON CONFLICT ("AnimalCraftId", "LanguageCode") DO NOTHING;
INSERT INTO "alchimalia_schema"."AnimalDefinitions" ("Id", "Label", "Src", "IsHybrid", "RegionId", "Status", "Version", "BaseVersion", "LastPublishedVersion", "PublishedByUserId", "CreatedAt", "UpdatedAt", "PublishedAtUtc") VALUES ('00000000-0000-0000-0000-000000000017', 'Zebra', 'images/animals/base/zebra.jpg', false, '10000000-0000-0000-0000-000000000004', 'published', 1, 0, 0, NULL, now() at time zone 'utc', now() at time zone 'utc', now() at time zone 'utc') ON CONFLICT ("Id") DO NOTHING;
INSERT INTO "alchimalia_schema"."AnimalCrafts" ("Id", "PublishedDefinitionId", "Label", "Src", "IsHybrid", "RegionId", "Status", "BaseVersion", "LastDraftVersion", "CreatedByUserId", "AssignedReviewerUserId", "ReviewedByUserId", "ApprovedByUserId", "ReviewNotes", "ReviewStartedAt", "ReviewEndedAt", "CreatedAt", "UpdatedAt") VALUES ('00000000-0000-0000-0000-000000000017', '00000000-0000-0000-0000-000000000017', 'Zebra', 'images/animals/base/zebra.jpg', false, '10000000-0000-0000-0000-000000000004', 'published', 0, 0, NULL, NULL, NULL, NULL, NULL, NULL, NULL, now() at time zone 'utc', now() at time zone 'utc') ON CONFLICT ("Id") DO NOTHING;
INSERT INTO "alchimalia_schema"."AnimalDefinitionTranslations" ("Id", "AnimalDefinitionId", "LanguageCode", "Label") VALUES (uuid_generate_v4(), '00000000-0000-0000-0000-000000000017', 'ro-ro', 'Zebra') ON CONFLICT ("AnimalDefinitionId", "LanguageCode") DO NOTHING;
INSERT INTO "alchimalia_schema"."AnimalCraftTranslations" ("Id", "AnimalCraftId", "LanguageCode", "Label") VALUES (uuid_generate_v4(), '00000000-0000-0000-0000-000000000017', 'ro-ro', 'Zebra') ON CONFLICT ("AnimalCraftId", "LanguageCode") DO NOTHING;
INSERT INTO "alchimalia_schema"."AnimalDefinitionTranslations" ("Id", "AnimalDefinitionId", "LanguageCode", "Label") VALUES (uuid_generate_v4(), '00000000-0000-0000-0000-000000000017', 'en-us', 'Zebra') ON CONFLICT ("AnimalDefinitionId", "LanguageCode") DO NOTHING;
INSERT INTO "alchimalia_schema"."AnimalCraftTranslations" ("Id", "AnimalCraftId", "LanguageCode", "Label") VALUES (uuid_generate_v4(), '00000000-0000-0000-0000-000000000017', 'en-us', 'Zebra') ON CONFLICT ("AnimalCraftId", "LanguageCode") DO NOTHING;
INSERT INTO "alchimalia_schema"."AnimalDefinitions" ("Id", "Label", "Src", "IsHybrid", "RegionId", "Status", "Version", "BaseVersion", "LastPublishedVersion", "PublishedByUserId", "CreatedAt", "UpdatedAt", "PublishedAtUtc") VALUES ('00000000-0000-0000-0000-000000000018', 'Rhinoceros', 'images/animals/base/rhinoceros.jpg', false, '10000000-0000-0000-0000-000000000004', 'published', 1, 0, 0, NULL, now() at time zone 'utc', now() at time zone 'utc', now() at time zone 'utc') ON CONFLICT ("Id") DO NOTHING;
INSERT INTO "alchimalia_schema"."AnimalCrafts" ("Id", "PublishedDefinitionId", "Label", "Src", "IsHybrid", "RegionId", "Status", "BaseVersion", "LastDraftVersion", "CreatedByUserId", "AssignedReviewerUserId", "ReviewedByUserId", "ApprovedByUserId", "ReviewNotes", "ReviewStartedAt", "ReviewEndedAt", "CreatedAt", "UpdatedAt") VALUES ('00000000-0000-0000-0000-000000000018', '00000000-0000-0000-0000-000000000018', 'Rhinoceros', 'images/animals/base/rhinoceros.jpg', false, '10000000-0000-0000-0000-000000000004', 'published', 0, 0, NULL, NULL, NULL, NULL, NULL, NULL, NULL, now() at time zone 'utc', now() at time zone 'utc') ON CONFLICT ("Id") DO NOTHING;
INSERT INTO "alchimalia_schema"."AnimalDefinitionTranslations" ("Id", "AnimalDefinitionId", "LanguageCode", "Label") VALUES (uuid_generate_v4(), '00000000-0000-0000-0000-000000000018', 'ro-ro', 'Rhinoceros') ON CONFLICT ("AnimalDefinitionId", "LanguageCode") DO NOTHING;
INSERT INTO "alchimalia_schema"."AnimalCraftTranslations" ("Id", "AnimalCraftId", "LanguageCode", "Label") VALUES (uuid_generate_v4(), '00000000-0000-0000-0000-000000000018', 'ro-ro', 'Rhinoceros') ON CONFLICT ("AnimalCraftId", "LanguageCode") DO NOTHING;
INSERT INTO "alchimalia_schema"."AnimalDefinitionTranslations" ("Id", "AnimalDefinitionId", "LanguageCode", "Label") VALUES (uuid_generate_v4(), '00000000-0000-0000-0000-000000000018', 'en-us', 'Rhinoceros') ON CONFLICT ("AnimalDefinitionId", "LanguageCode") DO NOTHING;
INSERT INTO "alchimalia_schema"."AnimalCraftTranslations" ("Id", "AnimalCraftId", "LanguageCode", "Label") VALUES (uuid_generate_v4(), '00000000-0000-0000-0000-000000000018', 'en-us', 'Rhinoceros') ON CONFLICT ("AnimalCraftId", "LanguageCode") DO NOTHING;
INSERT INTO "alchimalia_schema"."AnimalDefinitions" ("Id", "Label", "Src", "IsHybrid", "RegionId", "Status", "Version", "BaseVersion", "LastPublishedVersion", "PublishedByUserId", "CreatedAt", "UpdatedAt", "PublishedAtUtc") VALUES ('00000000-0000-0000-0000-000000000019', 'Bison', 'images/animals/base/bison.jpg', false, '10000000-0000-0000-0000-000000000007', 'published', 1, 0, 0, NULL, now() at time zone 'utc', now() at time zone 'utc', now() at time zone 'utc') ON CONFLICT ("Id") DO NOTHING;
INSERT INTO "alchimalia_schema"."AnimalCrafts" ("Id", "PublishedDefinitionId", "Label", "Src", "IsHybrid", "RegionId", "Status", "BaseVersion", "LastDraftVersion", "CreatedByUserId", "AssignedReviewerUserId", "ReviewedByUserId", "ApprovedByUserId", "ReviewNotes", "ReviewStartedAt", "ReviewEndedAt", "CreatedAt", "UpdatedAt") VALUES ('00000000-0000-0000-0000-000000000019', '00000000-0000-0000-0000-000000000019', 'Bison', 'images/animals/base/bison.jpg', false, '10000000-0000-0000-0000-000000000007', 'published', 0, 0, NULL, NULL, NULL, NULL, NULL, NULL, NULL, now() at time zone 'utc', now() at time zone 'utc') ON CONFLICT ("Id") DO NOTHING;
INSERT INTO "alchimalia_schema"."AnimalDefinitionTranslations" ("Id", "AnimalDefinitionId", "LanguageCode", "Label") VALUES (uuid_generate_v4(), '00000000-0000-0000-0000-000000000019', 'ro-ro', 'Bison') ON CONFLICT ("AnimalDefinitionId", "LanguageCode") DO NOTHING;
INSERT INTO "alchimalia_schema"."AnimalCraftTranslations" ("Id", "AnimalCraftId", "LanguageCode", "Label") VALUES (uuid_generate_v4(), '00000000-0000-0000-0000-000000000019', 'ro-ro', 'Bison') ON CONFLICT ("AnimalCraftId", "LanguageCode") DO NOTHING;
INSERT INTO "alchimalia_schema"."AnimalDefinitionTranslations" ("Id", "AnimalDefinitionId", "LanguageCode", "Label") VALUES (uuid_generate_v4(), '00000000-0000-0000-0000-000000000019', 'en-us', 'Bison') ON CONFLICT ("AnimalDefinitionId", "LanguageCode") DO NOTHING;
INSERT INTO "alchimalia_schema"."AnimalCraftTranslations" ("Id", "AnimalCraftId", "LanguageCode", "Label") VALUES (uuid_generate_v4(), '00000000-0000-0000-0000-000000000019', 'en-us', 'Bison') ON CONFLICT ("AnimalCraftId", "LanguageCode") DO NOTHING;
INSERT INTO "alchimalia_schema"."AnimalDefinitions" ("Id", "Label", "Src", "IsHybrid", "RegionId", "Status", "Version", "BaseVersion", "LastPublishedVersion", "PublishedByUserId", "CreatedAt", "UpdatedAt", "PublishedAtUtc") VALUES ('00000000-0000-0000-0000-00000000001a', 'Saiga Antelope', 'images/animals/base/saiga_antelope.jpg', false, '10000000-0000-0000-0000-000000000004', 'published', 1, 0, 0, NULL, now() at time zone 'utc', now() at time zone 'utc', now() at time zone 'utc') ON CONFLICT ("Id") DO NOTHING;
INSERT INTO "alchimalia_schema"."AnimalCrafts" ("Id", "PublishedDefinitionId", "Label", "Src", "IsHybrid", "RegionId", "Status", "BaseVersion", "LastDraftVersion", "CreatedByUserId", "AssignedReviewerUserId", "ReviewedByUserId", "ApprovedByUserId", "ReviewNotes", "ReviewStartedAt", "ReviewEndedAt", "CreatedAt", "UpdatedAt") VALUES ('00000000-0000-0000-0000-00000000001a', '00000000-0000-0000-0000-00000000001a', 'Saiga Antelope', 'images/animals/base/saiga_antelope.jpg', false, '10000000-0000-0000-0000-000000000004', 'published', 0, 0, NULL, NULL, NULL, NULL, NULL, NULL, NULL, now() at time zone 'utc', now() at time zone 'utc') ON CONFLICT ("Id") DO NOTHING;
INSERT INTO "alchimalia_schema"."AnimalDefinitionTranslations" ("Id", "AnimalDefinitionId", "LanguageCode", "Label") VALUES (uuid_generate_v4(), '00000000-0000-0000-0000-00000000001a', 'ro-ro', 'Saiga Antelope') ON CONFLICT ("AnimalDefinitionId", "LanguageCode") DO NOTHING;
INSERT INTO "alchimalia_schema"."AnimalCraftTranslations" ("Id", "AnimalCraftId", "LanguageCode", "Label") VALUES (uuid_generate_v4(), '00000000-0000-0000-0000-00000000001a', 'ro-ro', 'Saiga Antelope') ON CONFLICT ("AnimalCraftId", "LanguageCode") DO NOTHING;
INSERT INTO "alchimalia_schema"."AnimalDefinitionTranslations" ("Id", "AnimalDefinitionId", "LanguageCode", "Label") VALUES (uuid_generate_v4(), '00000000-0000-0000-0000-00000000001a', 'en-us', 'Saiga Antelope') ON CONFLICT ("AnimalDefinitionId", "LanguageCode") DO NOTHING;
INSERT INTO "alchimalia_schema"."AnimalCraftTranslations" ("Id", "AnimalCraftId", "LanguageCode", "Label") VALUES (uuid_generate_v4(), '00000000-0000-0000-0000-00000000001a', 'en-us', 'Saiga Antelope') ON CONFLICT ("AnimalCraftId", "LanguageCode") DO NOTHING;
INSERT INTO "alchimalia_schema"."AnimalDefinitions" ("Id", "Label", "Src", "IsHybrid", "RegionId", "Status", "Version", "BaseVersion", "LastPublishedVersion", "PublishedByUserId", "CreatedAt", "UpdatedAt", "PublishedAtUtc") VALUES ('00000000-0000-0000-0000-00000000001b', 'Gray Wolf', 'images/animals/base/gray_wolf.jpg', false, '10000000-0000-0000-0000-000000000005', 'published', 1, 0, 0, NULL, now() at time zone 'utc', now() at time zone 'utc', now() at time zone 'utc') ON CONFLICT ("Id") DO NOTHING;
INSERT INTO "alchimalia_schema"."AnimalCrafts" ("Id", "PublishedDefinitionId", "Label", "Src", "IsHybrid", "RegionId", "Status", "BaseVersion", "LastDraftVersion", "CreatedByUserId", "AssignedReviewerUserId", "ReviewedByUserId", "ApprovedByUserId", "ReviewNotes", "ReviewStartedAt", "ReviewEndedAt", "CreatedAt", "UpdatedAt") VALUES ('00000000-0000-0000-0000-00000000001b', '00000000-0000-0000-0000-00000000001b', 'Gray Wolf', 'images/animals/base/gray_wolf.jpg', false, '10000000-0000-0000-0000-000000000005', 'published', 0, 0, NULL, NULL, NULL, NULL, NULL, NULL, NULL, now() at time zone 'utc', now() at time zone 'utc') ON CONFLICT ("Id") DO NOTHING;
INSERT INTO "alchimalia_schema"."AnimalDefinitionTranslations" ("Id", "AnimalDefinitionId", "LanguageCode", "Label") VALUES (uuid_generate_v4(), '00000000-0000-0000-0000-00000000001b', 'ro-ro', 'Gray Wolf') ON CONFLICT ("AnimalDefinitionId", "LanguageCode") DO NOTHING;
INSERT INTO "alchimalia_schema"."AnimalCraftTranslations" ("Id", "AnimalCraftId", "LanguageCode", "Label") VALUES (uuid_generate_v4(), '00000000-0000-0000-0000-00000000001b', 'ro-ro', 'Gray Wolf') ON CONFLICT ("AnimalCraftId", "LanguageCode") DO NOTHING;
INSERT INTO "alchimalia_schema"."AnimalDefinitionTranslations" ("Id", "AnimalDefinitionId", "LanguageCode", "Label") VALUES (uuid_generate_v4(), '00000000-0000-0000-0000-00000000001b', 'en-us', 'Gray Wolf') ON CONFLICT ("AnimalDefinitionId", "LanguageCode") DO NOTHING;
INSERT INTO "alchimalia_schema"."AnimalCraftTranslations" ("Id", "AnimalCraftId", "LanguageCode", "Label") VALUES (uuid_generate_v4(), '00000000-0000-0000-0000-00000000001b', 'en-us', 'Gray Wolf') ON CONFLICT ("AnimalCraftId", "LanguageCode") DO NOTHING;
INSERT INTO "alchimalia_schema"."AnimalDefinitions" ("Id", "Label", "Src", "IsHybrid", "RegionId", "Status", "Version", "BaseVersion", "LastPublishedVersion", "PublishedByUserId", "CreatedAt", "UpdatedAt", "PublishedAtUtc") VALUES ('00000000-0000-0000-0000-00000000001c', 'Przewalski''s Horse', 'images/animals/base/przewalski_horse.jpg', false, '10000000-0000-0000-0000-000000000007', 'published', 1, 0, 0, NULL, now() at time zone 'utc', now() at time zone 'utc', now() at time zone 'utc') ON CONFLICT ("Id") DO NOTHING;
INSERT INTO "alchimalia_schema"."AnimalCrafts" ("Id", "PublishedDefinitionId", "Label", "Src", "IsHybrid", "RegionId", "Status", "BaseVersion", "LastDraftVersion", "CreatedByUserId", "AssignedReviewerUserId", "ReviewedByUserId", "ApprovedByUserId", "ReviewNotes", "ReviewStartedAt", "ReviewEndedAt", "CreatedAt", "UpdatedAt") VALUES ('00000000-0000-0000-0000-00000000001c', '00000000-0000-0000-0000-00000000001c', 'Przewalski''s Horse', 'images/animals/base/przewalski_horse.jpg', false, '10000000-0000-0000-0000-000000000007', 'published', 0, 0, NULL, NULL, NULL, NULL, NULL, NULL, NULL, now() at time zone 'utc', now() at time zone 'utc') ON CONFLICT ("Id") DO NOTHING;
INSERT INTO "alchimalia_schema"."AnimalDefinitionTranslations" ("Id", "AnimalDefinitionId", "LanguageCode", "Label") VALUES (uuid_generate_v4(), '00000000-0000-0000-0000-00000000001c', 'ro-ro', 'Przewalski''s Horse') ON CONFLICT ("AnimalDefinitionId", "LanguageCode") DO NOTHING;
INSERT INTO "alchimalia_schema"."AnimalCraftTranslations" ("Id", "AnimalCraftId", "LanguageCode", "Label") VALUES (uuid_generate_v4(), '00000000-0000-0000-0000-00000000001c', 'ro-ro', 'Przewalski''s Horse') ON CONFLICT ("AnimalCraftId", "LanguageCode") DO NOTHING;
INSERT INTO "alchimalia_schema"."AnimalDefinitionTranslations" ("Id", "AnimalDefinitionId", "LanguageCode", "Label") VALUES (uuid_generate_v4(), '00000000-0000-0000-0000-00000000001c', 'en-us', 'Przewalski''s Horse') ON CONFLICT ("AnimalDefinitionId", "LanguageCode") DO NOTHING;
INSERT INTO "alchimalia_schema"."AnimalCraftTranslations" ("Id", "AnimalCraftId", "LanguageCode", "Label") VALUES (uuid_generate_v4(), '00000000-0000-0000-0000-00000000001c', 'en-us', 'Przewalski''s Horse') ON CONFLICT ("AnimalCraftId", "LanguageCode") DO NOTHING;
INSERT INTO "alchimalia_schema"."AnimalDefinitions" ("Id", "Label", "Src", "IsHybrid", "RegionId", "Status", "Version", "BaseVersion", "LastPublishedVersion", "PublishedByUserId", "CreatedAt", "UpdatedAt", "PublishedAtUtc") VALUES ('00000000-0000-0000-0000-00000000001d', 'Steppe Eagle', 'images/animals/base/steppe_eagle.jpg', false, '10000000-0000-0000-0000-000000000007', 'published', 1, 0, 0, NULL, now() at time zone 'utc', now() at time zone 'utc', now() at time zone 'utc') ON CONFLICT ("Id") DO NOTHING;
INSERT INTO "alchimalia_schema"."AnimalCrafts" ("Id", "PublishedDefinitionId", "Label", "Src", "IsHybrid", "RegionId", "Status", "BaseVersion", "LastDraftVersion", "CreatedByUserId", "AssignedReviewerUserId", "ReviewedByUserId", "ApprovedByUserId", "ReviewNotes", "ReviewStartedAt", "ReviewEndedAt", "CreatedAt", "UpdatedAt") VALUES ('00000000-0000-0000-0000-00000000001d', '00000000-0000-0000-0000-00000000001d', 'Steppe Eagle', 'images/animals/base/steppe_eagle.jpg', false, '10000000-0000-0000-0000-000000000007', 'published', 0, 0, NULL, NULL, NULL, NULL, NULL, NULL, NULL, now() at time zone 'utc', now() at time zone 'utc') ON CONFLICT ("Id") DO NOTHING;
INSERT INTO "alchimalia_schema"."AnimalDefinitionTranslations" ("Id", "AnimalDefinitionId", "LanguageCode", "Label") VALUES (uuid_generate_v4(), '00000000-0000-0000-0000-00000000001d', 'ro-ro', 'Steppe Eagle') ON CONFLICT ("AnimalDefinitionId", "LanguageCode") DO NOTHING;
INSERT INTO "alchimalia_schema"."AnimalCraftTranslations" ("Id", "AnimalCraftId", "LanguageCode", "Label") VALUES (uuid_generate_v4(), '00000000-0000-0000-0000-00000000001d', 'ro-ro', 'Steppe Eagle') ON CONFLICT ("AnimalCraftId", "LanguageCode") DO NOTHING;
INSERT INTO "alchimalia_schema"."AnimalDefinitionTranslations" ("Id", "AnimalDefinitionId", "LanguageCode", "Label") VALUES (uuid_generate_v4(), '00000000-0000-0000-0000-00000000001d', 'en-us', 'Steppe Eagle') ON CONFLICT ("AnimalDefinitionId", "LanguageCode") DO NOTHING;
INSERT INTO "alchimalia_schema"."AnimalCraftTranslations" ("Id", "AnimalCraftId", "LanguageCode", "Label") VALUES (uuid_generate_v4(), '00000000-0000-0000-0000-00000000001d', 'en-us', 'Steppe Eagle') ON CONFLICT ("AnimalCraftId", "LanguageCode") DO NOTHING;
INSERT INTO "alchimalia_schema"."AnimalDefinitions" ("Id", "Label", "Src", "IsHybrid", "RegionId", "Status", "Version", "BaseVersion", "LastPublishedVersion", "PublishedByUserId", "CreatedAt", "UpdatedAt", "PublishedAtUtc") VALUES ('00000000-0000-0000-0000-00000000001e', 'Cow', 'images/animals/base/cow.jpg', false, '10000000-0000-0000-0000-000000000003', 'published', 1, 0, 0, NULL, now() at time zone 'utc', now() at time zone 'utc', now() at time zone 'utc') ON CONFLICT ("Id") DO NOTHING;
INSERT INTO "alchimalia_schema"."AnimalCrafts" ("Id", "PublishedDefinitionId", "Label", "Src", "IsHybrid", "RegionId", "Status", "BaseVersion", "LastDraftVersion", "CreatedByUserId", "AssignedReviewerUserId", "ReviewedByUserId", "ApprovedByUserId", "ReviewNotes", "ReviewStartedAt", "ReviewEndedAt", "CreatedAt", "UpdatedAt") VALUES ('00000000-0000-0000-0000-00000000001e', '00000000-0000-0000-0000-00000000001e', 'Cow', 'images/animals/base/cow.jpg', false, '10000000-0000-0000-0000-000000000003', 'published', 0, 0, NULL, NULL, NULL, NULL, NULL, NULL, NULL, now() at time zone 'utc', now() at time zone 'utc') ON CONFLICT ("Id") DO NOTHING;
INSERT INTO "alchimalia_schema"."AnimalDefinitionTranslations" ("Id", "AnimalDefinitionId", "LanguageCode", "Label") VALUES (uuid_generate_v4(), '00000000-0000-0000-0000-00000000001e', 'ro-ro', 'Cow') ON CONFLICT ("AnimalDefinitionId", "LanguageCode") DO NOTHING;
INSERT INTO "alchimalia_schema"."AnimalCraftTranslations" ("Id", "AnimalCraftId", "LanguageCode", "Label") VALUES (uuid_generate_v4(), '00000000-0000-0000-0000-00000000001e', 'ro-ro', 'Cow') ON CONFLICT ("AnimalCraftId", "LanguageCode") DO NOTHING;
INSERT INTO "alchimalia_schema"."AnimalDefinitionTranslations" ("Id", "AnimalDefinitionId", "LanguageCode", "Label") VALUES (uuid_generate_v4(), '00000000-0000-0000-0000-00000000001e', 'en-us', 'Cow') ON CONFLICT ("AnimalDefinitionId", "LanguageCode") DO NOTHING;
INSERT INTO "alchimalia_schema"."AnimalCraftTranslations" ("Id", "AnimalCraftId", "LanguageCode", "Label") VALUES (uuid_generate_v4(), '00000000-0000-0000-0000-00000000001e', 'en-us', 'Cow') ON CONFLICT ("AnimalCraftId", "LanguageCode") DO NOTHING;
INSERT INTO "alchimalia_schema"."AnimalDefinitions" ("Id", "Label", "Src", "IsHybrid", "RegionId", "Status", "Version", "BaseVersion", "LastPublishedVersion", "PublishedByUserId", "CreatedAt", "UpdatedAt", "PublishedAtUtc") VALUES ('00000000-0000-0000-0000-00000000001f', 'Sheep', 'images/animals/base/sheep.jpg', false, '10000000-0000-0000-0000-000000000003', 'published', 1, 0, 0, NULL, now() at time zone 'utc', now() at time zone 'utc', now() at time zone 'utc') ON CONFLICT ("Id") DO NOTHING;
INSERT INTO "alchimalia_schema"."AnimalCrafts" ("Id", "PublishedDefinitionId", "Label", "Src", "IsHybrid", "RegionId", "Status", "BaseVersion", "LastDraftVersion", "CreatedByUserId", "AssignedReviewerUserId", "ReviewedByUserId", "ApprovedByUserId", "ReviewNotes", "ReviewStartedAt", "ReviewEndedAt", "CreatedAt", "UpdatedAt") VALUES ('00000000-0000-0000-0000-00000000001f', '00000000-0000-0000-0000-00000000001f', 'Sheep', 'images/animals/base/sheep.jpg', false, '10000000-0000-0000-0000-000000000003', 'published', 0, 0, NULL, NULL, NULL, NULL, NULL, NULL, NULL, now() at time zone 'utc', now() at time zone 'utc') ON CONFLICT ("Id") DO NOTHING;
INSERT INTO "alchimalia_schema"."AnimalDefinitionTranslations" ("Id", "AnimalDefinitionId", "LanguageCode", "Label") VALUES (uuid_generate_v4(), '00000000-0000-0000-0000-00000000001f', 'ro-ro', 'Sheep') ON CONFLICT ("AnimalDefinitionId", "LanguageCode") DO NOTHING;
INSERT INTO "alchimalia_schema"."AnimalCraftTranslations" ("Id", "AnimalCraftId", "LanguageCode", "Label") VALUES (uuid_generate_v4(), '00000000-0000-0000-0000-00000000001f', 'ro-ro', 'Sheep') ON CONFLICT ("AnimalCraftId", "LanguageCode") DO NOTHING;
INSERT INTO "alchimalia_schema"."AnimalDefinitionTranslations" ("Id", "AnimalDefinitionId", "LanguageCode", "Label") VALUES (uuid_generate_v4(), '00000000-0000-0000-0000-00000000001f', 'en-us', 'Sheep') ON CONFLICT ("AnimalDefinitionId", "LanguageCode") DO NOTHING;
INSERT INTO "alchimalia_schema"."AnimalCraftTranslations" ("Id", "AnimalCraftId", "LanguageCode", "Label") VALUES (uuid_generate_v4(), '00000000-0000-0000-0000-00000000001f', 'en-us', 'Sheep') ON CONFLICT ("AnimalCraftId", "LanguageCode") DO NOTHING;
INSERT INTO "alchimalia_schema"."AnimalDefinitions" ("Id", "Label", "Src", "IsHybrid", "RegionId", "Status", "Version", "BaseVersion", "LastPublishedVersion", "PublishedByUserId", "CreatedAt", "UpdatedAt", "PublishedAtUtc") VALUES ('00000000-0000-0000-0000-000000000020', 'Horse', 'images/animals/base/horse.jpg', false, '10000000-0000-0000-0000-000000000003', 'published', 1, 0, 0, NULL, now() at time zone 'utc', now() at time zone 'utc', now() at time zone 'utc') ON CONFLICT ("Id") DO NOTHING;
INSERT INTO "alchimalia_schema"."AnimalCrafts" ("Id", "PublishedDefinitionId", "Label", "Src", "IsHybrid", "RegionId", "Status", "BaseVersion", "LastDraftVersion", "CreatedByUserId", "AssignedReviewerUserId", "ReviewedByUserId", "ApprovedByUserId", "ReviewNotes", "ReviewStartedAt", "ReviewEndedAt", "CreatedAt", "UpdatedAt") VALUES ('00000000-0000-0000-0000-000000000020', '00000000-0000-0000-0000-000000000020', 'Horse', 'images/animals/base/horse.jpg', false, '10000000-0000-0000-0000-000000000003', 'published', 0, 0, NULL, NULL, NULL, NULL, NULL, NULL, NULL, now() at time zone 'utc', now() at time zone 'utc') ON CONFLICT ("Id") DO NOTHING;
INSERT INTO "alchimalia_schema"."AnimalDefinitionTranslations" ("Id", "AnimalDefinitionId", "LanguageCode", "Label") VALUES (uuid_generate_v4(), '00000000-0000-0000-0000-000000000020', 'ro-ro', 'Horse') ON CONFLICT ("AnimalDefinitionId", "LanguageCode") DO NOTHING;
INSERT INTO "alchimalia_schema"."AnimalCraftTranslations" ("Id", "AnimalCraftId", "LanguageCode", "Label") VALUES (uuid_generate_v4(), '00000000-0000-0000-0000-000000000020', 'ro-ro', 'Horse') ON CONFLICT ("AnimalCraftId", "LanguageCode") DO NOTHING;
INSERT INTO "alchimalia_schema"."AnimalDefinitionTranslations" ("Id", "AnimalDefinitionId", "LanguageCode", "Label") VALUES (uuid_generate_v4(), '00000000-0000-0000-0000-000000000020', 'en-us', 'Horse') ON CONFLICT ("AnimalDefinitionId", "LanguageCode") DO NOTHING;
INSERT INTO "alchimalia_schema"."AnimalCraftTranslations" ("Id", "AnimalCraftId", "LanguageCode", "Label") VALUES (uuid_generate_v4(), '00000000-0000-0000-0000-000000000020', 'en-us', 'Horse') ON CONFLICT ("AnimalCraftId", "LanguageCode") DO NOTHING;
INSERT INTO "alchimalia_schema"."AnimalDefinitions" ("Id", "Label", "Src", "IsHybrid", "RegionId", "Status", "Version", "BaseVersion", "LastPublishedVersion", "PublishedByUserId", "CreatedAt", "UpdatedAt", "PublishedAtUtc") VALUES ('00000000-0000-0000-0000-000000000021', 'Chicken', 'images/animals/base/chicken.jpg', false, '10000000-0000-0000-0000-000000000003', 'published', 1, 0, 0, NULL, now() at time zone 'utc', now() at time zone 'utc', now() at time zone 'utc') ON CONFLICT ("Id") DO NOTHING;
INSERT INTO "alchimalia_schema"."AnimalCrafts" ("Id", "PublishedDefinitionId", "Label", "Src", "IsHybrid", "RegionId", "Status", "BaseVersion", "LastDraftVersion", "CreatedByUserId", "AssignedReviewerUserId", "ReviewedByUserId", "ApprovedByUserId", "ReviewNotes", "ReviewStartedAt", "ReviewEndedAt", "CreatedAt", "UpdatedAt") VALUES ('00000000-0000-0000-0000-000000000021', '00000000-0000-0000-0000-000000000021', 'Chicken', 'images/animals/base/chicken.jpg', false, '10000000-0000-0000-0000-000000000003', 'published', 0, 0, NULL, NULL, NULL, NULL, NULL, NULL, NULL, now() at time zone 'utc', now() at time zone 'utc') ON CONFLICT ("Id") DO NOTHING;
INSERT INTO "alchimalia_schema"."AnimalDefinitionTranslations" ("Id", "AnimalDefinitionId", "LanguageCode", "Label") VALUES (uuid_generate_v4(), '00000000-0000-0000-0000-000000000021', 'ro-ro', 'Chicken') ON CONFLICT ("AnimalDefinitionId", "LanguageCode") DO NOTHING;
INSERT INTO "alchimalia_schema"."AnimalCraftTranslations" ("Id", "AnimalCraftId", "LanguageCode", "Label") VALUES (uuid_generate_v4(), '00000000-0000-0000-0000-000000000021', 'ro-ro', 'Chicken') ON CONFLICT ("AnimalCraftId", "LanguageCode") DO NOTHING;
INSERT INTO "alchimalia_schema"."AnimalDefinitionTranslations" ("Id", "AnimalDefinitionId", "LanguageCode", "Label") VALUES (uuid_generate_v4(), '00000000-0000-0000-0000-000000000021', 'en-us', 'Chicken') ON CONFLICT ("AnimalDefinitionId", "LanguageCode") DO NOTHING;
INSERT INTO "alchimalia_schema"."AnimalCraftTranslations" ("Id", "AnimalCraftId", "LanguageCode", "Label") VALUES (uuid_generate_v4(), '00000000-0000-0000-0000-000000000021', 'en-us', 'Chicken') ON CONFLICT ("AnimalCraftId", "LanguageCode") DO NOTHING;
INSERT INTO "alchimalia_schema"."AnimalDefinitions" ("Id", "Label", "Src", "IsHybrid", "RegionId", "Status", "Version", "BaseVersion", "LastPublishedVersion", "PublishedByUserId", "CreatedAt", "UpdatedAt", "PublishedAtUtc") VALUES ('00000000-0000-0000-0000-000000000022', 'Pig', 'images/animals/base/pig.jpg', false, '10000000-0000-0000-0000-000000000003', 'published', 1, 0, 0, NULL, now() at time zone 'utc', now() at time zone 'utc', now() at time zone 'utc') ON CONFLICT ("Id") DO NOTHING;
INSERT INTO "alchimalia_schema"."AnimalCrafts" ("Id", "PublishedDefinitionId", "Label", "Src", "IsHybrid", "RegionId", "Status", "BaseVersion", "LastDraftVersion", "CreatedByUserId", "AssignedReviewerUserId", "ReviewedByUserId", "ApprovedByUserId", "ReviewNotes", "ReviewStartedAt", "ReviewEndedAt", "CreatedAt", "UpdatedAt") VALUES ('00000000-0000-0000-0000-000000000022', '00000000-0000-0000-0000-000000000022', 'Pig', 'images/animals/base/pig.jpg', false, '10000000-0000-0000-0000-000000000003', 'published', 0, 0, NULL, NULL, NULL, NULL, NULL, NULL, NULL, now() at time zone 'utc', now() at time zone 'utc') ON CONFLICT ("Id") DO NOTHING;
INSERT INTO "alchimalia_schema"."AnimalDefinitionTranslations" ("Id", "AnimalDefinitionId", "LanguageCode", "Label") VALUES (uuid_generate_v4(), '00000000-0000-0000-0000-000000000022', 'ro-ro', 'Pig') ON CONFLICT ("AnimalDefinitionId", "LanguageCode") DO NOTHING;
INSERT INTO "alchimalia_schema"."AnimalCraftTranslations" ("Id", "AnimalCraftId", "LanguageCode", "Label") VALUES (uuid_generate_v4(), '00000000-0000-0000-0000-000000000022', 'ro-ro', 'Pig') ON CONFLICT ("AnimalCraftId", "LanguageCode") DO NOTHING;
INSERT INTO "alchimalia_schema"."AnimalDefinitionTranslations" ("Id", "AnimalDefinitionId", "LanguageCode", "Label") VALUES (uuid_generate_v4(), '00000000-0000-0000-0000-000000000022', 'en-us', 'Pig') ON CONFLICT ("AnimalDefinitionId", "LanguageCode") DO NOTHING;
INSERT INTO "alchimalia_schema"."AnimalCraftTranslations" ("Id", "AnimalCraftId", "LanguageCode", "Label") VALUES (uuid_generate_v4(), '00000000-0000-0000-0000-000000000022', 'en-us', 'Pig') ON CONFLICT ("AnimalCraftId", "LanguageCode") DO NOTHING;

-- Animal Part Supports (Definitions + Crafts)
INSERT INTO "alchimalia_schema"."AnimalDefinitionPartSupports" ("AnimalDefinitionId", "BodyPartKey") VALUES ('00000000-0000-0000-0000-000000000001', 'head') ON CONFLICT ("AnimalDefinitionId", "BodyPartKey") DO NOTHING;
INSERT INTO "alchimalia_schema"."AnimalCraftPartSupports" ("AnimalCraftId", "BodyPartKey") VALUES ('00000000-0000-0000-0000-000000000001', 'head') ON CONFLICT ("AnimalCraftId", "BodyPartKey") DO NOTHING;
INSERT INTO "alchimalia_schema"."AnimalDefinitionPartSupports" ("AnimalDefinitionId", "BodyPartKey") VALUES ('00000000-0000-0000-0000-000000000001', 'body') ON CONFLICT ("AnimalDefinitionId", "BodyPartKey") DO NOTHING;
INSERT INTO "alchimalia_schema"."AnimalCraftPartSupports" ("AnimalCraftId", "BodyPartKey") VALUES ('00000000-0000-0000-0000-000000000001', 'body') ON CONFLICT ("AnimalCraftId", "BodyPartKey") DO NOTHING;
INSERT INTO "alchimalia_schema"."AnimalDefinitionPartSupports" ("AnimalDefinitionId", "BodyPartKey") VALUES ('00000000-0000-0000-0000-000000000001', 'arms') ON CONFLICT ("AnimalDefinitionId", "BodyPartKey") DO NOTHING;
INSERT INTO "alchimalia_schema"."AnimalCraftPartSupports" ("AnimalCraftId", "BodyPartKey") VALUES ('00000000-0000-0000-0000-000000000001', 'arms') ON CONFLICT ("AnimalCraftId", "BodyPartKey") DO NOTHING;
INSERT INTO "alchimalia_schema"."AnimalDefinitionPartSupports" ("AnimalDefinitionId", "BodyPartKey") VALUES ('00000000-0000-0000-0000-000000000002', 'head') ON CONFLICT ("AnimalDefinitionId", "BodyPartKey") DO NOTHING;
INSERT INTO "alchimalia_schema"."AnimalCraftPartSupports" ("AnimalCraftId", "BodyPartKey") VALUES ('00000000-0000-0000-0000-000000000002', 'head') ON CONFLICT ("AnimalCraftId", "BodyPartKey") DO NOTHING;
INSERT INTO "alchimalia_schema"."AnimalDefinitionPartSupports" ("AnimalDefinitionId", "BodyPartKey") VALUES ('00000000-0000-0000-0000-000000000002', 'body') ON CONFLICT ("AnimalDefinitionId", "BodyPartKey") DO NOTHING;
INSERT INTO "alchimalia_schema"."AnimalCraftPartSupports" ("AnimalCraftId", "BodyPartKey") VALUES ('00000000-0000-0000-0000-000000000002', 'body') ON CONFLICT ("AnimalCraftId", "BodyPartKey") DO NOTHING;
INSERT INTO "alchimalia_schema"."AnimalDefinitionPartSupports" ("AnimalDefinitionId", "BodyPartKey") VALUES ('00000000-0000-0000-0000-000000000002', 'arms') ON CONFLICT ("AnimalDefinitionId", "BodyPartKey") DO NOTHING;
INSERT INTO "alchimalia_schema"."AnimalCraftPartSupports" ("AnimalCraftId", "BodyPartKey") VALUES ('00000000-0000-0000-0000-000000000002', 'arms') ON CONFLICT ("AnimalCraftId", "BodyPartKey") DO NOTHING;
INSERT INTO "alchimalia_schema"."AnimalDefinitionPartSupports" ("AnimalDefinitionId", "BodyPartKey") VALUES ('00000000-0000-0000-0000-000000000003', 'head') ON CONFLICT ("AnimalDefinitionId", "BodyPartKey") DO NOTHING;
INSERT INTO "alchimalia_schema"."AnimalCraftPartSupports" ("AnimalCraftId", "BodyPartKey") VALUES ('00000000-0000-0000-0000-000000000003', 'head') ON CONFLICT ("AnimalCraftId", "BodyPartKey") DO NOTHING;
INSERT INTO "alchimalia_schema"."AnimalDefinitionPartSupports" ("AnimalDefinitionId", "BodyPartKey") VALUES ('00000000-0000-0000-0000-000000000003', 'body') ON CONFLICT ("AnimalDefinitionId", "BodyPartKey") DO NOTHING;
INSERT INTO "alchimalia_schema"."AnimalCraftPartSupports" ("AnimalCraftId", "BodyPartKey") VALUES ('00000000-0000-0000-0000-000000000003', 'body') ON CONFLICT ("AnimalCraftId", "BodyPartKey") DO NOTHING;
INSERT INTO "alchimalia_schema"."AnimalDefinitionPartSupports" ("AnimalDefinitionId", "BodyPartKey") VALUES ('00000000-0000-0000-0000-000000000003', 'arms') ON CONFLICT ("AnimalDefinitionId", "BodyPartKey") DO NOTHING;
INSERT INTO "alchimalia_schema"."AnimalCraftPartSupports" ("AnimalCraftId", "BodyPartKey") VALUES ('00000000-0000-0000-0000-000000000003', 'arms') ON CONFLICT ("AnimalCraftId", "BodyPartKey") DO NOTHING;
INSERT INTO "alchimalia_schema"."AnimalDefinitionPartSupports" ("AnimalDefinitionId", "BodyPartKey") VALUES ('00000000-0000-0000-0000-000000000003', 'legs') ON CONFLICT ("AnimalDefinitionId", "BodyPartKey") DO NOTHING;
INSERT INTO "alchimalia_schema"."AnimalCraftPartSupports" ("AnimalCraftId", "BodyPartKey") VALUES ('00000000-0000-0000-0000-000000000003', 'legs') ON CONFLICT ("AnimalCraftId", "BodyPartKey") DO NOTHING;
INSERT INTO "alchimalia_schema"."AnimalDefinitionPartSupports" ("AnimalDefinitionId", "BodyPartKey") VALUES ('00000000-0000-0000-0000-000000000003', 'tail') ON CONFLICT ("AnimalDefinitionId", "BodyPartKey") DO NOTHING;
INSERT INTO "alchimalia_schema"."AnimalCraftPartSupports" ("AnimalCraftId", "BodyPartKey") VALUES ('00000000-0000-0000-0000-000000000003', 'tail') ON CONFLICT ("AnimalCraftId", "BodyPartKey") DO NOTHING;
INSERT INTO "alchimalia_schema"."AnimalDefinitionPartSupports" ("AnimalDefinitionId", "BodyPartKey") VALUES ('00000000-0000-0000-0000-000000000003', 'horn') ON CONFLICT ("AnimalDefinitionId", "BodyPartKey") DO NOTHING;
INSERT INTO "alchimalia_schema"."AnimalCraftPartSupports" ("AnimalCraftId", "BodyPartKey") VALUES ('00000000-0000-0000-0000-000000000003', 'horn') ON CONFLICT ("AnimalCraftId", "BodyPartKey") DO NOTHING;
INSERT INTO "alchimalia_schema"."AnimalDefinitionPartSupports" ("AnimalDefinitionId", "BodyPartKey") VALUES ('00000000-0000-0000-0000-000000000003', 'horns') ON CONFLICT ("AnimalDefinitionId", "BodyPartKey") DO NOTHING;
INSERT INTO "alchimalia_schema"."AnimalCraftPartSupports" ("AnimalCraftId", "BodyPartKey") VALUES ('00000000-0000-0000-0000-000000000003', 'horns') ON CONFLICT ("AnimalCraftId", "BodyPartKey") DO NOTHING;
INSERT INTO "alchimalia_schema"."AnimalDefinitionPartSupports" ("AnimalDefinitionId", "BodyPartKey") VALUES ('00000000-0000-0000-0000-000000000004', 'head') ON CONFLICT ("AnimalDefinitionId", "BodyPartKey") DO NOTHING;
INSERT INTO "alchimalia_schema"."AnimalCraftPartSupports" ("AnimalCraftId", "BodyPartKey") VALUES ('00000000-0000-0000-0000-000000000004', 'head') ON CONFLICT ("AnimalCraftId", "BodyPartKey") DO NOTHING;
INSERT INTO "alchimalia_schema"."AnimalDefinitionPartSupports" ("AnimalDefinitionId", "BodyPartKey") VALUES ('00000000-0000-0000-0000-000000000004', 'body') ON CONFLICT ("AnimalDefinitionId", "BodyPartKey") DO NOTHING;
INSERT INTO "alchimalia_schema"."AnimalCraftPartSupports" ("AnimalCraftId", "BodyPartKey") VALUES ('00000000-0000-0000-0000-000000000004', 'body') ON CONFLICT ("AnimalCraftId", "BodyPartKey") DO NOTHING;
INSERT INTO "alchimalia_schema"."AnimalDefinitionPartSupports" ("AnimalDefinitionId", "BodyPartKey") VALUES ('00000000-0000-0000-0000-000000000004', 'arms') ON CONFLICT ("AnimalDefinitionId", "BodyPartKey") DO NOTHING;
INSERT INTO "alchimalia_schema"."AnimalCraftPartSupports" ("AnimalCraftId", "BodyPartKey") VALUES ('00000000-0000-0000-0000-000000000004', 'arms') ON CONFLICT ("AnimalCraftId", "BodyPartKey") DO NOTHING;
INSERT INTO "alchimalia_schema"."AnimalDefinitionPartSupports" ("AnimalDefinitionId", "BodyPartKey") VALUES ('00000000-0000-0000-0000-000000000005', 'head') ON CONFLICT ("AnimalDefinitionId", "BodyPartKey") DO NOTHING;
INSERT INTO "alchimalia_schema"."AnimalCraftPartSupports" ("AnimalCraftId", "BodyPartKey") VALUES ('00000000-0000-0000-0000-000000000005', 'head') ON CONFLICT ("AnimalCraftId", "BodyPartKey") DO NOTHING;
INSERT INTO "alchimalia_schema"."AnimalDefinitionPartSupports" ("AnimalDefinitionId", "BodyPartKey") VALUES ('00000000-0000-0000-0000-000000000005', 'body') ON CONFLICT ("AnimalDefinitionId", "BodyPartKey") DO NOTHING;
INSERT INTO "alchimalia_schema"."AnimalCraftPartSupports" ("AnimalCraftId", "BodyPartKey") VALUES ('00000000-0000-0000-0000-000000000005', 'body') ON CONFLICT ("AnimalCraftId", "BodyPartKey") DO NOTHING;
INSERT INTO "alchimalia_schema"."AnimalDefinitionPartSupports" ("AnimalDefinitionId", "BodyPartKey") VALUES ('00000000-0000-0000-0000-000000000005', 'arms') ON CONFLICT ("AnimalDefinitionId", "BodyPartKey") DO NOTHING;
INSERT INTO "alchimalia_schema"."AnimalCraftPartSupports" ("AnimalCraftId", "BodyPartKey") VALUES ('00000000-0000-0000-0000-000000000005', 'arms') ON CONFLICT ("AnimalCraftId", "BodyPartKey") DO NOTHING;
INSERT INTO "alchimalia_schema"."AnimalDefinitionPartSupports" ("AnimalDefinitionId", "BodyPartKey") VALUES ('00000000-0000-0000-0000-000000000006', 'head') ON CONFLICT ("AnimalDefinitionId", "BodyPartKey") DO NOTHING;
INSERT INTO "alchimalia_schema"."AnimalCraftPartSupports" ("AnimalCraftId", "BodyPartKey") VALUES ('00000000-0000-0000-0000-000000000006', 'head') ON CONFLICT ("AnimalCraftId", "BodyPartKey") DO NOTHING;
INSERT INTO "alchimalia_schema"."AnimalDefinitionPartSupports" ("AnimalDefinitionId", "BodyPartKey") VALUES ('00000000-0000-0000-0000-000000000006', 'body') ON CONFLICT ("AnimalDefinitionId", "BodyPartKey") DO NOTHING;
INSERT INTO "alchimalia_schema"."AnimalCraftPartSupports" ("AnimalCraftId", "BodyPartKey") VALUES ('00000000-0000-0000-0000-000000000006', 'body') ON CONFLICT ("AnimalCraftId", "BodyPartKey") DO NOTHING;
INSERT INTO "alchimalia_schema"."AnimalDefinitionPartSupports" ("AnimalDefinitionId", "BodyPartKey") VALUES ('00000000-0000-0000-0000-000000000006', 'arms') ON CONFLICT ("AnimalDefinitionId", "BodyPartKey") DO NOTHING;
INSERT INTO "alchimalia_schema"."AnimalCraftPartSupports" ("AnimalCraftId", "BodyPartKey") VALUES ('00000000-0000-0000-0000-000000000006', 'arms') ON CONFLICT ("AnimalCraftId", "BodyPartKey") DO NOTHING;
INSERT INTO "alchimalia_schema"."AnimalDefinitionPartSupports" ("AnimalDefinitionId", "BodyPartKey") VALUES ('00000000-0000-0000-0000-000000000007', 'head') ON CONFLICT ("AnimalDefinitionId", "BodyPartKey") DO NOTHING;
INSERT INTO "alchimalia_schema"."AnimalCraftPartSupports" ("AnimalCraftId", "BodyPartKey") VALUES ('00000000-0000-0000-0000-000000000007', 'head') ON CONFLICT ("AnimalCraftId", "BodyPartKey") DO NOTHING;
INSERT INTO "alchimalia_schema"."AnimalDefinitionPartSupports" ("AnimalDefinitionId", "BodyPartKey") VALUES ('00000000-0000-0000-0000-000000000007', 'body') ON CONFLICT ("AnimalDefinitionId", "BodyPartKey") DO NOTHING;
INSERT INTO "alchimalia_schema"."AnimalCraftPartSupports" ("AnimalCraftId", "BodyPartKey") VALUES ('00000000-0000-0000-0000-000000000007', 'body') ON CONFLICT ("AnimalCraftId", "BodyPartKey") DO NOTHING;
INSERT INTO "alchimalia_schema"."AnimalDefinitionPartSupports" ("AnimalDefinitionId", "BodyPartKey") VALUES ('00000000-0000-0000-0000-000000000007', 'arms') ON CONFLICT ("AnimalDefinitionId", "BodyPartKey") DO NOTHING;
INSERT INTO "alchimalia_schema"."AnimalCraftPartSupports" ("AnimalCraftId", "BodyPartKey") VALUES ('00000000-0000-0000-0000-000000000007', 'arms') ON CONFLICT ("AnimalCraftId", "BodyPartKey") DO NOTHING;
INSERT INTO "alchimalia_schema"."AnimalDefinitionPartSupports" ("AnimalDefinitionId", "BodyPartKey") VALUES ('00000000-0000-0000-0000-000000000008', 'head') ON CONFLICT ("AnimalDefinitionId", "BodyPartKey") DO NOTHING;
INSERT INTO "alchimalia_schema"."AnimalCraftPartSupports" ("AnimalCraftId", "BodyPartKey") VALUES ('00000000-0000-0000-0000-000000000008', 'head') ON CONFLICT ("AnimalCraftId", "BodyPartKey") DO NOTHING;
INSERT INTO "alchimalia_schema"."AnimalDefinitionPartSupports" ("AnimalDefinitionId", "BodyPartKey") VALUES ('00000000-0000-0000-0000-000000000008', 'body') ON CONFLICT ("AnimalDefinitionId", "BodyPartKey") DO NOTHING;
INSERT INTO "alchimalia_schema"."AnimalCraftPartSupports" ("AnimalCraftId", "BodyPartKey") VALUES ('00000000-0000-0000-0000-000000000008', 'body') ON CONFLICT ("AnimalCraftId", "BodyPartKey") DO NOTHING;
INSERT INTO "alchimalia_schema"."AnimalDefinitionPartSupports" ("AnimalDefinitionId", "BodyPartKey") VALUES ('00000000-0000-0000-0000-000000000008', 'arms') ON CONFLICT ("AnimalDefinitionId", "BodyPartKey") DO NOTHING;
INSERT INTO "alchimalia_schema"."AnimalCraftPartSupports" ("AnimalCraftId", "BodyPartKey") VALUES ('00000000-0000-0000-0000-000000000008', 'arms') ON CONFLICT ("AnimalCraftId", "BodyPartKey") DO NOTHING;
INSERT INTO "alchimalia_schema"."AnimalDefinitionPartSupports" ("AnimalDefinitionId", "BodyPartKey") VALUES ('00000000-0000-0000-0000-000000000009', 'head') ON CONFLICT ("AnimalDefinitionId", "BodyPartKey") DO NOTHING;
INSERT INTO "alchimalia_schema"."AnimalCraftPartSupports" ("AnimalCraftId", "BodyPartKey") VALUES ('00000000-0000-0000-0000-000000000009', 'head') ON CONFLICT ("AnimalCraftId", "BodyPartKey") DO NOTHING;
INSERT INTO "alchimalia_schema"."AnimalDefinitionPartSupports" ("AnimalDefinitionId", "BodyPartKey") VALUES ('00000000-0000-0000-0000-000000000009', 'body') ON CONFLICT ("AnimalDefinitionId", "BodyPartKey") DO NOTHING;
INSERT INTO "alchimalia_schema"."AnimalCraftPartSupports" ("AnimalCraftId", "BodyPartKey") VALUES ('00000000-0000-0000-0000-000000000009', 'body') ON CONFLICT ("AnimalCraftId", "BodyPartKey") DO NOTHING;
INSERT INTO "alchimalia_schema"."AnimalDefinitionPartSupports" ("AnimalDefinitionId", "BodyPartKey") VALUES ('00000000-0000-0000-0000-000000000009', 'arms') ON CONFLICT ("AnimalDefinitionId", "BodyPartKey") DO NOTHING;
INSERT INTO "alchimalia_schema"."AnimalCraftPartSupports" ("AnimalCraftId", "BodyPartKey") VALUES ('00000000-0000-0000-0000-000000000009', 'arms') ON CONFLICT ("AnimalCraftId", "BodyPartKey") DO NOTHING;
INSERT INTO "alchimalia_schema"."AnimalDefinitionPartSupports" ("AnimalDefinitionId", "BodyPartKey") VALUES ('00000000-0000-0000-0000-000000000009', 'legs') ON CONFLICT ("AnimalDefinitionId", "BodyPartKey") DO NOTHING;
INSERT INTO "alchimalia_schema"."AnimalCraftPartSupports" ("AnimalCraftId", "BodyPartKey") VALUES ('00000000-0000-0000-0000-000000000009', 'legs') ON CONFLICT ("AnimalCraftId", "BodyPartKey") DO NOTHING;
INSERT INTO "alchimalia_schema"."AnimalDefinitionPartSupports" ("AnimalDefinitionId", "BodyPartKey") VALUES ('00000000-0000-0000-0000-000000000009', 'tail') ON CONFLICT ("AnimalDefinitionId", "BodyPartKey") DO NOTHING;
INSERT INTO "alchimalia_schema"."AnimalCraftPartSupports" ("AnimalCraftId", "BodyPartKey") VALUES ('00000000-0000-0000-0000-000000000009', 'tail') ON CONFLICT ("AnimalCraftId", "BodyPartKey") DO NOTHING;
INSERT INTO "alchimalia_schema"."AnimalDefinitionPartSupports" ("AnimalDefinitionId", "BodyPartKey") VALUES ('00000000-0000-0000-0000-000000000009', 'horn') ON CONFLICT ("AnimalDefinitionId", "BodyPartKey") DO NOTHING;
INSERT INTO "alchimalia_schema"."AnimalCraftPartSupports" ("AnimalCraftId", "BodyPartKey") VALUES ('00000000-0000-0000-0000-000000000009', 'horn') ON CONFLICT ("AnimalCraftId", "BodyPartKey") DO NOTHING;
INSERT INTO "alchimalia_schema"."AnimalDefinitionPartSupports" ("AnimalDefinitionId", "BodyPartKey") VALUES ('00000000-0000-0000-0000-000000000009', 'horns') ON CONFLICT ("AnimalDefinitionId", "BodyPartKey") DO NOTHING;
INSERT INTO "alchimalia_schema"."AnimalCraftPartSupports" ("AnimalCraftId", "BodyPartKey") VALUES ('00000000-0000-0000-0000-000000000009', 'horns') ON CONFLICT ("AnimalCraftId", "BodyPartKey") DO NOTHING;
INSERT INTO "alchimalia_schema"."AnimalDefinitionPartSupports" ("AnimalDefinitionId", "BodyPartKey") VALUES ('00000000-0000-0000-0000-00000000000a', 'head') ON CONFLICT ("AnimalDefinitionId", "BodyPartKey") DO NOTHING;
INSERT INTO "alchimalia_schema"."AnimalCraftPartSupports" ("AnimalCraftId", "BodyPartKey") VALUES ('00000000-0000-0000-0000-00000000000a', 'head') ON CONFLICT ("AnimalCraftId", "BodyPartKey") DO NOTHING;
INSERT INTO "alchimalia_schema"."AnimalDefinitionPartSupports" ("AnimalDefinitionId", "BodyPartKey") VALUES ('00000000-0000-0000-0000-00000000000a', 'body') ON CONFLICT ("AnimalDefinitionId", "BodyPartKey") DO NOTHING;
INSERT INTO "alchimalia_schema"."AnimalCraftPartSupports" ("AnimalCraftId", "BodyPartKey") VALUES ('00000000-0000-0000-0000-00000000000a', 'body') ON CONFLICT ("AnimalCraftId", "BodyPartKey") DO NOTHING;
INSERT INTO "alchimalia_schema"."AnimalDefinitionPartSupports" ("AnimalDefinitionId", "BodyPartKey") VALUES ('00000000-0000-0000-0000-00000000000a', 'arms') ON CONFLICT ("AnimalDefinitionId", "BodyPartKey") DO NOTHING;
INSERT INTO "alchimalia_schema"."AnimalCraftPartSupports" ("AnimalCraftId", "BodyPartKey") VALUES ('00000000-0000-0000-0000-00000000000a', 'arms') ON CONFLICT ("AnimalCraftId", "BodyPartKey") DO NOTHING;
INSERT INTO "alchimalia_schema"."AnimalDefinitionPartSupports" ("AnimalDefinitionId", "BodyPartKey") VALUES ('00000000-0000-0000-0000-00000000000a', 'legs') ON CONFLICT ("AnimalDefinitionId", "BodyPartKey") DO NOTHING;
INSERT INTO "alchimalia_schema"."AnimalCraftPartSupports" ("AnimalCraftId", "BodyPartKey") VALUES ('00000000-0000-0000-0000-00000000000a', 'legs') ON CONFLICT ("AnimalCraftId", "BodyPartKey") DO NOTHING;
INSERT INTO "alchimalia_schema"."AnimalDefinitionPartSupports" ("AnimalDefinitionId", "BodyPartKey") VALUES ('00000000-0000-0000-0000-00000000000a', 'tail') ON CONFLICT ("AnimalDefinitionId", "BodyPartKey") DO NOTHING;
INSERT INTO "alchimalia_schema"."AnimalCraftPartSupports" ("AnimalCraftId", "BodyPartKey") VALUES ('00000000-0000-0000-0000-00000000000a', 'tail') ON CONFLICT ("AnimalCraftId", "BodyPartKey") DO NOTHING;
INSERT INTO "alchimalia_schema"."AnimalDefinitionPartSupports" ("AnimalDefinitionId", "BodyPartKey") VALUES ('00000000-0000-0000-0000-00000000000a', 'wings') ON CONFLICT ("AnimalDefinitionId", "BodyPartKey") DO NOTHING;
INSERT INTO "alchimalia_schema"."AnimalCraftPartSupports" ("AnimalCraftId", "BodyPartKey") VALUES ('00000000-0000-0000-0000-00000000000a', 'wings') ON CONFLICT ("AnimalCraftId", "BodyPartKey") DO NOTHING;
INSERT INTO "alchimalia_schema"."AnimalDefinitionPartSupports" ("AnimalDefinitionId", "BodyPartKey") VALUES ('00000000-0000-0000-0000-00000000000b', 'head') ON CONFLICT ("AnimalDefinitionId", "BodyPartKey") DO NOTHING;
INSERT INTO "alchimalia_schema"."AnimalCraftPartSupports" ("AnimalCraftId", "BodyPartKey") VALUES ('00000000-0000-0000-0000-00000000000b', 'head') ON CONFLICT ("AnimalCraftId", "BodyPartKey") DO NOTHING;
INSERT INTO "alchimalia_schema"."AnimalDefinitionPartSupports" ("AnimalDefinitionId", "BodyPartKey") VALUES ('00000000-0000-0000-0000-00000000000b', 'body') ON CONFLICT ("AnimalDefinitionId", "BodyPartKey") DO NOTHING;
INSERT INTO "alchimalia_schema"."AnimalCraftPartSupports" ("AnimalCraftId", "BodyPartKey") VALUES ('00000000-0000-0000-0000-00000000000b', 'body') ON CONFLICT ("AnimalCraftId", "BodyPartKey") DO NOTHING;
INSERT INTO "alchimalia_schema"."AnimalDefinitionPartSupports" ("AnimalDefinitionId", "BodyPartKey") VALUES ('00000000-0000-0000-0000-00000000000b', 'arms') ON CONFLICT ("AnimalDefinitionId", "BodyPartKey") DO NOTHING;
INSERT INTO "alchimalia_schema"."AnimalCraftPartSupports" ("AnimalCraftId", "BodyPartKey") VALUES ('00000000-0000-0000-0000-00000000000b', 'arms') ON CONFLICT ("AnimalCraftId", "BodyPartKey") DO NOTHING;
INSERT INTO "alchimalia_schema"."AnimalDefinitionPartSupports" ("AnimalDefinitionId", "BodyPartKey") VALUES ('00000000-0000-0000-0000-00000000000b', 'legs') ON CONFLICT ("AnimalDefinitionId", "BodyPartKey") DO NOTHING;
INSERT INTO "alchimalia_schema"."AnimalCraftPartSupports" ("AnimalCraftId", "BodyPartKey") VALUES ('00000000-0000-0000-0000-00000000000b', 'legs') ON CONFLICT ("AnimalCraftId", "BodyPartKey") DO NOTHING;
INSERT INTO "alchimalia_schema"."AnimalDefinitionPartSupports" ("AnimalDefinitionId", "BodyPartKey") VALUES ('00000000-0000-0000-0000-00000000000b', 'tail') ON CONFLICT ("AnimalDefinitionId", "BodyPartKey") DO NOTHING;
INSERT INTO "alchimalia_schema"."AnimalCraftPartSupports" ("AnimalCraftId", "BodyPartKey") VALUES ('00000000-0000-0000-0000-00000000000b', 'tail') ON CONFLICT ("AnimalCraftId", "BodyPartKey") DO NOTHING;
INSERT INTO "alchimalia_schema"."AnimalDefinitionPartSupports" ("AnimalDefinitionId", "BodyPartKey") VALUES ('00000000-0000-0000-0000-00000000000b', 'wings') ON CONFLICT ("AnimalDefinitionId", "BodyPartKey") DO NOTHING;
INSERT INTO "alchimalia_schema"."AnimalCraftPartSupports" ("AnimalCraftId", "BodyPartKey") VALUES ('00000000-0000-0000-0000-00000000000b', 'wings') ON CONFLICT ("AnimalCraftId", "BodyPartKey") DO NOTHING;
INSERT INTO "alchimalia_schema"."AnimalDefinitionPartSupports" ("AnimalDefinitionId", "BodyPartKey") VALUES ('00000000-0000-0000-0000-00000000000c', 'head') ON CONFLICT ("AnimalDefinitionId", "BodyPartKey") DO NOTHING;
INSERT INTO "alchimalia_schema"."AnimalCraftPartSupports" ("AnimalCraftId", "BodyPartKey") VALUES ('00000000-0000-0000-0000-00000000000c', 'head') ON CONFLICT ("AnimalCraftId", "BodyPartKey") DO NOTHING;
INSERT INTO "alchimalia_schema"."AnimalDefinitionPartSupports" ("AnimalDefinitionId", "BodyPartKey") VALUES ('00000000-0000-0000-0000-00000000000c', 'body') ON CONFLICT ("AnimalDefinitionId", "BodyPartKey") DO NOTHING;
INSERT INTO "alchimalia_schema"."AnimalCraftPartSupports" ("AnimalCraftId", "BodyPartKey") VALUES ('00000000-0000-0000-0000-00000000000c', 'body') ON CONFLICT ("AnimalCraftId", "BodyPartKey") DO NOTHING;
INSERT INTO "alchimalia_schema"."AnimalDefinitionPartSupports" ("AnimalDefinitionId", "BodyPartKey") VALUES ('00000000-0000-0000-0000-00000000000c', 'arms') ON CONFLICT ("AnimalDefinitionId", "BodyPartKey") DO NOTHING;
INSERT INTO "alchimalia_schema"."AnimalCraftPartSupports" ("AnimalCraftId", "BodyPartKey") VALUES ('00000000-0000-0000-0000-00000000000c', 'arms') ON CONFLICT ("AnimalCraftId", "BodyPartKey") DO NOTHING;
INSERT INTO "alchimalia_schema"."AnimalDefinitionPartSupports" ("AnimalDefinitionId", "BodyPartKey") VALUES ('00000000-0000-0000-0000-00000000000d', 'head') ON CONFLICT ("AnimalDefinitionId", "BodyPartKey") DO NOTHING;
INSERT INTO "alchimalia_schema"."AnimalCraftPartSupports" ("AnimalCraftId", "BodyPartKey") VALUES ('00000000-0000-0000-0000-00000000000d', 'head') ON CONFLICT ("AnimalCraftId", "BodyPartKey") DO NOTHING;
INSERT INTO "alchimalia_schema"."AnimalDefinitionPartSupports" ("AnimalDefinitionId", "BodyPartKey") VALUES ('00000000-0000-0000-0000-00000000000d', 'body') ON CONFLICT ("AnimalDefinitionId", "BodyPartKey") DO NOTHING;
INSERT INTO "alchimalia_schema"."AnimalCraftPartSupports" ("AnimalCraftId", "BodyPartKey") VALUES ('00000000-0000-0000-0000-00000000000d', 'body') ON CONFLICT ("AnimalCraftId", "BodyPartKey") DO NOTHING;
INSERT INTO "alchimalia_schema"."AnimalDefinitionPartSupports" ("AnimalDefinitionId", "BodyPartKey") VALUES ('00000000-0000-0000-0000-00000000000d', 'arms') ON CONFLICT ("AnimalDefinitionId", "BodyPartKey") DO NOTHING;
INSERT INTO "alchimalia_schema"."AnimalCraftPartSupports" ("AnimalCraftId", "BodyPartKey") VALUES ('00000000-0000-0000-0000-00000000000d', 'arms') ON CONFLICT ("AnimalCraftId", "BodyPartKey") DO NOTHING;
INSERT INTO "alchimalia_schema"."AnimalDefinitionPartSupports" ("AnimalDefinitionId", "BodyPartKey") VALUES ('00000000-0000-0000-0000-00000000000d', 'legs') ON CONFLICT ("AnimalDefinitionId", "BodyPartKey") DO NOTHING;
INSERT INTO "alchimalia_schema"."AnimalCraftPartSupports" ("AnimalCraftId", "BodyPartKey") VALUES ('00000000-0000-0000-0000-00000000000d', 'legs') ON CONFLICT ("AnimalCraftId", "BodyPartKey") DO NOTHING;
INSERT INTO "alchimalia_schema"."AnimalDefinitionPartSupports" ("AnimalDefinitionId", "BodyPartKey") VALUES ('00000000-0000-0000-0000-00000000000d', 'tail') ON CONFLICT ("AnimalDefinitionId", "BodyPartKey") DO NOTHING;
INSERT INTO "alchimalia_schema"."AnimalCraftPartSupports" ("AnimalCraftId", "BodyPartKey") VALUES ('00000000-0000-0000-0000-00000000000d', 'tail') ON CONFLICT ("AnimalCraftId", "BodyPartKey") DO NOTHING;
INSERT INTO "alchimalia_schema"."AnimalDefinitionPartSupports" ("AnimalDefinitionId", "BodyPartKey") VALUES ('00000000-0000-0000-0000-00000000000d', 'wings') ON CONFLICT ("AnimalDefinitionId", "BodyPartKey") DO NOTHING;
INSERT INTO "alchimalia_schema"."AnimalCraftPartSupports" ("AnimalCraftId", "BodyPartKey") VALUES ('00000000-0000-0000-0000-00000000000d', 'wings') ON CONFLICT ("AnimalCraftId", "BodyPartKey") DO NOTHING;
INSERT INTO "alchimalia_schema"."AnimalDefinitionPartSupports" ("AnimalDefinitionId", "BodyPartKey") VALUES ('00000000-0000-0000-0000-00000000000e', 'head') ON CONFLICT ("AnimalDefinitionId", "BodyPartKey") DO NOTHING;
INSERT INTO "alchimalia_schema"."AnimalCraftPartSupports" ("AnimalCraftId", "BodyPartKey") VALUES ('00000000-0000-0000-0000-00000000000e', 'head') ON CONFLICT ("AnimalCraftId", "BodyPartKey") DO NOTHING;
INSERT INTO "alchimalia_schema"."AnimalDefinitionPartSupports" ("AnimalDefinitionId", "BodyPartKey") VALUES ('00000000-0000-0000-0000-00000000000e', 'body') ON CONFLICT ("AnimalDefinitionId", "BodyPartKey") DO NOTHING;
INSERT INTO "alchimalia_schema"."AnimalCraftPartSupports" ("AnimalCraftId", "BodyPartKey") VALUES ('00000000-0000-0000-0000-00000000000e', 'body') ON CONFLICT ("AnimalCraftId", "BodyPartKey") DO NOTHING;
INSERT INTO "alchimalia_schema"."AnimalDefinitionPartSupports" ("AnimalDefinitionId", "BodyPartKey") VALUES ('00000000-0000-0000-0000-00000000000e', 'arms') ON CONFLICT ("AnimalDefinitionId", "BodyPartKey") DO NOTHING;
INSERT INTO "alchimalia_schema"."AnimalCraftPartSupports" ("AnimalCraftId", "BodyPartKey") VALUES ('00000000-0000-0000-0000-00000000000e', 'arms') ON CONFLICT ("AnimalCraftId", "BodyPartKey") DO NOTHING;
INSERT INTO "alchimalia_schema"."AnimalDefinitionPartSupports" ("AnimalDefinitionId", "BodyPartKey") VALUES ('00000000-0000-0000-0000-00000000000e', 'legs') ON CONFLICT ("AnimalDefinitionId", "BodyPartKey") DO NOTHING;
INSERT INTO "alchimalia_schema"."AnimalCraftPartSupports" ("AnimalCraftId", "BodyPartKey") VALUES ('00000000-0000-0000-0000-00000000000e', 'legs') ON CONFLICT ("AnimalCraftId", "BodyPartKey") DO NOTHING;
INSERT INTO "alchimalia_schema"."AnimalDefinitionPartSupports" ("AnimalDefinitionId", "BodyPartKey") VALUES ('00000000-0000-0000-0000-00000000000e', 'tail') ON CONFLICT ("AnimalDefinitionId", "BodyPartKey") DO NOTHING;
INSERT INTO "alchimalia_schema"."AnimalCraftPartSupports" ("AnimalCraftId", "BodyPartKey") VALUES ('00000000-0000-0000-0000-00000000000e', 'tail') ON CONFLICT ("AnimalCraftId", "BodyPartKey") DO NOTHING;
INSERT INTO "alchimalia_schema"."AnimalDefinitionPartSupports" ("AnimalDefinitionId", "BodyPartKey") VALUES ('00000000-0000-0000-0000-00000000000e', 'wings') ON CONFLICT ("AnimalDefinitionId", "BodyPartKey") DO NOTHING;
INSERT INTO "alchimalia_schema"."AnimalCraftPartSupports" ("AnimalCraftId", "BodyPartKey") VALUES ('00000000-0000-0000-0000-00000000000e', 'wings') ON CONFLICT ("AnimalCraftId", "BodyPartKey") DO NOTHING;
INSERT INTO "alchimalia_schema"."AnimalDefinitionPartSupports" ("AnimalDefinitionId", "BodyPartKey") VALUES ('00000000-0000-0000-0000-00000000000f', 'head') ON CONFLICT ("AnimalDefinitionId", "BodyPartKey") DO NOTHING;
INSERT INTO "alchimalia_schema"."AnimalCraftPartSupports" ("AnimalCraftId", "BodyPartKey") VALUES ('00000000-0000-0000-0000-00000000000f', 'head') ON CONFLICT ("AnimalCraftId", "BodyPartKey") DO NOTHING;
INSERT INTO "alchimalia_schema"."AnimalDefinitionPartSupports" ("AnimalDefinitionId", "BodyPartKey") VALUES ('00000000-0000-0000-0000-00000000000f', 'body') ON CONFLICT ("AnimalDefinitionId", "BodyPartKey") DO NOTHING;
INSERT INTO "alchimalia_schema"."AnimalCraftPartSupports" ("AnimalCraftId", "BodyPartKey") VALUES ('00000000-0000-0000-0000-00000000000f', 'body') ON CONFLICT ("AnimalCraftId", "BodyPartKey") DO NOTHING;
INSERT INTO "alchimalia_schema"."AnimalDefinitionPartSupports" ("AnimalDefinitionId", "BodyPartKey") VALUES ('00000000-0000-0000-0000-00000000000f', 'arms') ON CONFLICT ("AnimalDefinitionId", "BodyPartKey") DO NOTHING;
INSERT INTO "alchimalia_schema"."AnimalCraftPartSupports" ("AnimalCraftId", "BodyPartKey") VALUES ('00000000-0000-0000-0000-00000000000f', 'arms') ON CONFLICT ("AnimalCraftId", "BodyPartKey") DO NOTHING;
INSERT INTO "alchimalia_schema"."AnimalDefinitionPartSupports" ("AnimalDefinitionId", "BodyPartKey") VALUES ('00000000-0000-0000-0000-000000000010', 'head') ON CONFLICT ("AnimalDefinitionId", "BodyPartKey") DO NOTHING;
INSERT INTO "alchimalia_schema"."AnimalCraftPartSupports" ("AnimalCraftId", "BodyPartKey") VALUES ('00000000-0000-0000-0000-000000000010', 'head') ON CONFLICT ("AnimalCraftId", "BodyPartKey") DO NOTHING;
INSERT INTO "alchimalia_schema"."AnimalDefinitionPartSupports" ("AnimalDefinitionId", "BodyPartKey") VALUES ('00000000-0000-0000-0000-000000000010', 'body') ON CONFLICT ("AnimalDefinitionId", "BodyPartKey") DO NOTHING;
INSERT INTO "alchimalia_schema"."AnimalCraftPartSupports" ("AnimalCraftId", "BodyPartKey") VALUES ('00000000-0000-0000-0000-000000000010', 'body') ON CONFLICT ("AnimalCraftId", "BodyPartKey") DO NOTHING;
INSERT INTO "alchimalia_schema"."AnimalDefinitionPartSupports" ("AnimalDefinitionId", "BodyPartKey") VALUES ('00000000-0000-0000-0000-000000000010', 'arms') ON CONFLICT ("AnimalDefinitionId", "BodyPartKey") DO NOTHING;
INSERT INTO "alchimalia_schema"."AnimalCraftPartSupports" ("AnimalCraftId", "BodyPartKey") VALUES ('00000000-0000-0000-0000-000000000010', 'arms') ON CONFLICT ("AnimalCraftId", "BodyPartKey") DO NOTHING;
INSERT INTO "alchimalia_schema"."AnimalDefinitionPartSupports" ("AnimalDefinitionId", "BodyPartKey") VALUES ('00000000-0000-0000-0000-000000000010', 'legs') ON CONFLICT ("AnimalDefinitionId", "BodyPartKey") DO NOTHING;
INSERT INTO "alchimalia_schema"."AnimalCraftPartSupports" ("AnimalCraftId", "BodyPartKey") VALUES ('00000000-0000-0000-0000-000000000010', 'legs') ON CONFLICT ("AnimalCraftId", "BodyPartKey") DO NOTHING;
INSERT INTO "alchimalia_schema"."AnimalDefinitionPartSupports" ("AnimalDefinitionId", "BodyPartKey") VALUES ('00000000-0000-0000-0000-000000000010', 'tail') ON CONFLICT ("AnimalDefinitionId", "BodyPartKey") DO NOTHING;
INSERT INTO "alchimalia_schema"."AnimalCraftPartSupports" ("AnimalCraftId", "BodyPartKey") VALUES ('00000000-0000-0000-0000-000000000010', 'tail') ON CONFLICT ("AnimalCraftId", "BodyPartKey") DO NOTHING;
INSERT INTO "alchimalia_schema"."AnimalDefinitionPartSupports" ("AnimalDefinitionId", "BodyPartKey") VALUES ('00000000-0000-0000-0000-000000000010', 'wings') ON CONFLICT ("AnimalDefinitionId", "BodyPartKey") DO NOTHING;
INSERT INTO "alchimalia_schema"."AnimalCraftPartSupports" ("AnimalCraftId", "BodyPartKey") VALUES ('00000000-0000-0000-0000-000000000010', 'wings') ON CONFLICT ("AnimalCraftId", "BodyPartKey") DO NOTHING;
INSERT INTO "alchimalia_schema"."AnimalDefinitionPartSupports" ("AnimalDefinitionId", "BodyPartKey") VALUES ('00000000-0000-0000-0000-000000000011', 'head') ON CONFLICT ("AnimalDefinitionId", "BodyPartKey") DO NOTHING;
INSERT INTO "alchimalia_schema"."AnimalCraftPartSupports" ("AnimalCraftId", "BodyPartKey") VALUES ('00000000-0000-0000-0000-000000000011', 'head') ON CONFLICT ("AnimalCraftId", "BodyPartKey") DO NOTHING;
INSERT INTO "alchimalia_schema"."AnimalDefinitionPartSupports" ("AnimalDefinitionId", "BodyPartKey") VALUES ('00000000-0000-0000-0000-000000000011', 'body') ON CONFLICT ("AnimalDefinitionId", "BodyPartKey") DO NOTHING;
INSERT INTO "alchimalia_schema"."AnimalCraftPartSupports" ("AnimalCraftId", "BodyPartKey") VALUES ('00000000-0000-0000-0000-000000000011', 'body') ON CONFLICT ("AnimalCraftId", "BodyPartKey") DO NOTHING;
INSERT INTO "alchimalia_schema"."AnimalDefinitionPartSupports" ("AnimalDefinitionId", "BodyPartKey") VALUES ('00000000-0000-0000-0000-000000000011', 'tail') ON CONFLICT ("AnimalDefinitionId", "BodyPartKey") DO NOTHING;
INSERT INTO "alchimalia_schema"."AnimalCraftPartSupports" ("AnimalCraftId", "BodyPartKey") VALUES ('00000000-0000-0000-0000-000000000011', 'tail') ON CONFLICT ("AnimalCraftId", "BodyPartKey") DO NOTHING;
INSERT INTO "alchimalia_schema"."AnimalDefinitionPartSupports" ("AnimalDefinitionId", "BodyPartKey") VALUES ('00000000-0000-0000-0000-000000000012', 'head') ON CONFLICT ("AnimalDefinitionId", "BodyPartKey") DO NOTHING;
INSERT INTO "alchimalia_schema"."AnimalCraftPartSupports" ("AnimalCraftId", "BodyPartKey") VALUES ('00000000-0000-0000-0000-000000000012', 'head') ON CONFLICT ("AnimalCraftId", "BodyPartKey") DO NOTHING;
INSERT INTO "alchimalia_schema"."AnimalDefinitionPartSupports" ("AnimalDefinitionId", "BodyPartKey") VALUES ('00000000-0000-0000-0000-000000000012', 'body') ON CONFLICT ("AnimalDefinitionId", "BodyPartKey") DO NOTHING;
INSERT INTO "alchimalia_schema"."AnimalCraftPartSupports" ("AnimalCraftId", "BodyPartKey") VALUES ('00000000-0000-0000-0000-000000000012', 'body') ON CONFLICT ("AnimalCraftId", "BodyPartKey") DO NOTHING;
INSERT INTO "alchimalia_schema"."AnimalDefinitionPartSupports" ("AnimalDefinitionId", "BodyPartKey") VALUES ('00000000-0000-0000-0000-000000000012', 'arms') ON CONFLICT ("AnimalDefinitionId", "BodyPartKey") DO NOTHING;
INSERT INTO "alchimalia_schema"."AnimalCraftPartSupports" ("AnimalCraftId", "BodyPartKey") VALUES ('00000000-0000-0000-0000-000000000012', 'arms') ON CONFLICT ("AnimalCraftId", "BodyPartKey") DO NOTHING;
INSERT INTO "alchimalia_schema"."AnimalDefinitionPartSupports" ("AnimalDefinitionId", "BodyPartKey") VALUES ('00000000-0000-0000-0000-000000000013', 'head') ON CONFLICT ("AnimalDefinitionId", "BodyPartKey") DO NOTHING;
INSERT INTO "alchimalia_schema"."AnimalCraftPartSupports" ("AnimalCraftId", "BodyPartKey") VALUES ('00000000-0000-0000-0000-000000000013', 'head') ON CONFLICT ("AnimalCraftId", "BodyPartKey") DO NOTHING;
INSERT INTO "alchimalia_schema"."AnimalDefinitionPartSupports" ("AnimalDefinitionId", "BodyPartKey") VALUES ('00000000-0000-0000-0000-000000000013', 'body') ON CONFLICT ("AnimalDefinitionId", "BodyPartKey") DO NOTHING;
INSERT INTO "alchimalia_schema"."AnimalCraftPartSupports" ("AnimalCraftId", "BodyPartKey") VALUES ('00000000-0000-0000-0000-000000000013', 'body') ON CONFLICT ("AnimalCraftId", "BodyPartKey") DO NOTHING;
INSERT INTO "alchimalia_schema"."AnimalDefinitionPartSupports" ("AnimalDefinitionId", "BodyPartKey") VALUES ('00000000-0000-0000-0000-000000000013', 'legs') ON CONFLICT ("AnimalDefinitionId", "BodyPartKey") DO NOTHING;
INSERT INTO "alchimalia_schema"."AnimalCraftPartSupports" ("AnimalCraftId", "BodyPartKey") VALUES ('00000000-0000-0000-0000-000000000013', 'legs') ON CONFLICT ("AnimalCraftId", "BodyPartKey") DO NOTHING;
INSERT INTO "alchimalia_schema"."AnimalDefinitionPartSupports" ("AnimalDefinitionId", "BodyPartKey") VALUES ('00000000-0000-0000-0000-000000000013', 'tail') ON CONFLICT ("AnimalDefinitionId", "BodyPartKey") DO NOTHING;
INSERT INTO "alchimalia_schema"."AnimalCraftPartSupports" ("AnimalCraftId", "BodyPartKey") VALUES ('00000000-0000-0000-0000-000000000013', 'tail') ON CONFLICT ("AnimalCraftId", "BodyPartKey") DO NOTHING;
INSERT INTO "alchimalia_schema"."AnimalDefinitionPartSupports" ("AnimalDefinitionId", "BodyPartKey") VALUES ('00000000-0000-0000-0000-000000000014', 'head') ON CONFLICT ("AnimalDefinitionId", "BodyPartKey") DO NOTHING;
INSERT INTO "alchimalia_schema"."AnimalCraftPartSupports" ("AnimalCraftId", "BodyPartKey") VALUES ('00000000-0000-0000-0000-000000000014', 'head') ON CONFLICT ("AnimalCraftId", "BodyPartKey") DO NOTHING;
INSERT INTO "alchimalia_schema"."AnimalDefinitionPartSupports" ("AnimalDefinitionId", "BodyPartKey") VALUES ('00000000-0000-0000-0000-000000000014', 'body') ON CONFLICT ("AnimalDefinitionId", "BodyPartKey") DO NOTHING;
INSERT INTO "alchimalia_schema"."AnimalCraftPartSupports" ("AnimalCraftId", "BodyPartKey") VALUES ('00000000-0000-0000-0000-000000000014', 'body') ON CONFLICT ("AnimalCraftId", "BodyPartKey") DO NOTHING;
INSERT INTO "alchimalia_schema"."AnimalDefinitionPartSupports" ("AnimalDefinitionId", "BodyPartKey") VALUES ('00000000-0000-0000-0000-000000000014', 'arms') ON CONFLICT ("AnimalDefinitionId", "BodyPartKey") DO NOTHING;
INSERT INTO "alchimalia_schema"."AnimalCraftPartSupports" ("AnimalCraftId", "BodyPartKey") VALUES ('00000000-0000-0000-0000-000000000014', 'arms') ON CONFLICT ("AnimalCraftId", "BodyPartKey") DO NOTHING;
INSERT INTO "alchimalia_schema"."AnimalDefinitionPartSupports" ("AnimalDefinitionId", "BodyPartKey") VALUES ('00000000-0000-0000-0000-000000000015', 'head') ON CONFLICT ("AnimalDefinitionId", "BodyPartKey") DO NOTHING;
INSERT INTO "alchimalia_schema"."AnimalCraftPartSupports" ("AnimalCraftId", "BodyPartKey") VALUES ('00000000-0000-0000-0000-000000000015', 'head') ON CONFLICT ("AnimalCraftId", "BodyPartKey") DO NOTHING;
INSERT INTO "alchimalia_schema"."AnimalDefinitionPartSupports" ("AnimalDefinitionId", "BodyPartKey") VALUES ('00000000-0000-0000-0000-000000000015', 'body') ON CONFLICT ("AnimalDefinitionId", "BodyPartKey") DO NOTHING;
INSERT INTO "alchimalia_schema"."AnimalCraftPartSupports" ("AnimalCraftId", "BodyPartKey") VALUES ('00000000-0000-0000-0000-000000000015', 'body') ON CONFLICT ("AnimalCraftId", "BodyPartKey") DO NOTHING;
INSERT INTO "alchimalia_schema"."AnimalDefinitionPartSupports" ("AnimalDefinitionId", "BodyPartKey") VALUES ('00000000-0000-0000-0000-000000000015', 'arms') ON CONFLICT ("AnimalDefinitionId", "BodyPartKey") DO NOTHING;
INSERT INTO "alchimalia_schema"."AnimalCraftPartSupports" ("AnimalCraftId", "BodyPartKey") VALUES ('00000000-0000-0000-0000-000000000015', 'arms') ON CONFLICT ("AnimalCraftId", "BodyPartKey") DO NOTHING;
INSERT INTO "alchimalia_schema"."AnimalDefinitionPartSupports" ("AnimalDefinitionId", "BodyPartKey") VALUES ('00000000-0000-0000-0000-000000000016', 'head') ON CONFLICT ("AnimalDefinitionId", "BodyPartKey") DO NOTHING;
INSERT INTO "alchimalia_schema"."AnimalCraftPartSupports" ("AnimalCraftId", "BodyPartKey") VALUES ('00000000-0000-0000-0000-000000000016', 'head') ON CONFLICT ("AnimalCraftId", "BodyPartKey") DO NOTHING;
INSERT INTO "alchimalia_schema"."AnimalDefinitionPartSupports" ("AnimalDefinitionId", "BodyPartKey") VALUES ('00000000-0000-0000-0000-000000000016', 'body') ON CONFLICT ("AnimalDefinitionId", "BodyPartKey") DO NOTHING;
INSERT INTO "alchimalia_schema"."AnimalCraftPartSupports" ("AnimalCraftId", "BodyPartKey") VALUES ('00000000-0000-0000-0000-000000000016', 'body') ON CONFLICT ("AnimalCraftId", "BodyPartKey") DO NOTHING;
INSERT INTO "alchimalia_schema"."AnimalDefinitionPartSupports" ("AnimalDefinitionId", "BodyPartKey") VALUES ('00000000-0000-0000-0000-000000000016', 'arms') ON CONFLICT ("AnimalDefinitionId", "BodyPartKey") DO NOTHING;
INSERT INTO "alchimalia_schema"."AnimalCraftPartSupports" ("AnimalCraftId", "BodyPartKey") VALUES ('00000000-0000-0000-0000-000000000016', 'arms') ON CONFLICT ("AnimalCraftId", "BodyPartKey") DO NOTHING;
INSERT INTO "alchimalia_schema"."AnimalDefinitionPartSupports" ("AnimalDefinitionId", "BodyPartKey") VALUES ('00000000-0000-0000-0000-000000000016', 'legs') ON CONFLICT ("AnimalDefinitionId", "BodyPartKey") DO NOTHING;
INSERT INTO "alchimalia_schema"."AnimalCraftPartSupports" ("AnimalCraftId", "BodyPartKey") VALUES ('00000000-0000-0000-0000-000000000016', 'legs') ON CONFLICT ("AnimalCraftId", "BodyPartKey") DO NOTHING;
INSERT INTO "alchimalia_schema"."AnimalDefinitionPartSupports" ("AnimalDefinitionId", "BodyPartKey") VALUES ('00000000-0000-0000-0000-000000000016', 'tail') ON CONFLICT ("AnimalDefinitionId", "BodyPartKey") DO NOTHING;
INSERT INTO "alchimalia_schema"."AnimalCraftPartSupports" ("AnimalCraftId", "BodyPartKey") VALUES ('00000000-0000-0000-0000-000000000016', 'tail') ON CONFLICT ("AnimalCraftId", "BodyPartKey") DO NOTHING;
INSERT INTO "alchimalia_schema"."AnimalDefinitionPartSupports" ("AnimalDefinitionId", "BodyPartKey") VALUES ('00000000-0000-0000-0000-000000000017', 'head') ON CONFLICT ("AnimalDefinitionId", "BodyPartKey") DO NOTHING;
INSERT INTO "alchimalia_schema"."AnimalCraftPartSupports" ("AnimalCraftId", "BodyPartKey") VALUES ('00000000-0000-0000-0000-000000000017', 'head') ON CONFLICT ("AnimalCraftId", "BodyPartKey") DO NOTHING;
INSERT INTO "alchimalia_schema"."AnimalDefinitionPartSupports" ("AnimalDefinitionId", "BodyPartKey") VALUES ('00000000-0000-0000-0000-000000000017', 'body') ON CONFLICT ("AnimalDefinitionId", "BodyPartKey") DO NOTHING;
INSERT INTO "alchimalia_schema"."AnimalCraftPartSupports" ("AnimalCraftId", "BodyPartKey") VALUES ('00000000-0000-0000-0000-000000000017', 'body') ON CONFLICT ("AnimalCraftId", "BodyPartKey") DO NOTHING;
INSERT INTO "alchimalia_schema"."AnimalDefinitionPartSupports" ("AnimalDefinitionId", "BodyPartKey") VALUES ('00000000-0000-0000-0000-000000000017', 'arms') ON CONFLICT ("AnimalDefinitionId", "BodyPartKey") DO NOTHING;
INSERT INTO "alchimalia_schema"."AnimalCraftPartSupports" ("AnimalCraftId", "BodyPartKey") VALUES ('00000000-0000-0000-0000-000000000017', 'arms') ON CONFLICT ("AnimalCraftId", "BodyPartKey") DO NOTHING;
INSERT INTO "alchimalia_schema"."AnimalDefinitionPartSupports" ("AnimalDefinitionId", "BodyPartKey") VALUES ('00000000-0000-0000-0000-000000000017', 'legs') ON CONFLICT ("AnimalDefinitionId", "BodyPartKey") DO NOTHING;
INSERT INTO "alchimalia_schema"."AnimalCraftPartSupports" ("AnimalCraftId", "BodyPartKey") VALUES ('00000000-0000-0000-0000-000000000017', 'legs') ON CONFLICT ("AnimalCraftId", "BodyPartKey") DO NOTHING;
INSERT INTO "alchimalia_schema"."AnimalDefinitionPartSupports" ("AnimalDefinitionId", "BodyPartKey") VALUES ('00000000-0000-0000-0000-000000000017', 'tail') ON CONFLICT ("AnimalDefinitionId", "BodyPartKey") DO NOTHING;
INSERT INTO "alchimalia_schema"."AnimalCraftPartSupports" ("AnimalCraftId", "BodyPartKey") VALUES ('00000000-0000-0000-0000-000000000017', 'tail') ON CONFLICT ("AnimalCraftId", "BodyPartKey") DO NOTHING;
INSERT INTO "alchimalia_schema"."AnimalDefinitionPartSupports" ("AnimalDefinitionId", "BodyPartKey") VALUES ('00000000-0000-0000-0000-000000000018', 'head') ON CONFLICT ("AnimalDefinitionId", "BodyPartKey") DO NOTHING;
INSERT INTO "alchimalia_schema"."AnimalCraftPartSupports" ("AnimalCraftId", "BodyPartKey") VALUES ('00000000-0000-0000-0000-000000000018', 'head') ON CONFLICT ("AnimalCraftId", "BodyPartKey") DO NOTHING;
INSERT INTO "alchimalia_schema"."AnimalDefinitionPartSupports" ("AnimalDefinitionId", "BodyPartKey") VALUES ('00000000-0000-0000-0000-000000000018', 'body') ON CONFLICT ("AnimalDefinitionId", "BodyPartKey") DO NOTHING;
INSERT INTO "alchimalia_schema"."AnimalCraftPartSupports" ("AnimalCraftId", "BodyPartKey") VALUES ('00000000-0000-0000-0000-000000000018', 'body') ON CONFLICT ("AnimalCraftId", "BodyPartKey") DO NOTHING;
INSERT INTO "alchimalia_schema"."AnimalDefinitionPartSupports" ("AnimalDefinitionId", "BodyPartKey") VALUES ('00000000-0000-0000-0000-000000000018', 'arms') ON CONFLICT ("AnimalDefinitionId", "BodyPartKey") DO NOTHING;
INSERT INTO "alchimalia_schema"."AnimalCraftPartSupports" ("AnimalCraftId", "BodyPartKey") VALUES ('00000000-0000-0000-0000-000000000018', 'arms') ON CONFLICT ("AnimalCraftId", "BodyPartKey") DO NOTHING;
INSERT INTO "alchimalia_schema"."AnimalDefinitionPartSupports" ("AnimalDefinitionId", "BodyPartKey") VALUES ('00000000-0000-0000-0000-000000000018', 'legs') ON CONFLICT ("AnimalDefinitionId", "BodyPartKey") DO NOTHING;
INSERT INTO "alchimalia_schema"."AnimalCraftPartSupports" ("AnimalCraftId", "BodyPartKey") VALUES ('00000000-0000-0000-0000-000000000018', 'legs') ON CONFLICT ("AnimalCraftId", "BodyPartKey") DO NOTHING;
INSERT INTO "alchimalia_schema"."AnimalDefinitionPartSupports" ("AnimalDefinitionId", "BodyPartKey") VALUES ('00000000-0000-0000-0000-000000000018', 'tail') ON CONFLICT ("AnimalDefinitionId", "BodyPartKey") DO NOTHING;
INSERT INTO "alchimalia_schema"."AnimalCraftPartSupports" ("AnimalCraftId", "BodyPartKey") VALUES ('00000000-0000-0000-0000-000000000018', 'tail') ON CONFLICT ("AnimalCraftId", "BodyPartKey") DO NOTHING;
INSERT INTO "alchimalia_schema"."AnimalDefinitionPartSupports" ("AnimalDefinitionId", "BodyPartKey") VALUES ('00000000-0000-0000-0000-000000000018', 'horn') ON CONFLICT ("AnimalDefinitionId", "BodyPartKey") DO NOTHING;
INSERT INTO "alchimalia_schema"."AnimalCraftPartSupports" ("AnimalCraftId", "BodyPartKey") VALUES ('00000000-0000-0000-0000-000000000018', 'horn') ON CONFLICT ("AnimalCraftId", "BodyPartKey") DO NOTHING;
INSERT INTO "alchimalia_schema"."AnimalDefinitionPartSupports" ("AnimalDefinitionId", "BodyPartKey") VALUES ('00000000-0000-0000-0000-000000000019', 'head') ON CONFLICT ("AnimalDefinitionId", "BodyPartKey") DO NOTHING;
INSERT INTO "alchimalia_schema"."AnimalCraftPartSupports" ("AnimalCraftId", "BodyPartKey") VALUES ('00000000-0000-0000-0000-000000000019', 'head') ON CONFLICT ("AnimalCraftId", "BodyPartKey") DO NOTHING;
INSERT INTO "alchimalia_schema"."AnimalDefinitionPartSupports" ("AnimalDefinitionId", "BodyPartKey") VALUES ('00000000-0000-0000-0000-000000000019', 'body') ON CONFLICT ("AnimalDefinitionId", "BodyPartKey") DO NOTHING;
INSERT INTO "alchimalia_schema"."AnimalCraftPartSupports" ("AnimalCraftId", "BodyPartKey") VALUES ('00000000-0000-0000-0000-000000000019', 'body') ON CONFLICT ("AnimalCraftId", "BodyPartKey") DO NOTHING;
INSERT INTO "alchimalia_schema"."AnimalDefinitionPartSupports" ("AnimalDefinitionId", "BodyPartKey") VALUES ('00000000-0000-0000-0000-000000000019', 'arms') ON CONFLICT ("AnimalDefinitionId", "BodyPartKey") DO NOTHING;
INSERT INTO "alchimalia_schema"."AnimalCraftPartSupports" ("AnimalCraftId", "BodyPartKey") VALUES ('00000000-0000-0000-0000-000000000019', 'arms') ON CONFLICT ("AnimalCraftId", "BodyPartKey") DO NOTHING;
INSERT INTO "alchimalia_schema"."AnimalDefinitionPartSupports" ("AnimalDefinitionId", "BodyPartKey") VALUES ('00000000-0000-0000-0000-00000000001a', 'head') ON CONFLICT ("AnimalDefinitionId", "BodyPartKey") DO NOTHING;
INSERT INTO "alchimalia_schema"."AnimalCraftPartSupports" ("AnimalCraftId", "BodyPartKey") VALUES ('00000000-0000-0000-0000-00000000001a', 'head') ON CONFLICT ("AnimalCraftId", "BodyPartKey") DO NOTHING;
INSERT INTO "alchimalia_schema"."AnimalDefinitionPartSupports" ("AnimalDefinitionId", "BodyPartKey") VALUES ('00000000-0000-0000-0000-00000000001a', 'body') ON CONFLICT ("AnimalDefinitionId", "BodyPartKey") DO NOTHING;
INSERT INTO "alchimalia_schema"."AnimalCraftPartSupports" ("AnimalCraftId", "BodyPartKey") VALUES ('00000000-0000-0000-0000-00000000001a', 'body') ON CONFLICT ("AnimalCraftId", "BodyPartKey") DO NOTHING;
INSERT INTO "alchimalia_schema"."AnimalDefinitionPartSupports" ("AnimalDefinitionId", "BodyPartKey") VALUES ('00000000-0000-0000-0000-00000000001a', 'arms') ON CONFLICT ("AnimalDefinitionId", "BodyPartKey") DO NOTHING;
INSERT INTO "alchimalia_schema"."AnimalCraftPartSupports" ("AnimalCraftId", "BodyPartKey") VALUES ('00000000-0000-0000-0000-00000000001a', 'arms') ON CONFLICT ("AnimalCraftId", "BodyPartKey") DO NOTHING;
INSERT INTO "alchimalia_schema"."AnimalDefinitionPartSupports" ("AnimalDefinitionId", "BodyPartKey") VALUES ('00000000-0000-0000-0000-00000000001a', 'legs') ON CONFLICT ("AnimalDefinitionId", "BodyPartKey") DO NOTHING;
INSERT INTO "alchimalia_schema"."AnimalCraftPartSupports" ("AnimalCraftId", "BodyPartKey") VALUES ('00000000-0000-0000-0000-00000000001a', 'legs') ON CONFLICT ("AnimalCraftId", "BodyPartKey") DO NOTHING;
INSERT INTO "alchimalia_schema"."AnimalDefinitionPartSupports" ("AnimalDefinitionId", "BodyPartKey") VALUES ('00000000-0000-0000-0000-00000000001a', 'tail') ON CONFLICT ("AnimalDefinitionId", "BodyPartKey") DO NOTHING;
INSERT INTO "alchimalia_schema"."AnimalCraftPartSupports" ("AnimalCraftId", "BodyPartKey") VALUES ('00000000-0000-0000-0000-00000000001a', 'tail') ON CONFLICT ("AnimalCraftId", "BodyPartKey") DO NOTHING;
INSERT INTO "alchimalia_schema"."AnimalDefinitionPartSupports" ("AnimalDefinitionId", "BodyPartKey") VALUES ('00000000-0000-0000-0000-00000000001a', 'horns') ON CONFLICT ("AnimalDefinitionId", "BodyPartKey") DO NOTHING;
INSERT INTO "alchimalia_schema"."AnimalCraftPartSupports" ("AnimalCraftId", "BodyPartKey") VALUES ('00000000-0000-0000-0000-00000000001a', 'horns') ON CONFLICT ("AnimalCraftId", "BodyPartKey") DO NOTHING;
INSERT INTO "alchimalia_schema"."AnimalDefinitionPartSupports" ("AnimalDefinitionId", "BodyPartKey") VALUES ('00000000-0000-0000-0000-00000000001b', 'head') ON CONFLICT ("AnimalDefinitionId", "BodyPartKey") DO NOTHING;
INSERT INTO "alchimalia_schema"."AnimalCraftPartSupports" ("AnimalCraftId", "BodyPartKey") VALUES ('00000000-0000-0000-0000-00000000001b', 'head') ON CONFLICT ("AnimalCraftId", "BodyPartKey") DO NOTHING;
INSERT INTO "alchimalia_schema"."AnimalDefinitionPartSupports" ("AnimalDefinitionId", "BodyPartKey") VALUES ('00000000-0000-0000-0000-00000000001b', 'body') ON CONFLICT ("AnimalDefinitionId", "BodyPartKey") DO NOTHING;
INSERT INTO "alchimalia_schema"."AnimalCraftPartSupports" ("AnimalCraftId", "BodyPartKey") VALUES ('00000000-0000-0000-0000-00000000001b', 'body') ON CONFLICT ("AnimalCraftId", "BodyPartKey") DO NOTHING;
INSERT INTO "alchimalia_schema"."AnimalDefinitionPartSupports" ("AnimalDefinitionId", "BodyPartKey") VALUES ('00000000-0000-0000-0000-00000000001b', 'arms') ON CONFLICT ("AnimalDefinitionId", "BodyPartKey") DO NOTHING;
INSERT INTO "alchimalia_schema"."AnimalCraftPartSupports" ("AnimalCraftId", "BodyPartKey") VALUES ('00000000-0000-0000-0000-00000000001b', 'arms') ON CONFLICT ("AnimalCraftId", "BodyPartKey") DO NOTHING;
INSERT INTO "alchimalia_schema"."AnimalDefinitionPartSupports" ("AnimalDefinitionId", "BodyPartKey") VALUES ('00000000-0000-0000-0000-00000000001c', 'head') ON CONFLICT ("AnimalDefinitionId", "BodyPartKey") DO NOTHING;
INSERT INTO "alchimalia_schema"."AnimalCraftPartSupports" ("AnimalCraftId", "BodyPartKey") VALUES ('00000000-0000-0000-0000-00000000001c', 'head') ON CONFLICT ("AnimalCraftId", "BodyPartKey") DO NOTHING;
INSERT INTO "alchimalia_schema"."AnimalDefinitionPartSupports" ("AnimalDefinitionId", "BodyPartKey") VALUES ('00000000-0000-0000-0000-00000000001c', 'body') ON CONFLICT ("AnimalDefinitionId", "BodyPartKey") DO NOTHING;
INSERT INTO "alchimalia_schema"."AnimalCraftPartSupports" ("AnimalCraftId", "BodyPartKey") VALUES ('00000000-0000-0000-0000-00000000001c', 'body') ON CONFLICT ("AnimalCraftId", "BodyPartKey") DO NOTHING;
INSERT INTO "alchimalia_schema"."AnimalDefinitionPartSupports" ("AnimalDefinitionId", "BodyPartKey") VALUES ('00000000-0000-0000-0000-00000000001c', 'arms') ON CONFLICT ("AnimalDefinitionId", "BodyPartKey") DO NOTHING;
INSERT INTO "alchimalia_schema"."AnimalCraftPartSupports" ("AnimalCraftId", "BodyPartKey") VALUES ('00000000-0000-0000-0000-00000000001c', 'arms') ON CONFLICT ("AnimalCraftId", "BodyPartKey") DO NOTHING;
INSERT INTO "alchimalia_schema"."AnimalDefinitionPartSupports" ("AnimalDefinitionId", "BodyPartKey") VALUES ('00000000-0000-0000-0000-00000000001c', 'legs') ON CONFLICT ("AnimalDefinitionId", "BodyPartKey") DO NOTHING;
INSERT INTO "alchimalia_schema"."AnimalCraftPartSupports" ("AnimalCraftId", "BodyPartKey") VALUES ('00000000-0000-0000-0000-00000000001c', 'legs') ON CONFLICT ("AnimalCraftId", "BodyPartKey") DO NOTHING;
INSERT INTO "alchimalia_schema"."AnimalDefinitionPartSupports" ("AnimalDefinitionId", "BodyPartKey") VALUES ('00000000-0000-0000-0000-00000000001c', 'tail') ON CONFLICT ("AnimalDefinitionId", "BodyPartKey") DO NOTHING;
INSERT INTO "alchimalia_schema"."AnimalCraftPartSupports" ("AnimalCraftId", "BodyPartKey") VALUES ('00000000-0000-0000-0000-00000000001c', 'tail') ON CONFLICT ("AnimalCraftId", "BodyPartKey") DO NOTHING;
INSERT INTO "alchimalia_schema"."AnimalDefinitionPartSupports" ("AnimalDefinitionId", "BodyPartKey") VALUES ('00000000-0000-0000-0000-00000000001d', 'head') ON CONFLICT ("AnimalDefinitionId", "BodyPartKey") DO NOTHING;
INSERT INTO "alchimalia_schema"."AnimalCraftPartSupports" ("AnimalCraftId", "BodyPartKey") VALUES ('00000000-0000-0000-0000-00000000001d', 'head') ON CONFLICT ("AnimalCraftId", "BodyPartKey") DO NOTHING;
INSERT INTO "alchimalia_schema"."AnimalDefinitionPartSupports" ("AnimalDefinitionId", "BodyPartKey") VALUES ('00000000-0000-0000-0000-00000000001d', 'body') ON CONFLICT ("AnimalDefinitionId", "BodyPartKey") DO NOTHING;
INSERT INTO "alchimalia_schema"."AnimalCraftPartSupports" ("AnimalCraftId", "BodyPartKey") VALUES ('00000000-0000-0000-0000-00000000001d', 'body') ON CONFLICT ("AnimalCraftId", "BodyPartKey") DO NOTHING;
INSERT INTO "alchimalia_schema"."AnimalDefinitionPartSupports" ("AnimalDefinitionId", "BodyPartKey") VALUES ('00000000-0000-0000-0000-00000000001d', 'arms') ON CONFLICT ("AnimalDefinitionId", "BodyPartKey") DO NOTHING;
INSERT INTO "alchimalia_schema"."AnimalCraftPartSupports" ("AnimalCraftId", "BodyPartKey") VALUES ('00000000-0000-0000-0000-00000000001d', 'arms') ON CONFLICT ("AnimalCraftId", "BodyPartKey") DO NOTHING;
INSERT INTO "alchimalia_schema"."AnimalDefinitionPartSupports" ("AnimalDefinitionId", "BodyPartKey") VALUES ('00000000-0000-0000-0000-00000000001d', 'legs') ON CONFLICT ("AnimalDefinitionId", "BodyPartKey") DO NOTHING;
INSERT INTO "alchimalia_schema"."AnimalCraftPartSupports" ("AnimalCraftId", "BodyPartKey") VALUES ('00000000-0000-0000-0000-00000000001d', 'legs') ON CONFLICT ("AnimalCraftId", "BodyPartKey") DO NOTHING;
INSERT INTO "alchimalia_schema"."AnimalDefinitionPartSupports" ("AnimalDefinitionId", "BodyPartKey") VALUES ('00000000-0000-0000-0000-00000000001d', 'tail') ON CONFLICT ("AnimalDefinitionId", "BodyPartKey") DO NOTHING;
INSERT INTO "alchimalia_schema"."AnimalCraftPartSupports" ("AnimalCraftId", "BodyPartKey") VALUES ('00000000-0000-0000-0000-00000000001d', 'tail') ON CONFLICT ("AnimalCraftId", "BodyPartKey") DO NOTHING;
INSERT INTO "alchimalia_schema"."AnimalDefinitionPartSupports" ("AnimalDefinitionId", "BodyPartKey") VALUES ('00000000-0000-0000-0000-00000000001d', 'wings') ON CONFLICT ("AnimalDefinitionId", "BodyPartKey") DO NOTHING;
INSERT INTO "alchimalia_schema"."AnimalCraftPartSupports" ("AnimalCraftId", "BodyPartKey") VALUES ('00000000-0000-0000-0000-00000000001d', 'wings') ON CONFLICT ("AnimalCraftId", "BodyPartKey") DO NOTHING;
INSERT INTO "alchimalia_schema"."AnimalDefinitionPartSupports" ("AnimalDefinitionId", "BodyPartKey") VALUES ('00000000-0000-0000-0000-00000000001e', 'head') ON CONFLICT ("AnimalDefinitionId", "BodyPartKey") DO NOTHING;
INSERT INTO "alchimalia_schema"."AnimalCraftPartSupports" ("AnimalCraftId", "BodyPartKey") VALUES ('00000000-0000-0000-0000-00000000001e', 'head') ON CONFLICT ("AnimalCraftId", "BodyPartKey") DO NOTHING;
INSERT INTO "alchimalia_schema"."AnimalDefinitionPartSupports" ("AnimalDefinitionId", "BodyPartKey") VALUES ('00000000-0000-0000-0000-00000000001e', 'body') ON CONFLICT ("AnimalDefinitionId", "BodyPartKey") DO NOTHING;
INSERT INTO "alchimalia_schema"."AnimalCraftPartSupports" ("AnimalCraftId", "BodyPartKey") VALUES ('00000000-0000-0000-0000-00000000001e', 'body') ON CONFLICT ("AnimalCraftId", "BodyPartKey") DO NOTHING;
INSERT INTO "alchimalia_schema"."AnimalDefinitionPartSupports" ("AnimalDefinitionId", "BodyPartKey") VALUES ('00000000-0000-0000-0000-00000000001e', 'arms') ON CONFLICT ("AnimalDefinitionId", "BodyPartKey") DO NOTHING;
INSERT INTO "alchimalia_schema"."AnimalCraftPartSupports" ("AnimalCraftId", "BodyPartKey") VALUES ('00000000-0000-0000-0000-00000000001e', 'arms') ON CONFLICT ("AnimalCraftId", "BodyPartKey") DO NOTHING;
INSERT INTO "alchimalia_schema"."AnimalDefinitionPartSupports" ("AnimalDefinitionId", "BodyPartKey") VALUES ('00000000-0000-0000-0000-00000000001f', 'head') ON CONFLICT ("AnimalDefinitionId", "BodyPartKey") DO NOTHING;
INSERT INTO "alchimalia_schema"."AnimalCraftPartSupports" ("AnimalCraftId", "BodyPartKey") VALUES ('00000000-0000-0000-0000-00000000001f', 'head') ON CONFLICT ("AnimalCraftId", "BodyPartKey") DO NOTHING;
INSERT INTO "alchimalia_schema"."AnimalDefinitionPartSupports" ("AnimalDefinitionId", "BodyPartKey") VALUES ('00000000-0000-0000-0000-00000000001f', 'body') ON CONFLICT ("AnimalDefinitionId", "BodyPartKey") DO NOTHING;
INSERT INTO "alchimalia_schema"."AnimalCraftPartSupports" ("AnimalCraftId", "BodyPartKey") VALUES ('00000000-0000-0000-0000-00000000001f', 'body') ON CONFLICT ("AnimalCraftId", "BodyPartKey") DO NOTHING;
INSERT INTO "alchimalia_schema"."AnimalDefinitionPartSupports" ("AnimalDefinitionId", "BodyPartKey") VALUES ('00000000-0000-0000-0000-00000000001f', 'arms') ON CONFLICT ("AnimalDefinitionId", "BodyPartKey") DO NOTHING;
INSERT INTO "alchimalia_schema"."AnimalCraftPartSupports" ("AnimalCraftId", "BodyPartKey") VALUES ('00000000-0000-0000-0000-00000000001f', 'arms') ON CONFLICT ("AnimalCraftId", "BodyPartKey") DO NOTHING;
INSERT INTO "alchimalia_schema"."AnimalDefinitionPartSupports" ("AnimalDefinitionId", "BodyPartKey") VALUES ('00000000-0000-0000-0000-000000000020', 'head') ON CONFLICT ("AnimalDefinitionId", "BodyPartKey") DO NOTHING;
INSERT INTO "alchimalia_schema"."AnimalCraftPartSupports" ("AnimalCraftId", "BodyPartKey") VALUES ('00000000-0000-0000-0000-000000000020', 'head') ON CONFLICT ("AnimalCraftId", "BodyPartKey") DO NOTHING;
INSERT INTO "alchimalia_schema"."AnimalDefinitionPartSupports" ("AnimalDefinitionId", "BodyPartKey") VALUES ('00000000-0000-0000-0000-000000000020', 'body') ON CONFLICT ("AnimalDefinitionId", "BodyPartKey") DO NOTHING;
INSERT INTO "alchimalia_schema"."AnimalCraftPartSupports" ("AnimalCraftId", "BodyPartKey") VALUES ('00000000-0000-0000-0000-000000000020', 'body') ON CONFLICT ("AnimalCraftId", "BodyPartKey") DO NOTHING;
INSERT INTO "alchimalia_schema"."AnimalDefinitionPartSupports" ("AnimalDefinitionId", "BodyPartKey") VALUES ('00000000-0000-0000-0000-000000000020', 'arms') ON CONFLICT ("AnimalDefinitionId", "BodyPartKey") DO NOTHING;
INSERT INTO "alchimalia_schema"."AnimalCraftPartSupports" ("AnimalCraftId", "BodyPartKey") VALUES ('00000000-0000-0000-0000-000000000020', 'arms') ON CONFLICT ("AnimalCraftId", "BodyPartKey") DO NOTHING;
INSERT INTO "alchimalia_schema"."AnimalDefinitionPartSupports" ("AnimalDefinitionId", "BodyPartKey") VALUES ('00000000-0000-0000-0000-000000000020', 'legs') ON CONFLICT ("AnimalDefinitionId", "BodyPartKey") DO NOTHING;
INSERT INTO "alchimalia_schema"."AnimalCraftPartSupports" ("AnimalCraftId", "BodyPartKey") VALUES ('00000000-0000-0000-0000-000000000020', 'legs') ON CONFLICT ("AnimalCraftId", "BodyPartKey") DO NOTHING;
INSERT INTO "alchimalia_schema"."AnimalDefinitionPartSupports" ("AnimalDefinitionId", "BodyPartKey") VALUES ('00000000-0000-0000-0000-000000000020', 'tail') ON CONFLICT ("AnimalDefinitionId", "BodyPartKey") DO NOTHING;
INSERT INTO "alchimalia_schema"."AnimalCraftPartSupports" ("AnimalCraftId", "BodyPartKey") VALUES ('00000000-0000-0000-0000-000000000020', 'tail') ON CONFLICT ("AnimalCraftId", "BodyPartKey") DO NOTHING;
INSERT INTO "alchimalia_schema"."AnimalDefinitionPartSupports" ("AnimalDefinitionId", "BodyPartKey") VALUES ('00000000-0000-0000-0000-000000000021', 'head') ON CONFLICT ("AnimalDefinitionId", "BodyPartKey") DO NOTHING;
INSERT INTO "alchimalia_schema"."AnimalCraftPartSupports" ("AnimalCraftId", "BodyPartKey") VALUES ('00000000-0000-0000-0000-000000000021', 'head') ON CONFLICT ("AnimalCraftId", "BodyPartKey") DO NOTHING;
INSERT INTO "alchimalia_schema"."AnimalDefinitionPartSupports" ("AnimalDefinitionId", "BodyPartKey") VALUES ('00000000-0000-0000-0000-000000000021', 'body') ON CONFLICT ("AnimalDefinitionId", "BodyPartKey") DO NOTHING;
INSERT INTO "alchimalia_schema"."AnimalCraftPartSupports" ("AnimalCraftId", "BodyPartKey") VALUES ('00000000-0000-0000-0000-000000000021', 'body') ON CONFLICT ("AnimalCraftId", "BodyPartKey") DO NOTHING;
INSERT INTO "alchimalia_schema"."AnimalDefinitionPartSupports" ("AnimalDefinitionId", "BodyPartKey") VALUES ('00000000-0000-0000-0000-000000000021', 'arms') ON CONFLICT ("AnimalDefinitionId", "BodyPartKey") DO NOTHING;
INSERT INTO "alchimalia_schema"."AnimalCraftPartSupports" ("AnimalCraftId", "BodyPartKey") VALUES ('00000000-0000-0000-0000-000000000021', 'arms') ON CONFLICT ("AnimalCraftId", "BodyPartKey") DO NOTHING;
INSERT INTO "alchimalia_schema"."AnimalDefinitionPartSupports" ("AnimalDefinitionId", "BodyPartKey") VALUES ('00000000-0000-0000-0000-000000000021', 'legs') ON CONFLICT ("AnimalDefinitionId", "BodyPartKey") DO NOTHING;
INSERT INTO "alchimalia_schema"."AnimalCraftPartSupports" ("AnimalCraftId", "BodyPartKey") VALUES ('00000000-0000-0000-0000-000000000021', 'legs') ON CONFLICT ("AnimalCraftId", "BodyPartKey") DO NOTHING;
INSERT INTO "alchimalia_schema"."AnimalDefinitionPartSupports" ("AnimalDefinitionId", "BodyPartKey") VALUES ('00000000-0000-0000-0000-000000000021', 'tail') ON CONFLICT ("AnimalDefinitionId", "BodyPartKey") DO NOTHING;
INSERT INTO "alchimalia_schema"."AnimalCraftPartSupports" ("AnimalCraftId", "BodyPartKey") VALUES ('00000000-0000-0000-0000-000000000021', 'tail') ON CONFLICT ("AnimalCraftId", "BodyPartKey") DO NOTHING;
INSERT INTO "alchimalia_schema"."AnimalDefinitionPartSupports" ("AnimalDefinitionId", "BodyPartKey") VALUES ('00000000-0000-0000-0000-000000000021', 'wings') ON CONFLICT ("AnimalDefinitionId", "BodyPartKey") DO NOTHING;
INSERT INTO "alchimalia_schema"."AnimalCraftPartSupports" ("AnimalCraftId", "BodyPartKey") VALUES ('00000000-0000-0000-0000-000000000021', 'wings') ON CONFLICT ("AnimalCraftId", "BodyPartKey") DO NOTHING;
INSERT INTO "alchimalia_schema"."AnimalDefinitionPartSupports" ("AnimalDefinitionId", "BodyPartKey") VALUES ('00000000-0000-0000-0000-000000000022', 'head') ON CONFLICT ("AnimalDefinitionId", "BodyPartKey") DO NOTHING;
INSERT INTO "alchimalia_schema"."AnimalCraftPartSupports" ("AnimalCraftId", "BodyPartKey") VALUES ('00000000-0000-0000-0000-000000000022', 'head') ON CONFLICT ("AnimalCraftId", "BodyPartKey") DO NOTHING;
INSERT INTO "alchimalia_schema"."AnimalDefinitionPartSupports" ("AnimalDefinitionId", "BodyPartKey") VALUES ('00000000-0000-0000-0000-000000000022', 'body') ON CONFLICT ("AnimalDefinitionId", "BodyPartKey") DO NOTHING;
INSERT INTO "alchimalia_schema"."AnimalCraftPartSupports" ("AnimalCraftId", "BodyPartKey") VALUES ('00000000-0000-0000-0000-000000000022', 'body') ON CONFLICT ("AnimalCraftId", "BodyPartKey") DO NOTHING;
INSERT INTO "alchimalia_schema"."AnimalDefinitionPartSupports" ("AnimalDefinitionId", "BodyPartKey") VALUES ('00000000-0000-0000-0000-000000000022', 'arms') ON CONFLICT ("AnimalDefinitionId", "BodyPartKey") DO NOTHING;
INSERT INTO "alchimalia_schema"."AnimalCraftPartSupports" ("AnimalCraftId", "BodyPartKey") VALUES ('00000000-0000-0000-0000-000000000022', 'arms') ON CONFLICT ("AnimalCraftId", "BodyPartKey") DO NOTHING;

-- Hero Definitions + Crafts
INSERT INTO "alchimalia_schema"."HeroDefinitionDefinitions" ("Id", "CourageCost", "CuriosityCost", "ThinkingCost", "CreativityCost", "SafetyCost", "PrerequisitesJson", "RewardsJson", "IsUnlocked", "PositionX", "PositionY", "Image", "Status", "Version", "BaseVersion", "LastPublishedVersion", "PublishedByUserId", "CreatedAt", "UpdatedAt", "PublishedAtUtc") VALUES ('seed', 0, 0, 0, 0, 0, '', '[]', false, 0, 0, 'images/toh/heroes/alchimalia_hero.jpg', 'published', 1, 0, 0, NULL, now() at time zone 'utc', now() at time zone 'utc', now() at time zone 'utc') ON CONFLICT ("Id") DO NOTHING;
INSERT INTO "alchimalia_schema"."HeroDefinitionCrafts" ("Id", "PublishedDefinitionId", "CourageCost", "CuriosityCost", "ThinkingCost", "CreativityCost", "SafetyCost", "PrerequisitesJson", "RewardsJson", "IsUnlocked", "PositionX", "PositionY", "Image", "Status", "BaseVersion", "LastDraftVersion", "CreatedByUserId", "AssignedReviewerUserId", "ReviewedByUserId", "ApprovedByUserId", "ReviewNotes", "ReviewStartedAt", "ReviewEndedAt", "CreatedAt", "UpdatedAt") VALUES ('seed', 'seed', 0, 0, 0, 0, 0, '', '[]', false, 0, 0, 'images/toh/heroes/alchimalia_hero.jpg', 'published', 0, 0, NULL, NULL, NULL, NULL, NULL, NULL, NULL, now() at time zone 'utc', now() at time zone 'utc') ON CONFLICT ("Id") DO NOTHING;
INSERT INTO "alchimalia_schema"."HeroDefinitionDefinitionTranslations" ("Id", "HeroDefinitionDefinitionId", "LanguageCode", "Name", "Description", "Story") VALUES (uuid_generate_v4(), 'seed', 'en-us', 'Heroic Seed', 'The seed from which all heroes grow. Click to discover your heroic potential.', 'In your heart beats a seed of heroism. Click on it to discover your first heroes and begin your heroic journey.') ON CONFLICT ("HeroDefinitionDefinitionId", "LanguageCode") DO NOTHING;
INSERT INTO "alchimalia_schema"."HeroDefinitionDefinitionTranslations" ("Id", "HeroDefinitionDefinitionId", "LanguageCode", "Name", "Description", "Story") VALUES (uuid_generate_v4(), 'seed', 'ro-ro', 'Smna Eroic', 'Smna din care cresc toi eroii. Apas pentru a descoperi potenialul tu eroic.', 'n inima ta bate o smn de eroism. Apas pe ea pentru a descoperi primii ti eroi i a ncepe cltoria ta eroic.') ON CONFLICT ("HeroDefinitionDefinitionId", "LanguageCode") DO NOTHING;
INSERT INTO "alchimalia_schema"."HeroDefinitionDefinitionTranslations" ("Id", "HeroDefinitionDefinitionId", "LanguageCode", "Name", "Description", "Story") VALUES (uuid_generate_v4(), 'seed', 'hu-hu', 'Hsies Mag', 'A mag, amelybl minden hs n. Kattints, hogy felfedezd hsies potencilodat.', 'A szvedben egy hsiessg magja dobog. Kattints r, hogy felfedezd els hseidet s kezdd el hsies utadat.') ON CONFLICT ("HeroDefinitionDefinitionId", "LanguageCode") DO NOTHING;
INSERT INTO "alchimalia_schema"."HeroDefinitionCraftTranslations" ("Id", "HeroDefinitionCraftId", "LanguageCode", "Name", "Description", "Story") VALUES (uuid_generate_v4(), 'seed', 'en-us', 'Heroic Seed', 'The seed from which all heroes grow. Click to discover your heroic potential.', 'In your heart beats a seed of heroism. Click on it to discover your first heroes and begin your heroic journey.') ON CONFLICT ("HeroDefinitionCraftId", "LanguageCode") DO NOTHING;
INSERT INTO "alchimalia_schema"."HeroDefinitionCraftTranslations" ("Id", "HeroDefinitionCraftId", "LanguageCode", "Name", "Description", "Story") VALUES (uuid_generate_v4(), 'seed', 'ro-ro', 'Smna Eroic', 'Smna din care cresc toi eroii. Apas pentru a descoperi potenialul tu eroic.', 'n inima ta bate o smn de eroism. Apas pe ea pentru a descoperi primii ti eroi i a ncepe cltoria ta eroic.') ON CONFLICT ("HeroDefinitionCraftId", "LanguageCode") DO NOTHING;
INSERT INTO "alchimalia_schema"."HeroDefinitionCraftTranslations" ("Id", "HeroDefinitionCraftId", "LanguageCode", "Name", "Description", "Story") VALUES (uuid_generate_v4(), 'seed', 'hu-hu', 'Hsies Mag', 'A mag, amelybl minden hs n. Kattints, hogy felfedezd hsies potencilodat.', 'A szvedben egy hsiessg magja dobog. Kattints r, hogy felfedezd els hseidet s kezdd el hsies utadat.') ON CONFLICT ("HeroDefinitionCraftId", "LanguageCode") DO NOTHING;
INSERT INTO "alchimalia_schema"."HeroDefinitionDefinitions" ("Id", "CourageCost", "CuriosityCost", "ThinkingCost", "CreativityCost", "SafetyCost", "PrerequisitesJson", "RewardsJson", "IsUnlocked", "PositionX", "PositionY", "Image", "Status", "Version", "BaseVersion", "LastPublishedVersion", "PublishedByUserId", "CreatedAt", "UpdatedAt", "PublishedAtUtc") VALUES ('alchimalia_hero', 0, 0, 0, 0, 0, '', '[]', false, 0, 0, 'images/toh/heroes/alchimalia_hero.jpg', 'published', 1, 0, 0, NULL, now() at time zone 'utc', now() at time zone 'utc', now() at time zone 'utc') ON CONFLICT ("Id") DO NOTHING;
INSERT INTO "alchimalia_schema"."HeroDefinitionCrafts" ("Id", "PublishedDefinitionId", "CourageCost", "CuriosityCost", "ThinkingCost", "CreativityCost", "SafetyCost", "PrerequisitesJson", "RewardsJson", "IsUnlocked", "PositionX", "PositionY", "Image", "Status", "BaseVersion", "LastDraftVersion", "CreatedByUserId", "AssignedReviewerUserId", "ReviewedByUserId", "ApprovedByUserId", "ReviewNotes", "ReviewStartedAt", "ReviewEndedAt", "CreatedAt", "UpdatedAt") VALUES ('alchimalia_hero', 'alchimalia_hero', 0, 0, 0, 0, 0, '', '[]', false, 0, 0, 'images/toh/heroes/alchimalia_hero.jpg', 'published', 0, 0, NULL, NULL, NULL, NULL, NULL, NULL, NULL, now() at time zone 'utc', now() at time zone 'utc') ON CONFLICT ("Id") DO NOTHING;
INSERT INTO "alchimalia_schema"."HeroDefinitionDefinitionTranslations" ("Id", "HeroDefinitionDefinitionId", "LanguageCode", "Name", "Description", "Story") VALUES (uuid_generate_v4(), 'alchimalia_hero', 'en-us', 'Alchimalia Hero', 'The root of all heroes, the source of transformation.', 'Your faithful companion, the beginning of the heroic journey.') ON CONFLICT ("HeroDefinitionDefinitionId", "LanguageCode") DO NOTHING;
INSERT INTO "alchimalia_schema"."HeroDefinitionDefinitionTranslations" ("Id", "HeroDefinitionDefinitionId", "LanguageCode", "Name", "Description", "Story") VALUES (uuid_generate_v4(), 'alchimalia_hero', 'ro-ro', 'Eroul Alchimalia', 'Rdcina tuturor eroilor, sursa transformrii.', 'Companionul tu fidel, nceputul cltoriei eroice') ON CONFLICT ("HeroDefinitionDefinitionId", "LanguageCode") DO NOTHING;
INSERT INTO "alchimalia_schema"."HeroDefinitionDefinitionTranslations" ("Id", "HeroDefinitionDefinitionId", "LanguageCode", "Name", "Description", "Story") VALUES (uuid_generate_v4(), 'alchimalia_hero', 'hu-hu', 'Alchimalia Hse', 'Minden hs gykere, az talakuls forrsa.', 'Hsges trsad, a hsies t kezdete') ON CONFLICT ("HeroDefinitionDefinitionId", "LanguageCode") DO NOTHING;
INSERT INTO "alchimalia_schema"."HeroDefinitionCraftTranslations" ("Id", "HeroDefinitionCraftId", "LanguageCode", "Name", "Description", "Story") VALUES (uuid_generate_v4(), 'alchimalia_hero', 'en-us', 'Alchimalia Hero', 'The root of all heroes, the source of transformation.', 'Your faithful companion, the beginning of the heroic journey.') ON CONFLICT ("HeroDefinitionCraftId", "LanguageCode") DO NOTHING;
INSERT INTO "alchimalia_schema"."HeroDefinitionCraftTranslations" ("Id", "HeroDefinitionCraftId", "LanguageCode", "Name", "Description", "Story") VALUES (uuid_generate_v4(), 'alchimalia_hero', 'ro-ro', 'Eroul Alchimalia', 'Rdcina tuturor eroilor, sursa transformrii.', 'Companionul tu fidel, nceputul cltoriei eroice') ON CONFLICT ("HeroDefinitionCraftId", "LanguageCode") DO NOTHING;
INSERT INTO "alchimalia_schema"."HeroDefinitionCraftTranslations" ("Id", "HeroDefinitionCraftId", "LanguageCode", "Name", "Description", "Story") VALUES (uuid_generate_v4(), 'alchimalia_hero', 'hu-hu', 'Alchimalia Hse', 'Minden hs gykere, az talakuls forrsa.', 'Hsges trsad, a hsies t kezdete') ON CONFLICT ("HeroDefinitionCraftId", "LanguageCode") DO NOTHING;
INSERT INTO "alchimalia_schema"."HeroDefinitionDefinitions" ("Id", "CourageCost", "CuriosityCost", "ThinkingCost", "CreativityCost", "SafetyCost", "PrerequisitesJson", "RewardsJson", "IsUnlocked", "PositionX", "PositionY", "Image", "Status", "Version", "BaseVersion", "LastPublishedVersion", "PublishedByUserId", "CreatedAt", "UpdatedAt", "PublishedAtUtc") VALUES ('hero_brave_puppy', 1, 0, 0, 0, 0, '"alchimalia_hero"', '[]', false, -150, -200, 'images/toh/heroes/hero_brave_puppy.jpg', 'published', 1, 0, 0, NULL, now() at time zone 'utc', now() at time zone 'utc', now() at time zone 'utc') ON CONFLICT ("Id") DO NOTHING;
INSERT INTO "alchimalia_schema"."HeroDefinitionCrafts" ("Id", "PublishedDefinitionId", "CourageCost", "CuriosityCost", "ThinkingCost", "CreativityCost", "SafetyCost", "PrerequisitesJson", "RewardsJson", "IsUnlocked", "PositionX", "PositionY", "Image", "Status", "BaseVersion", "LastDraftVersion", "CreatedByUserId", "AssignedReviewerUserId", "ReviewedByUserId", "ApprovedByUserId", "ReviewNotes", "ReviewStartedAt", "ReviewEndedAt", "CreatedAt", "UpdatedAt") VALUES ('hero_brave_puppy', 'hero_brave_puppy', 1, 0, 0, 0, 0, '"alchimalia_hero"', '[]', false, -150, -200, 'images/toh/heroes/hero_brave_puppy.jpg', 'published', 0, 0, NULL, NULL, NULL, NULL, NULL, NULL, NULL, now() at time zone 'utc', now() at time zone 'utc') ON CONFLICT ("Id") DO NOTHING;
INSERT INTO "alchimalia_schema"."HeroDefinitionDefinitionTranslations" ("Id", "HeroDefinitionDefinitionId", "LanguageCode", "Name", "Description", "Story") VALUES (uuid_generate_v4(), 'hero_brave_puppy', 'en-us', 'Brave Puppy', 'A small pup full of courage and determination.', 'This little pup faces challenges head-on, inspiring bravery in everyone.') ON CONFLICT ("HeroDefinitionDefinitionId", "LanguageCode") DO NOTHING;
INSERT INTO "alchimalia_schema"."HeroDefinitionDefinitionTranslations" ("Id", "HeroDefinitionDefinitionId", "LanguageCode", "Name", "Description", "Story") VALUES (uuid_generate_v4(), 'hero_brave_puppy', 'ro-ro', 'Celul Curajos', 'Un spirit curajos care i va da puterea s nfruni orice provocare...', 'Celul Curajos te nva c adevratul curaj nu nseamn absena fricii, ci aciunea n ciuda ei.') ON CONFLICT ("HeroDefinitionDefinitionId", "LanguageCode") DO NOTHING;
INSERT INTO "alchimalia_schema"."HeroDefinitionDefinitionTranslations" ("Id", "HeroDefinitionDefinitionId", "LanguageCode", "Name", "Description", "Story") VALUES (uuid_generate_v4(), 'hero_brave_puppy', 'hu-hu', 'Btor Kiskutya', 'Egy btor llek, aki megadja neked az ert, hogy szembenzz brmilyen kihvssal...', 'A Btor Kiskutya megtant, hogy az igazi btorsg nem a flelem hinya, hanem a cselekvs a flelem ellenre.') ON CONFLICT ("HeroDefinitionDefinitionId", "LanguageCode") DO NOTHING;
INSERT INTO "alchimalia_schema"."HeroDefinitionCraftTranslations" ("Id", "HeroDefinitionCraftId", "LanguageCode", "Name", "Description", "Story") VALUES (uuid_generate_v4(), 'hero_brave_puppy', 'en-us', 'Brave Puppy', 'A small pup full of courage and determination.', 'This little pup faces challenges head-on, inspiring bravery in everyone.') ON CONFLICT ("HeroDefinitionCraftId", "LanguageCode") DO NOTHING;
INSERT INTO "alchimalia_schema"."HeroDefinitionCraftTranslations" ("Id", "HeroDefinitionCraftId", "LanguageCode", "Name", "Description", "Story") VALUES (uuid_generate_v4(), 'hero_brave_puppy', 'ro-ro', 'Celul Curajos', 'Un spirit curajos care i va da puterea s nfruni orice provocare...', 'Celul Curajos te nva c adevratul curaj nu nseamn absena fricii, ci aciunea n ciuda ei.') ON CONFLICT ("HeroDefinitionCraftId", "LanguageCode") DO NOTHING;
INSERT INTO "alchimalia_schema"."HeroDefinitionCraftTranslations" ("Id", "HeroDefinitionCraftId", "LanguageCode", "Name", "Description", "Story") VALUES (uuid_generate_v4(), 'hero_brave_puppy', 'hu-hu', 'Btor Kiskutya', 'Egy btor llek, aki megadja neked az ert, hogy szembenzz brmilyen kihvssal...', 'A Btor Kiskutya megtant, hogy az igazi btorsg nem a flelem hinya, hanem a cselekvs a flelem ellenre.') ON CONFLICT ("HeroDefinitionCraftId", "LanguageCode") DO NOTHING;
INSERT INTO "alchimalia_schema"."HeroDefinitionDefinitions" ("Id", "CourageCost", "CuriosityCost", "ThinkingCost", "CreativityCost", "SafetyCost", "PrerequisitesJson", "RewardsJson", "IsUnlocked", "PositionX", "PositionY", "Image", "Status", "Version", "BaseVersion", "LastPublishedVersion", "PublishedByUserId", "CreatedAt", "UpdatedAt", "PublishedAtUtc") VALUES ('hero_brave_pup_lvl2', 2, 0, 0, 0, 0, '"hero_brave_puppy"', '[]', false, -150, -280, 'images/toh/heroes/hero_guardian_dog.jpg', 'published', 1, 0, 0, NULL, now() at time zone 'utc', now() at time zone 'utc', now() at time zone 'utc') ON CONFLICT ("Id") DO NOTHING;
INSERT INTO "alchimalia_schema"."HeroDefinitionCrafts" ("Id", "PublishedDefinitionId", "CourageCost", "CuriosityCost", "ThinkingCost", "CreativityCost", "SafetyCost", "PrerequisitesJson", "RewardsJson", "IsUnlocked", "PositionX", "PositionY", "Image", "Status", "BaseVersion", "LastDraftVersion", "CreatedByUserId", "AssignedReviewerUserId", "ReviewedByUserId", "ApprovedByUserId", "ReviewNotes", "ReviewStartedAt", "ReviewEndedAt", "CreatedAt", "UpdatedAt") VALUES ('hero_brave_pup_lvl2', 'hero_brave_pup_lvl2', 2, 0, 0, 0, 0, '"hero_brave_puppy"', '[]', false, -150, -280, 'images/toh/heroes/hero_guardian_dog.jpg', 'published', 0, 0, NULL, NULL, NULL, NULL, NULL, NULL, NULL, now() at time zone 'utc', now() at time zone 'utc') ON CONFLICT ("Id") DO NOTHING;
INSERT INTO "alchimalia_schema"."HeroDefinitionDefinitionTranslations" ("Id", "HeroDefinitionDefinitionId", "LanguageCode", "Name", "Description", "Story") VALUES (uuid_generate_v4(), 'hero_brave_pup_lvl2', 'en-us', 'Guardian Dog', 'A loyal protector with unwavering courage and devotion.', 'The Guardian Dog stands watch, defending those in need with brave determination.') ON CONFLICT ("HeroDefinitionDefinitionId", "LanguageCode") DO NOTHING;
INSERT INTO "alchimalia_schema"."HeroDefinitionDefinitionTranslations" ("Id", "HeroDefinitionDefinitionId", "LanguageCode", "Name", "Description", "Story") VALUES (uuid_generate_v4(), 'hero_brave_pup_lvl2', 'ro-ro', 'Cinele Gardian', 'Un protector loial cu curaj neclintit i devotament de neclintit.', 'Cinele Gardian st de veghe, aprndu-i pe cei n nevoie cu hotrre curajoas.') ON CONFLICT ("HeroDefinitionDefinitionId", "LanguageCode") DO NOTHING;
INSERT INTO "alchimalia_schema"."HeroDefinitionDefinitionTranslations" ("Id", "HeroDefinitionDefinitionId", "LanguageCode", "Name", "Description", "Story") VALUES (uuid_generate_v4(), 'hero_brave_pup_lvl2', 'hu-hu', 'rz Kutya', 'Egy hsges vdelmez rendthetetlen btorsggal s odaadssal.', 'Az rz Kutya rkdik, megvdve a szksgben lvket btor elszntsggal.') ON CONFLICT ("HeroDefinitionDefinitionId", "LanguageCode") DO NOTHING;
INSERT INTO "alchimalia_schema"."HeroDefinitionCraftTranslations" ("Id", "HeroDefinitionCraftId", "LanguageCode", "Name", "Description", "Story") VALUES (uuid_generate_v4(), 'hero_brave_pup_lvl2', 'en-us', 'Guardian Dog', 'A loyal protector with unwavering courage and devotion.', 'The Guardian Dog stands watch, defending those in need with brave determination.') ON CONFLICT ("HeroDefinitionCraftId", "LanguageCode") DO NOTHING;
INSERT INTO "alchimalia_schema"."HeroDefinitionCraftTranslations" ("Id", "HeroDefinitionCraftId", "LanguageCode", "Name", "Description", "Story") VALUES (uuid_generate_v4(), 'hero_brave_pup_lvl2', 'ro-ro', 'Cinele Gardian', 'Un protector loial cu curaj neclintit i devotament de neclintit.', 'Cinele Gardian st de veghe, aprndu-i pe cei n nevoie cu hotrre curajoas.') ON CONFLICT ("HeroDefinitionCraftId", "LanguageCode") DO NOTHING;
INSERT INTO "alchimalia_schema"."HeroDefinitionCraftTranslations" ("Id", "HeroDefinitionCraftId", "LanguageCode", "Name", "Description", "Story") VALUES (uuid_generate_v4(), 'hero_brave_pup_lvl2', 'hu-hu', 'rz Kutya', 'Egy hsges vdelmez rendthetetlen btorsggal s odaadssal.', 'Az rz Kutya rkdik, megvdve a szksgben lvket btor elszntsggal.') ON CONFLICT ("HeroDefinitionCraftId", "LanguageCode") DO NOTHING;
INSERT INTO "alchimalia_schema"."HeroDefinitionDefinitions" ("Id", "CourageCost", "CuriosityCost", "ThinkingCost", "CreativityCost", "SafetyCost", "PrerequisitesJson", "RewardsJson", "IsUnlocked", "PositionX", "PositionY", "Image", "Status", "Version", "BaseVersion", "LastPublishedVersion", "PublishedByUserId", "CreatedAt", "UpdatedAt", "PublishedAtUtc") VALUES ('hero_brave_pup_lvl3', 3, 0, 0, 0, 0, '"hero_brave_pup_lvl2"', '[]', false, -150, -360, 'images/toh/heroes/hero_legendary_dog.jpg', 'published', 1, 0, 0, NULL, now() at time zone 'utc', now() at time zone 'utc', now() at time zone 'utc') ON CONFLICT ("Id") DO NOTHING;
INSERT INTO "alchimalia_schema"."HeroDefinitionCrafts" ("Id", "PublishedDefinitionId", "CourageCost", "CuriosityCost", "ThinkingCost", "CreativityCost", "SafetyCost", "PrerequisitesJson", "RewardsJson", "IsUnlocked", "PositionX", "PositionY", "Image", "Status", "BaseVersion", "LastDraftVersion", "CreatedByUserId", "AssignedReviewerUserId", "ReviewedByUserId", "ApprovedByUserId", "ReviewNotes", "ReviewStartedAt", "ReviewEndedAt", "CreatedAt", "UpdatedAt") VALUES ('hero_brave_pup_lvl3', 'hero_brave_pup_lvl3', 3, 0, 0, 0, 0, '"hero_brave_pup_lvl2"', '[]', false, -150, -360, 'images/toh/heroes/hero_legendary_dog.jpg', 'published', 0, 0, NULL, NULL, NULL, NULL, NULL, NULL, NULL, now() at time zone 'utc', now() at time zone 'utc') ON CONFLICT ("Id") DO NOTHING;
INSERT INTO "alchimalia_schema"."HeroDefinitionDefinitionTranslations" ("Id", "HeroDefinitionDefinitionId", "LanguageCode", "Name", "Description", "Story") VALUES (uuid_generate_v4(), 'hero_brave_pup_lvl3', 'en-us', 'Legendary Dog', 'A legendary hero of unmatched courage and noble spirit.', 'The Legendary Dog inspires legends, embodying the purest form of heroic courage.') ON CONFLICT ("HeroDefinitionDefinitionId", "LanguageCode") DO NOTHING;
INSERT INTO "alchimalia_schema"."HeroDefinitionDefinitionTranslations" ("Id", "HeroDefinitionDefinitionId", "LanguageCode", "Name", "Description", "Story") VALUES (uuid_generate_v4(), 'hero_brave_pup_lvl3', 'ro-ro', 'Cinele Legendar', 'Un erou legendar de curaj fr egal i spirit nobil.', 'Cinele Legendar inspir legende, ntruchipnd forma cea mai pur a curajului eroic.') ON CONFLICT ("HeroDefinitionDefinitionId", "LanguageCode") DO NOTHING;
INSERT INTO "alchimalia_schema"."HeroDefinitionDefinitionTranslations" ("Id", "HeroDefinitionDefinitionId", "LanguageCode", "Name", "Description", "Story") VALUES (uuid_generate_v4(), 'hero_brave_pup_lvl3', 'hu-hu', 'Legends Kutya', 'Egy legends hs pratlan btorsggal s nemes szellemmel.', 'A Legends Kutya legendkat inspirl, a hsies btorsg legtisztbb formjt megtestestve.') ON CONFLICT ("HeroDefinitionDefinitionId", "LanguageCode") DO NOTHING;
INSERT INTO "alchimalia_schema"."HeroDefinitionCraftTranslations" ("Id", "HeroDefinitionCraftId", "LanguageCode", "Name", "Description", "Story") VALUES (uuid_generate_v4(), 'hero_brave_pup_lvl3', 'en-us', 'Legendary Dog', 'A legendary hero of unmatched courage and noble spirit.', 'The Legendary Dog inspires legends, embodying the purest form of heroic courage.') ON CONFLICT ("HeroDefinitionCraftId", "LanguageCode") DO NOTHING;
INSERT INTO "alchimalia_schema"."HeroDefinitionCraftTranslations" ("Id", "HeroDefinitionCraftId", "LanguageCode", "Name", "Description", "Story") VALUES (uuid_generate_v4(), 'hero_brave_pup_lvl3', 'ro-ro', 'Cinele Legendar', 'Un erou legendar de curaj fr egal i spirit nobil.', 'Cinele Legendar inspir legende, ntruchipnd forma cea mai pur a curajului eroic.') ON CONFLICT ("HeroDefinitionCraftId", "LanguageCode") DO NOTHING;
INSERT INTO "alchimalia_schema"."HeroDefinitionCraftTranslations" ("Id", "HeroDefinitionCraftId", "LanguageCode", "Name", "Description", "Story") VALUES (uuid_generate_v4(), 'hero_brave_pup_lvl3', 'hu-hu', 'Legends Kutya', 'Egy legends hs pratlan btorsggal s nemes szellemmel.', 'A Legends Kutya legendkat inspirl, a hsies btorsg legtisztbb formjt megtestestve.') ON CONFLICT ("HeroDefinitionCraftId", "LanguageCode") DO NOTHING;
INSERT INTO "alchimalia_schema"."HeroDefinitionDefinitions" ("Id", "CourageCost", "CuriosityCost", "ThinkingCost", "CreativityCost", "SafetyCost", "PrerequisitesJson", "RewardsJson", "IsUnlocked", "PositionX", "PositionY", "Image", "Status", "Version", "BaseVersion", "LastPublishedVersion", "PublishedByUserId", "CreatedAt", "UpdatedAt", "PublishedAtUtc") VALUES ('hero_curious_cat', 0, 1, 0, 0, 0, '"alchimalia_hero"', '[]', false, 150, -200, 'images/toh/heroes/hero_curious_cat.jpg', 'published', 1, 0, 0, NULL, now() at time zone 'utc', now() at time zone 'utc', now() at time zone 'utc') ON CONFLICT ("Id") DO NOTHING;
INSERT INTO "alchimalia_schema"."HeroDefinitionCrafts" ("Id", "PublishedDefinitionId", "CourageCost", "CuriosityCost", "ThinkingCost", "CreativityCost", "SafetyCost", "PrerequisitesJson", "RewardsJson", "IsUnlocked", "PositionX", "PositionY", "Image", "Status", "BaseVersion", "LastDraftVersion", "CreatedByUserId", "AssignedReviewerUserId", "ReviewedByUserId", "ApprovedByUserId", "ReviewNotes", "ReviewStartedAt", "ReviewEndedAt", "CreatedAt", "UpdatedAt") VALUES ('hero_curious_cat', 'hero_curious_cat', 0, 1, 0, 0, 0, '"alchimalia_hero"', '[]', false, 150, -200, 'images/toh/heroes/hero_curious_cat.jpg', 'published', 0, 0, NULL, NULL, NULL, NULL, NULL, NULL, NULL, now() at time zone 'utc', now() at time zone 'utc') ON CONFLICT ("Id") DO NOTHING;
INSERT INTO "alchimalia_schema"."HeroDefinitionDefinitionTranslations" ("Id", "HeroDefinitionDefinitionId", "LanguageCode", "Name", "Description", "Story") VALUES (uuid_generate_v4(), 'hero_curious_cat', 'en-us', 'Curious Cat', 'A curious being that explores every corner of the world.', 'The Curious Cat guides you through mysteries and wonders, awakening your curiosity.') ON CONFLICT ("HeroDefinitionDefinitionId", "LanguageCode") DO NOTHING;
INSERT INTO "alchimalia_schema"."HeroDefinitionDefinitionTranslations" ("Id", "HeroDefinitionDefinitionId", "LanguageCode", "Name", "Description", "Story") VALUES (uuid_generate_v4(), 'hero_curious_cat', 'ro-ro', 'Pisica Curioas', 'O fiin curioas care i va deschide ochii ctre minunile lumii...', 'Pisica Curioas te ghideaz prin labirintul ntrebrilor, artndu-i c fiecare mister ascunde o minune.') ON CONFLICT ("HeroDefinitionDefinitionId", "LanguageCode") DO NOTHING;
INSERT INTO "alchimalia_schema"."HeroDefinitionDefinitionTranslations" ("Id", "HeroDefinitionDefinitionId", "LanguageCode", "Name", "Description", "Story") VALUES (uuid_generate_v4(), 'hero_curious_cat', 'hu-hu', 'Kvncsi Macska', 'Egy kvncsi lny, aki megnyitja a szemed a vilg csodi fel...', 'A Kvncsi Macska vezet tged a krdsek labirintusn, megmutatva, hogy minden rejtly egy csodt rejt.') ON CONFLICT ("HeroDefinitionDefinitionId", "LanguageCode") DO NOTHING;
INSERT INTO "alchimalia_schema"."HeroDefinitionCraftTranslations" ("Id", "HeroDefinitionCraftId", "LanguageCode", "Name", "Description", "Story") VALUES (uuid_generate_v4(), 'hero_curious_cat', 'en-us', 'Curious Cat', 'A curious being that explores every corner of the world.', 'The Curious Cat guides you through mysteries and wonders, awakening your curiosity.') ON CONFLICT ("HeroDefinitionCraftId", "LanguageCode") DO NOTHING;
INSERT INTO "alchimalia_schema"."HeroDefinitionCraftTranslations" ("Id", "HeroDefinitionCraftId", "LanguageCode", "Name", "Description", "Story") VALUES (uuid_generate_v4(), 'hero_curious_cat', 'ro-ro', 'Pisica Curioas', 'O fiin curioas care i va deschide ochii ctre minunile lumii...', 'Pisica Curioas te ghideaz prin labirintul ntrebrilor, artndu-i c fiecare mister ascunde o minune.') ON CONFLICT ("HeroDefinitionCraftId", "LanguageCode") DO NOTHING;
INSERT INTO "alchimalia_schema"."HeroDefinitionCraftTranslations" ("Id", "HeroDefinitionCraftId", "LanguageCode", "Name", "Description", "Story") VALUES (uuid_generate_v4(), 'hero_curious_cat', 'hu-hu', 'Kvncsi Macska', 'Egy kvncsi lny, aki megnyitja a szemed a vilg csodi fel...', 'A Kvncsi Macska vezet tged a krdsek labirintusn, megmutatva, hogy minden rejtly egy csodt rejt.') ON CONFLICT ("HeroDefinitionCraftId", "LanguageCode") DO NOTHING;
INSERT INTO "alchimalia_schema"."HeroDefinitionDefinitions" ("Id", "CourageCost", "CuriosityCost", "ThinkingCost", "CreativityCost", "SafetyCost", "PrerequisitesJson", "RewardsJson", "IsUnlocked", "PositionX", "PositionY", "Image", "Status", "Version", "BaseVersion", "LastPublishedVersion", "PublishedByUserId", "CreatedAt", "UpdatedAt", "PublishedAtUtc") VALUES ('hero_curious_cat_lvl2', 0, 2, 0, 0, 0, '"hero_curious_cat"', '[]', false, 150, -280, 'images/toh/heroes/hero_explorer_cat.jpg', 'published', 1, 0, 0, NULL, now() at time zone 'utc', now() at time zone 'utc', now() at time zone 'utc') ON CONFLICT ("Id") DO NOTHING;
INSERT INTO "alchimalia_schema"."HeroDefinitionCrafts" ("Id", "PublishedDefinitionId", "CourageCost", "CuriosityCost", "ThinkingCost", "CreativityCost", "SafetyCost", "PrerequisitesJson", "RewardsJson", "IsUnlocked", "PositionX", "PositionY", "Image", "Status", "BaseVersion", "LastDraftVersion", "CreatedByUserId", "AssignedReviewerUserId", "ReviewedByUserId", "ApprovedByUserId", "ReviewNotes", "ReviewStartedAt", "ReviewEndedAt", "CreatedAt", "UpdatedAt") VALUES ('hero_curious_cat_lvl2', 'hero_curious_cat_lvl2', 0, 2, 0, 0, 0, '"hero_curious_cat"', '[]', false, 150, -280, 'images/toh/heroes/hero_explorer_cat.jpg', 'published', 0, 0, NULL, NULL, NULL, NULL, NULL, NULL, NULL, now() at time zone 'utc', now() at time zone 'utc') ON CONFLICT ("Id") DO NOTHING;
INSERT INTO "alchimalia_schema"."HeroDefinitionDefinitionTranslations" ("Id", "HeroDefinitionDefinitionId", "LanguageCode", "Name", "Description", "Story") VALUES (uuid_generate_v4(), 'hero_curious_cat_lvl2', 'en-us', 'Explorer Cat', 'A fearless explorer driven by endless curiosity and wonder.', 'The Explorer Cat ventures into unknown territories, discovering hidden secrets and mysteries.') ON CONFLICT ("HeroDefinitionDefinitionId", "LanguageCode") DO NOTHING;
INSERT INTO "alchimalia_schema"."HeroDefinitionDefinitionTranslations" ("Id", "HeroDefinitionDefinitionId", "LanguageCode", "Name", "Description", "Story") VALUES (uuid_generate_v4(), 'hero_curious_cat_lvl2', 'ro-ro', 'Pisica Exploratoare', 'O exploratoare nenfricat condus de curiozitate i minunrie nesfrite.', 'Pisica Exploratoare se aventureaz n teritorii necunoscute, descoperind secrete ascunse i mistere.') ON CONFLICT ("HeroDefinitionDefinitionId", "LanguageCode") DO NOTHING;
INSERT INTO "alchimalia_schema"."HeroDefinitionDefinitionTranslations" ("Id", "HeroDefinitionDefinitionId", "LanguageCode", "Name", "Description", "Story") VALUES (uuid_generate_v4(), 'hero_curious_cat_lvl2', 'hu-hu', 'Felfedez Macska', 'Egy rettenthetetlen felfedez, akit vgtelen kvncsisg s csodlat vezet.', 'A Felfedez Macska ismeretlen terletekre merszkedik, rejtett titkokat s rejtlyeket fedezve fel.') ON CONFLICT ("HeroDefinitionDefinitionId", "LanguageCode") DO NOTHING;
INSERT INTO "alchimalia_schema"."HeroDefinitionCraftTranslations" ("Id", "HeroDefinitionCraftId", "LanguageCode", "Name", "Description", "Story") VALUES (uuid_generate_v4(), 'hero_curious_cat_lvl2', 'en-us', 'Explorer Cat', 'A fearless explorer driven by endless curiosity and wonder.', 'The Explorer Cat ventures into unknown territories, discovering hidden secrets and mysteries.') ON CONFLICT ("HeroDefinitionCraftId", "LanguageCode") DO NOTHING;
INSERT INTO "alchimalia_schema"."HeroDefinitionCraftTranslations" ("Id", "HeroDefinitionCraftId", "LanguageCode", "Name", "Description", "Story") VALUES (uuid_generate_v4(), 'hero_curious_cat_lvl2', 'ro-ro', 'Pisica Exploratoare', 'O exploratoare nenfricat condus de curiozitate i minunrie nesfrite.', 'Pisica Exploratoare se aventureaz n teritorii necunoscute, descoperind secrete ascunse i mistere.') ON CONFLICT ("HeroDefinitionCraftId", "LanguageCode") DO NOTHING;
INSERT INTO "alchimalia_schema"."HeroDefinitionCraftTranslations" ("Id", "HeroDefinitionCraftId", "LanguageCode", "Name", "Description", "Story") VALUES (uuid_generate_v4(), 'hero_curious_cat_lvl2', 'hu-hu', 'Felfedez Macska', 'Egy rettenthetetlen felfedez, akit vgtelen kvncsisg s csodlat vezet.', 'A Felfedez Macska ismeretlen terletekre merszkedik, rejtett titkokat s rejtlyeket fedezve fel.') ON CONFLICT ("HeroDefinitionCraftId", "LanguageCode") DO NOTHING;
INSERT INTO "alchimalia_schema"."HeroDefinitionDefinitions" ("Id", "CourageCost", "CuriosityCost", "ThinkingCost", "CreativityCost", "SafetyCost", "PrerequisitesJson", "RewardsJson", "IsUnlocked", "PositionX", "PositionY", "Image", "Status", "Version", "BaseVersion", "LastPublishedVersion", "PublishedByUserId", "CreatedAt", "UpdatedAt", "PublishedAtUtc") VALUES ('hero_curious_cat_lvl3', 0, 3, 0, 0, 0, '"hero_curious_cat_lvl2"', '[]', false, 150, -360, 'images/toh/heroes/hero_oracle_cat.jpg', 'published', 1, 0, 0, NULL, now() at time zone 'utc', now() at time zone 'utc', now() at time zone 'utc') ON CONFLICT ("Id") DO NOTHING;
INSERT INTO "alchimalia_schema"."HeroDefinitionCrafts" ("Id", "PublishedDefinitionId", "CourageCost", "CuriosityCost", "ThinkingCost", "CreativityCost", "SafetyCost", "PrerequisitesJson", "RewardsJson", "IsUnlocked", "PositionX", "PositionY", "Image", "Status", "BaseVersion", "LastDraftVersion", "CreatedByUserId", "AssignedReviewerUserId", "ReviewedByUserId", "ApprovedByUserId", "ReviewNotes", "ReviewStartedAt", "ReviewEndedAt", "CreatedAt", "UpdatedAt") VALUES ('hero_curious_cat_lvl3', 'hero_curious_cat_lvl3', 0, 3, 0, 0, 0, '"hero_curious_cat_lvl2"', '[]', false, 150, -360, 'images/toh/heroes/hero_oracle_cat.jpg', 'published', 0, 0, NULL, NULL, NULL, NULL, NULL, NULL, NULL, now() at time zone 'utc', now() at time zone 'utc') ON CONFLICT ("Id") DO NOTHING;
INSERT INTO "alchimalia_schema"."HeroDefinitionDefinitionTranslations" ("Id", "HeroDefinitionDefinitionId", "LanguageCode", "Name", "Description", "Story") VALUES (uuid_generate_v4(), 'hero_curious_cat_lvl3', 'en-us', 'Oracle Cat', 'A mystical seer with profound insight and prophetic wisdom.', 'The Oracle Cat sees beyond the veil of reality, revealing truths hidden from ordinary sight.') ON CONFLICT ("HeroDefinitionDefinitionId", "LanguageCode") DO NOTHING;
INSERT INTO "alchimalia_schema"."HeroDefinitionDefinitionTranslations" ("Id", "HeroDefinitionDefinitionId", "LanguageCode", "Name", "Description", "Story") VALUES (uuid_generate_v4(), 'hero_curious_cat_lvl3', 'ro-ro', 'Pisica Oracol', 'O vztoare mistic cu nelegere profund i nelepciune profetic.', 'Pisica Oracol vede dincolo de vlul realitii, dezvluind adevruri ascunse de ochiul obinuit.') ON CONFLICT ("HeroDefinitionDefinitionId", "LanguageCode") DO NOTHING;
INSERT INTO "alchimalia_schema"."HeroDefinitionDefinitionTranslations" ("Id", "HeroDefinitionDefinitionId", "LanguageCode", "Name", "Description", "Story") VALUES (uuid_generate_v4(), 'hero_curious_cat_lvl3', 'hu-hu', 'Jsl Macska', 'Egy misztikus ltnok mly megrtssel s prftai blcsessggel.', 'A Jsl Macska a valsg ftyla mg lt, igazsgokat trva fel, amelyek a htkznapi szemnek rejtve maradnak.') ON CONFLICT ("HeroDefinitionDefinitionId", "LanguageCode") DO NOTHING;
INSERT INTO "alchimalia_schema"."HeroDefinitionCraftTranslations" ("Id", "HeroDefinitionCraftId", "LanguageCode", "Name", "Description", "Story") VALUES (uuid_generate_v4(), 'hero_curious_cat_lvl3', 'en-us', 'Oracle Cat', 'A mystical seer with profound insight and prophetic wisdom.', 'The Oracle Cat sees beyond the veil of reality, revealing truths hidden from ordinary sight.') ON CONFLICT ("HeroDefinitionCraftId", "LanguageCode") DO NOTHING;
INSERT INTO "alchimalia_schema"."HeroDefinitionCraftTranslations" ("Id", "HeroDefinitionCraftId", "LanguageCode", "Name", "Description", "Story") VALUES (uuid_generate_v4(), 'hero_curious_cat_lvl3', 'ro-ro', 'Pisica Oracol', 'O vztoare mistic cu nelegere profund i nelepciune profetic.', 'Pisica Oracol vede dincolo de vlul realitii, dezvluind adevruri ascunse de ochiul obinuit.') ON CONFLICT ("HeroDefinitionCraftId", "LanguageCode") DO NOTHING;
INSERT INTO "alchimalia_schema"."HeroDefinitionCraftTranslations" ("Id", "HeroDefinitionCraftId", "LanguageCode", "Name", "Description", "Story") VALUES (uuid_generate_v4(), 'hero_curious_cat_lvl3', 'hu-hu', 'Jsl Macska', 'Egy misztikus ltnok mly megrtssel s prftai blcsessggel.', 'A Jsl Macska a valsg ftyla mg lt, igazsgokat trva fel, amelyek a htkznapi szemnek rejtve maradnak.') ON CONFLICT ("HeroDefinitionCraftId", "LanguageCode") DO NOTHING;
INSERT INTO "alchimalia_schema"."HeroDefinitionDefinitions" ("Id", "CourageCost", "CuriosityCost", "ThinkingCost", "CreativityCost", "SafetyCost", "PrerequisitesJson", "RewardsJson", "IsUnlocked", "PositionX", "PositionY", "Image", "Status", "Version", "BaseVersion", "LastPublishedVersion", "PublishedByUserId", "CreatedAt", "UpdatedAt", "PublishedAtUtc") VALUES ('hero_wise_owl', 0, 0, 1, 0, 0, '"alchimalia_hero"', '[]', false, 0, -220, 'images/toh/heroes/hero_wise_owl.jpg', 'published', 1, 0, 0, NULL, now() at time zone 'utc', now() at time zone 'utc', now() at time zone 'utc') ON CONFLICT ("Id") DO NOTHING;
INSERT INTO "alchimalia_schema"."HeroDefinitionCrafts" ("Id", "PublishedDefinitionId", "CourageCost", "CuriosityCost", "ThinkingCost", "CreativityCost", "SafetyCost", "PrerequisitesJson", "RewardsJson", "IsUnlocked", "PositionX", "PositionY", "Image", "Status", "BaseVersion", "LastDraftVersion", "CreatedByUserId", "AssignedReviewerUserId", "ReviewedByUserId", "ApprovedByUserId", "ReviewNotes", "ReviewStartedAt", "ReviewEndedAt", "CreatedAt", "UpdatedAt") VALUES ('hero_wise_owl', 'hero_wise_owl', 0, 0, 1, 0, 0, '"alchimalia_hero"', '[]', false, 0, -220, 'images/toh/heroes/hero_wise_owl.jpg', 'published', 0, 0, NULL, NULL, NULL, NULL, NULL, NULL, NULL, now() at time zone 'utc', now() at time zone 'utc') ON CONFLICT ("Id") DO NOTHING;
INSERT INTO "alchimalia_schema"."HeroDefinitionDefinitionTranslations" ("Id", "HeroDefinitionDefinitionId", "LanguageCode", "Name", "Description", "Story") VALUES (uuid_generate_v4(), 'hero_wise_owl', 'en-us', 'Wise Owl', 'A keen observer, full of knowledge and insight.', 'The Wise Owl watches over the world, sharing wisdom and guidance to seekers.') ON CONFLICT ("HeroDefinitionDefinitionId", "LanguageCode") DO NOTHING;
INSERT INTO "alchimalia_schema"."HeroDefinitionDefinitionTranslations" ("Id", "HeroDefinitionDefinitionId", "LanguageCode", "Name", "Description", "Story") VALUES (uuid_generate_v4(), 'hero_wise_owl', 'ro-ro', 'Bufnia neleapt', 'Un mentor nelept care i va mprti secretele cunoaterii...', 'Bufnia neleapt i optete secretele nopii i i deschide ochii ctre adevrurile ascunse.') ON CONFLICT ("HeroDefinitionDefinitionId", "LanguageCode") DO NOTHING;
INSERT INTO "alchimalia_schema"."HeroDefinitionDefinitionTranslations" ("Id", "HeroDefinitionDefinitionId", "LanguageCode", "Name", "Description", "Story") VALUES (uuid_generate_v4(), 'hero_wise_owl', 'hu-hu', 'Blcs Bagoly', 'Egy blcs mentor, aki megosztja veled a tuds titkait...', 'A Blcs Bagoly suttogja a jszaka titkait s megnyitja a szemed a rejtett igazsgok fel.') ON CONFLICT ("HeroDefinitionDefinitionId", "LanguageCode") DO NOTHING;
INSERT INTO "alchimalia_schema"."HeroDefinitionCraftTranslations" ("Id", "HeroDefinitionCraftId", "LanguageCode", "Name", "Description", "Story") VALUES (uuid_generate_v4(), 'hero_wise_owl', 'en-us', 'Wise Owl', 'A keen observer, full of knowledge and insight.', 'The Wise Owl watches over the world, sharing wisdom and guidance to seekers.') ON CONFLICT ("HeroDefinitionCraftId", "LanguageCode") DO NOTHING;
INSERT INTO "alchimalia_schema"."HeroDefinitionCraftTranslations" ("Id", "HeroDefinitionCraftId", "LanguageCode", "Name", "Description", "Story") VALUES (uuid_generate_v4(), 'hero_wise_owl', 'ro-ro', 'Bufnia neleapt', 'Un mentor nelept care i va mprti secretele cunoaterii...', 'Bufnia neleapt i optete secretele nopii i i deschide ochii ctre adevrurile ascunse.') ON CONFLICT ("HeroDefinitionCraftId", "LanguageCode") DO NOTHING;
INSERT INTO "alchimalia_schema"."HeroDefinitionCraftTranslations" ("Id", "HeroDefinitionCraftId", "LanguageCode", "Name", "Description", "Story") VALUES (uuid_generate_v4(), 'hero_wise_owl', 'hu-hu', 'Blcs Bagoly', 'Egy blcs mentor, aki megosztja veled a tuds titkait...', 'A Blcs Bagoly suttogja a jszaka titkait s megnyitja a szemed a rejtett igazsgok fel.') ON CONFLICT ("HeroDefinitionCraftId", "LanguageCode") DO NOTHING;
INSERT INTO "alchimalia_schema"."HeroDefinitionDefinitions" ("Id", "CourageCost", "CuriosityCost", "ThinkingCost", "CreativityCost", "SafetyCost", "PrerequisitesJson", "RewardsJson", "IsUnlocked", "PositionX", "PositionY", "Image", "Status", "Version", "BaseVersion", "LastPublishedVersion", "PublishedByUserId", "CreatedAt", "UpdatedAt", "PublishedAtUtc") VALUES ('hero_wise_owl_lvl2', 0, 0, 2, 0, 0, '"hero_wise_owl"', '[]', false, 0, -300, 'images/toh/heroes/hero_scholar_owl.jpg', 'published', 1, 0, 0, NULL, now() at time zone 'utc', now() at time zone 'utc', now() at time zone 'utc') ON CONFLICT ("Id") DO NOTHING;
INSERT INTO "alchimalia_schema"."HeroDefinitionCrafts" ("Id", "PublishedDefinitionId", "CourageCost", "CuriosityCost", "ThinkingCost", "CreativityCost", "SafetyCost", "PrerequisitesJson", "RewardsJson", "IsUnlocked", "PositionX", "PositionY", "Image", "Status", "BaseVersion", "LastDraftVersion", "CreatedByUserId", "AssignedReviewerUserId", "ReviewedByUserId", "ApprovedByUserId", "ReviewNotes", "ReviewStartedAt", "ReviewEndedAt", "CreatedAt", "UpdatedAt") VALUES ('hero_wise_owl_lvl2', 'hero_wise_owl_lvl2', 0, 0, 2, 0, 0, '"hero_wise_owl"', '[]', false, 0, -300, 'images/toh/heroes/hero_scholar_owl.jpg', 'published', 0, 0, NULL, NULL, NULL, NULL, NULL, NULL, NULL, now() at time zone 'utc', now() at time zone 'utc') ON CONFLICT ("Id") DO NOTHING;
INSERT INTO "alchimalia_schema"."HeroDefinitionDefinitionTranslations" ("Id", "HeroDefinitionDefinitionId", "LanguageCode", "Name", "Description", "Story") VALUES (uuid_generate_v4(), 'hero_wise_owl_lvl2', 'en-us', 'Scholar Owl', 'A learned scholar with deep knowledge and analytical thinking.', 'The Scholar Owl studies the mysteries of the world, sharing wisdom through careful analysis.') ON CONFLICT ("HeroDefinitionDefinitionId", "LanguageCode") DO NOTHING;
INSERT INTO "alchimalia_schema"."HeroDefinitionDefinitionTranslations" ("Id", "HeroDefinitionDefinitionId", "LanguageCode", "Name", "Description", "Story") VALUES (uuid_generate_v4(), 'hero_wise_owl_lvl2', 'ro-ro', 'Bufnia Savant', 'O savant nvat cu cunoatere profund i gndire analitic.', 'Bufnia Savant studiaz misterele lumii, mprtind nelepciunea prin analiz atent.') ON CONFLICT ("HeroDefinitionDefinitionId", "LanguageCode") DO NOTHING;
INSERT INTO "alchimalia_schema"."HeroDefinitionDefinitionTranslations" ("Id", "HeroDefinitionDefinitionId", "LanguageCode", "Name", "Description", "Story") VALUES (uuid_generate_v4(), 'hero_wise_owl_lvl2', 'hu-hu', 'Tuds Bagoly', 'Egy tanult tuds mly tudssal s analitikus gondolkodssal.', 'A Tuds Bagoly a vilg rejtlyeit tanulmnyozza, blcsessget osztva meg gondos elemzsen keresztl.') ON CONFLICT ("HeroDefinitionDefinitionId", "LanguageCode") DO NOTHING;
INSERT INTO "alchimalia_schema"."HeroDefinitionCraftTranslations" ("Id", "HeroDefinitionCraftId", "LanguageCode", "Name", "Description", "Story") VALUES (uuid_generate_v4(), 'hero_wise_owl_lvl2', 'en-us', 'Scholar Owl', 'A learned scholar with deep knowledge and analytical thinking.', 'The Scholar Owl studies the mysteries of the world, sharing wisdom through careful analysis.') ON CONFLICT ("HeroDefinitionCraftId", "LanguageCode") DO NOTHING;
INSERT INTO "alchimalia_schema"."HeroDefinitionCraftTranslations" ("Id", "HeroDefinitionCraftId", "LanguageCode", "Name", "Description", "Story") VALUES (uuid_generate_v4(), 'hero_wise_owl_lvl2', 'ro-ro', 'Bufnia Savant', 'O savant nvat cu cunoatere profund i gndire analitic.', 'Bufnia Savant studiaz misterele lumii, mprtind nelepciunea prin analiz atent.') ON CONFLICT ("HeroDefinitionCraftId", "LanguageCode") DO NOTHING;
INSERT INTO "alchimalia_schema"."HeroDefinitionCraftTranslations" ("Id", "HeroDefinitionCraftId", "LanguageCode", "Name", "Description", "Story") VALUES (uuid_generate_v4(), 'hero_wise_owl_lvl2', 'hu-hu', 'Tuds Bagoly', 'Egy tanult tuds mly tudssal s analitikus gondolkodssal.', 'A Tuds Bagoly a vilg rejtlyeit tanulmnyozza, blcsessget osztva meg gondos elemzsen keresztl.') ON CONFLICT ("HeroDefinitionCraftId", "LanguageCode") DO NOTHING;
INSERT INTO "alchimalia_schema"."HeroDefinitionDefinitions" ("Id", "CourageCost", "CuriosityCost", "ThinkingCost", "CreativityCost", "SafetyCost", "PrerequisitesJson", "RewardsJson", "IsUnlocked", "PositionX", "PositionY", "Image", "Status", "Version", "BaseVersion", "LastPublishedVersion", "PublishedByUserId", "CreatedAt", "UpdatedAt", "PublishedAtUtc") VALUES ('hero_wise_owl_lvl3', 0, 0, 3, 0, 0, '"hero_wise_owl_lvl2"', '[]', false, 0, -380, 'images/toh/heroes/hero_ancient_owl.jpg', 'published', 1, 0, 0, NULL, now() at time zone 'utc', now() at time zone 'utc', now() at time zone 'utc') ON CONFLICT ("Id") DO NOTHING;
INSERT INTO "alchimalia_schema"."HeroDefinitionCrafts" ("Id", "PublishedDefinitionId", "CourageCost", "CuriosityCost", "ThinkingCost", "CreativityCost", "SafetyCost", "PrerequisitesJson", "RewardsJson", "IsUnlocked", "PositionX", "PositionY", "Image", "Status", "BaseVersion", "LastDraftVersion", "CreatedByUserId", "AssignedReviewerUserId", "ReviewedByUserId", "ApprovedByUserId", "ReviewNotes", "ReviewStartedAt", "ReviewEndedAt", "CreatedAt", "UpdatedAt") VALUES ('hero_wise_owl_lvl3', 'hero_wise_owl_lvl3', 0, 0, 3, 0, 0, '"hero_wise_owl_lvl2"', '[]', false, 0, -380, 'images/toh/heroes/hero_ancient_owl.jpg', 'published', 0, 0, NULL, NULL, NULL, NULL, NULL, NULL, NULL, now() at time zone 'utc', now() at time zone 'utc') ON CONFLICT ("Id") DO NOTHING;
INSERT INTO "alchimalia_schema"."HeroDefinitionDefinitionTranslations" ("Id", "HeroDefinitionDefinitionId", "LanguageCode", "Name", "Description", "Story") VALUES (uuid_generate_v4(), 'hero_wise_owl_lvl3', 'en-us', 'Ancient Owl', 'An ancient sage with timeless wisdom and eternal knowledge.', 'The Ancient Owl has witnessed the ages, holding the deepest secrets of the universe.') ON CONFLICT ("HeroDefinitionDefinitionId", "LanguageCode") DO NOTHING;
INSERT INTO "alchimalia_schema"."HeroDefinitionDefinitionTranslations" ("Id", "HeroDefinitionDefinitionId", "LanguageCode", "Name", "Description", "Story") VALUES (uuid_generate_v4(), 'hero_wise_owl_lvl3', 'ro-ro', 'Bufnia Antic', 'O neleapt antic cu nelepciune atemporal i cunoatere etern.', 'Bufnia Antic a fost martor la epoci, pstrnd cele mai profunde secrete ale universului.') ON CONFLICT ("HeroDefinitionDefinitionId", "LanguageCode") DO NOTHING;
INSERT INTO "alchimalia_schema"."HeroDefinitionDefinitionTranslations" ("Id", "HeroDefinitionDefinitionId", "LanguageCode", "Name", "Description", "Story") VALUES (uuid_generate_v4(), 'hero_wise_owl_lvl3', 'hu-hu', 'si Bagoly', 'Egy si blcs idtlen blcsessggel s rk tudssal.', 'Az si Bagoly tanja volt a koroknak, a vilgegyetem legmlyebb titkait rizve.') ON CONFLICT ("HeroDefinitionDefinitionId", "LanguageCode") DO NOTHING;
INSERT INTO "alchimalia_schema"."HeroDefinitionCraftTranslations" ("Id", "HeroDefinitionCraftId", "LanguageCode", "Name", "Description", "Story") VALUES (uuid_generate_v4(), 'hero_wise_owl_lvl3', 'en-us', 'Ancient Owl', 'An ancient sage with timeless wisdom and eternal knowledge.', 'The Ancient Owl has witnessed the ages, holding the deepest secrets of the universe.') ON CONFLICT ("HeroDefinitionCraftId", "LanguageCode") DO NOTHING;
INSERT INTO "alchimalia_schema"."HeroDefinitionCraftTranslations" ("Id", "HeroDefinitionCraftId", "LanguageCode", "Name", "Description", "Story") VALUES (uuid_generate_v4(), 'hero_wise_owl_lvl3', 'ro-ro', 'Bufnia Antic', 'O neleapt antic cu nelepciune atemporal i cunoatere etern.', 'Bufnia Antic a fost martor la epoci, pstrnd cele mai profunde secrete ale universului.') ON CONFLICT ("HeroDefinitionCraftId", "LanguageCode") DO NOTHING;
INSERT INTO "alchimalia_schema"."HeroDefinitionCraftTranslations" ("Id", "HeroDefinitionCraftId", "LanguageCode", "Name", "Description", "Story") VALUES (uuid_generate_v4(), 'hero_wise_owl_lvl3', 'hu-hu', 'si Bagoly', 'Egy si blcs idtlen blcsessggel s rk tudssal.', 'Az si Bagoly tanja volt a koroknak, a vilgegyetem legmlyebb titkait rizve.') ON CONFLICT ("HeroDefinitionCraftId", "LanguageCode") DO NOTHING;
INSERT INTO "alchimalia_schema"."HeroDefinitionDefinitions" ("Id", "CourageCost", "CuriosityCost", "ThinkingCost", "CreativityCost", "SafetyCost", "PrerequisitesJson", "RewardsJson", "IsUnlocked", "PositionX", "PositionY", "Image", "Status", "Version", "BaseVersion", "LastPublishedVersion", "PublishedByUserId", "CreatedAt", "UpdatedAt", "PublishedAtUtc") VALUES ('hero_playful_horse', 0, 0, 0, 1, 0, '"alchimalia_hero"', '[]', false, -200, -280, 'images/toh/heroes/hero_playful_horse.jpg', 'published', 1, 0, 0, NULL, now() at time zone 'utc', now() at time zone 'utc', now() at time zone 'utc') ON CONFLICT ("Id") DO NOTHING;
INSERT INTO "alchimalia_schema"."HeroDefinitionCrafts" ("Id", "PublishedDefinitionId", "CourageCost", "CuriosityCost", "ThinkingCost", "CreativityCost", "SafetyCost", "PrerequisitesJson", "RewardsJson", "IsUnlocked", "PositionX", "PositionY", "Image", "Status", "BaseVersion", "LastDraftVersion", "CreatedByUserId", "AssignedReviewerUserId", "ReviewedByUserId", "ApprovedByUserId", "ReviewNotes", "ReviewStartedAt", "ReviewEndedAt", "CreatedAt", "UpdatedAt") VALUES ('hero_playful_horse', 'hero_playful_horse', 0, 0, 0, 1, 0, '"alchimalia_hero"', '[]', false, -200, -280, 'images/toh/heroes/hero_playful_horse.jpg', 'published', 0, 0, NULL, NULL, NULL, NULL, NULL, NULL, NULL, now() at time zone 'utc', now() at time zone 'utc') ON CONFLICT ("Id") DO NOTHING;
INSERT INTO "alchimalia_schema"."HeroDefinitionDefinitionTranslations" ("Id", "HeroDefinitionDefinitionId", "LanguageCode", "Name", "Description", "Story") VALUES (uuid_generate_v4(), 'hero_playful_horse', 'en-us', 'Playful Horse', 'A joyful creature, bringing creativity and fun wherever it goes.', 'The Playful Horse gallops freely, inspiring imagination and playful ideas.') ON CONFLICT ("HeroDefinitionDefinitionId", "LanguageCode") DO NOTHING;
INSERT INTO "alchimalia_schema"."HeroDefinitionDefinitionTranslations" ("Id", "HeroDefinitionDefinitionId", "LanguageCode", "Name", "Description", "Story") VALUES (uuid_generate_v4(), 'hero_playful_horse', 'ro-ro', 'Cluul Jucu', 'Un companion jucu care i va elibera imaginaia fr limite...', 'Cluul Jucu i aduce bucuria creaiei pure, unde imaginaia galopeaz fr fru.') ON CONFLICT ("HeroDefinitionDefinitionId", "LanguageCode") DO NOTHING;
INSERT INTO "alchimalia_schema"."HeroDefinitionDefinitionTranslations" ("Id", "HeroDefinitionDefinitionId", "LanguageCode", "Name", "Description", "Story") VALUES (uuid_generate_v4(), 'hero_playful_horse', 'hu-hu', 'Jtkos Kiscsik', 'Egy jtkos trs, aki korltok nlkl felszabadtja a kpzeletedet...', 'A Jtkos Kiscsik hozza neked a tiszta alkots rmt, ahol a kpzelet kantr nlkl vgtzik.') ON CONFLICT ("HeroDefinitionDefinitionId", "LanguageCode") DO NOTHING;
INSERT INTO "alchimalia_schema"."HeroDefinitionCraftTranslations" ("Id", "HeroDefinitionCraftId", "LanguageCode", "Name", "Description", "Story") VALUES (uuid_generate_v4(), 'hero_playful_horse', 'en-us', 'Playful Horse', 'A joyful creature, bringing creativity and fun wherever it goes.', 'The Playful Horse gallops freely, inspiring imagination and playful ideas.') ON CONFLICT ("HeroDefinitionCraftId", "LanguageCode") DO NOTHING;
INSERT INTO "alchimalia_schema"."HeroDefinitionCraftTranslations" ("Id", "HeroDefinitionCraftId", "LanguageCode", "Name", "Description", "Story") VALUES (uuid_generate_v4(), 'hero_playful_horse', 'ro-ro', 'Cluul Jucu', 'Un companion jucu care i va elibera imaginaia fr limite...', 'Cluul Jucu i aduce bucuria creaiei pure, unde imaginaia galopeaz fr fru.') ON CONFLICT ("HeroDefinitionCraftId", "LanguageCode") DO NOTHING;
INSERT INTO "alchimalia_schema"."HeroDefinitionCraftTranslations" ("Id", "HeroDefinitionCraftId", "LanguageCode", "Name", "Description", "Story") VALUES (uuid_generate_v4(), 'hero_playful_horse', 'hu-hu', 'Jtkos Kiscsik', 'Egy jtkos trs, aki korltok nlkl felszabadtja a kpzeletedet...', 'A Jtkos Kiscsik hozza neked a tiszta alkots rmt, ahol a kpzelet kantr nlkl vgtzik.') ON CONFLICT ("HeroDefinitionCraftId", "LanguageCode") DO NOTHING;
INSERT INTO "alchimalia_schema"."HeroDefinitionDefinitions" ("Id", "CourageCost", "CuriosityCost", "ThinkingCost", "CreativityCost", "SafetyCost", "PrerequisitesJson", "RewardsJson", "IsUnlocked", "PositionX", "PositionY", "Image", "Status", "Version", "BaseVersion", "LastPublishedVersion", "PublishedByUserId", "CreatedAt", "UpdatedAt", "PublishedAtUtc") VALUES ('hero_playful_horse_lvl2', 0, 0, 0, 2, 0, '"hero_playful_horse"', '[]', false, -200, -360, 'images/toh/heroes/hero_artistic_horse.jpg', 'published', 1, 0, 0, NULL, now() at time zone 'utc', now() at time zone 'utc', now() at time zone 'utc') ON CONFLICT ("Id") DO NOTHING;
INSERT INTO "alchimalia_schema"."HeroDefinitionCrafts" ("Id", "PublishedDefinitionId", "CourageCost", "CuriosityCost", "ThinkingCost", "CreativityCost", "SafetyCost", "PrerequisitesJson", "RewardsJson", "IsUnlocked", "PositionX", "PositionY", "Image", "Status", "BaseVersion", "LastDraftVersion", "CreatedByUserId", "AssignedReviewerUserId", "ReviewedByUserId", "ApprovedByUserId", "ReviewNotes", "ReviewStartedAt", "ReviewEndedAt", "CreatedAt", "UpdatedAt") VALUES ('hero_playful_horse_lvl2', 'hero_playful_horse_lvl2', 0, 0, 0, 2, 0, '"hero_playful_horse"', '[]', false, -200, -360, 'images/toh/heroes/hero_artistic_horse.jpg', 'published', 0, 0, NULL, NULL, NULL, NULL, NULL, NULL, NULL, now() at time zone 'utc', now() at time zone 'utc') ON CONFLICT ("Id") DO NOTHING;
INSERT INTO "alchimalia_schema"."HeroDefinitionDefinitionTranslations" ("Id", "HeroDefinitionDefinitionId", "LanguageCode", "Name", "Description", "Story") VALUES (uuid_generate_v4(), 'hero_playful_horse_lvl2', 'en-us', 'Artistic Horse', 'A creative artist expressing beauty through imagination and skill.', 'The Artistic Horse creates masterpieces, bringing dreams to life through creative expression.') ON CONFLICT ("HeroDefinitionDefinitionId", "LanguageCode") DO NOTHING;
INSERT INTO "alchimalia_schema"."HeroDefinitionDefinitionTranslations" ("Id", "HeroDefinitionDefinitionId", "LanguageCode", "Name", "Description", "Story") VALUES (uuid_generate_v4(), 'hero_playful_horse_lvl2', 'ro-ro', 'Calul Artistic', 'Un artist creativ care exprim frumuseea prin imaginaie i miestrie.', 'Calul Artistic creeaz capodopere, aducnd visele la via prin expresie creativ.') ON CONFLICT ("HeroDefinitionDefinitionId", "LanguageCode") DO NOTHING;
INSERT INTO "alchimalia_schema"."HeroDefinitionDefinitionTranslations" ("Id", "HeroDefinitionDefinitionId", "LanguageCode", "Name", "Description", "Story") VALUES (uuid_generate_v4(), 'hero_playful_horse_lvl2', 'hu-hu', 'Mvszi L', 'Egy kreatv mvsz, aki szpsget fejez ki kpzelet s mestersg rvn.', 'A Mvszi L remekmveket alkot, lmokat letre hozva kreatv kifejezsen keresztl.') ON CONFLICT ("HeroDefinitionDefinitionId", "LanguageCode") DO NOTHING;
INSERT INTO "alchimalia_schema"."HeroDefinitionCraftTranslations" ("Id", "HeroDefinitionCraftId", "LanguageCode", "Name", "Description", "Story") VALUES (uuid_generate_v4(), 'hero_playful_horse_lvl2', 'en-us', 'Artistic Horse', 'A creative artist expressing beauty through imagination and skill.', 'The Artistic Horse creates masterpieces, bringing dreams to life through creative expression.') ON CONFLICT ("HeroDefinitionCraftId", "LanguageCode") DO NOTHING;
INSERT INTO "alchimalia_schema"."HeroDefinitionCraftTranslations" ("Id", "HeroDefinitionCraftId", "LanguageCode", "Name", "Description", "Story") VALUES (uuid_generate_v4(), 'hero_playful_horse_lvl2', 'ro-ro', 'Calul Artistic', 'Un artist creativ care exprim frumuseea prin imaginaie i miestrie.', 'Calul Artistic creeaz capodopere, aducnd visele la via prin expresie creativ.') ON CONFLICT ("HeroDefinitionCraftId", "LanguageCode") DO NOTHING;
INSERT INTO "alchimalia_schema"."HeroDefinitionCraftTranslations" ("Id", "HeroDefinitionCraftId", "LanguageCode", "Name", "Description", "Story") VALUES (uuid_generate_v4(), 'hero_playful_horse_lvl2', 'hu-hu', 'Mvszi L', 'Egy kreatv mvsz, aki szpsget fejez ki kpzelet s mestersg rvn.', 'A Mvszi L remekmveket alkot, lmokat letre hozva kreatv kifejezsen keresztl.') ON CONFLICT ("HeroDefinitionCraftId", "LanguageCode") DO NOTHING;
INSERT INTO "alchimalia_schema"."HeroDefinitionDefinitions" ("Id", "CourageCost", "CuriosityCost", "ThinkingCost", "CreativityCost", "SafetyCost", "PrerequisitesJson", "RewardsJson", "IsUnlocked", "PositionX", "PositionY", "Image", "Status", "Version", "BaseVersion", "LastPublishedVersion", "PublishedByUserId", "CreatedAt", "UpdatedAt", "PublishedAtUtc") VALUES ('hero_playful_horse_lvl3', 0, 0, 0, 3, 0, '"hero_playful_horse_lvl2"', '[]', false, -200, -440, 'images/toh/heroes/hero_genius_horse.jpg', 'published', 1, 0, 0, NULL, now() at time zone 'utc', now() at time zone 'utc', now() at time zone 'utc') ON CONFLICT ("Id") DO NOTHING;
INSERT INTO "alchimalia_schema"."HeroDefinitionCrafts" ("Id", "PublishedDefinitionId", "CourageCost", "CuriosityCost", "ThinkingCost", "CreativityCost", "SafetyCost", "PrerequisitesJson", "RewardsJson", "IsUnlocked", "PositionX", "PositionY", "Image", "Status", "BaseVersion", "LastDraftVersion", "CreatedByUserId", "AssignedReviewerUserId", "ReviewedByUserId", "ApprovedByUserId", "ReviewNotes", "ReviewStartedAt", "ReviewEndedAt", "CreatedAt", "UpdatedAt") VALUES ('hero_playful_horse_lvl3', 'hero_playful_horse_lvl3', 0, 0, 0, 3, 0, '"hero_playful_horse_lvl2"', '[]', false, -200, -440, 'images/toh/heroes/hero_genius_horse.jpg', 'published', 0, 0, NULL, NULL, NULL, NULL, NULL, NULL, NULL, now() at time zone 'utc', now() at time zone 'utc') ON CONFLICT ("Id") DO NOTHING;
INSERT INTO "alchimalia_schema"."HeroDefinitionDefinitionTranslations" ("Id", "HeroDefinitionDefinitionId", "LanguageCode", "Name", "Description", "Story") VALUES (uuid_generate_v4(), 'hero_playful_horse_lvl3', 'en-us', 'Genius Horse', 'A creative genius with unparalleled artistic vision and innovation.', 'The Genius Horse transcends ordinary creativity, crafting works of pure artistic brilliance.') ON CONFLICT ("HeroDefinitionDefinitionId", "LanguageCode") DO NOTHING;
INSERT INTO "alchimalia_schema"."HeroDefinitionDefinitionTranslations" ("Id", "HeroDefinitionDefinitionId", "LanguageCode", "Name", "Description", "Story") VALUES (uuid_generate_v4(), 'hero_playful_horse_lvl3', 'ro-ro', 'Calul Geniu', 'Un geniu creativ cu viziune artistic i inovaie fr egal.', 'Calul Geniu transcende creativitatea obinuit, crend opere de pur strlucire artistic.') ON CONFLICT ("HeroDefinitionDefinitionId", "LanguageCode") DO NOTHING;
INSERT INTO "alchimalia_schema"."HeroDefinitionDefinitionTranslations" ("Id", "HeroDefinitionDefinitionId", "LanguageCode", "Name", "Description", "Story") VALUES (uuid_generate_v4(), 'hero_playful_horse_lvl3', 'hu-hu', 'Zseni L', 'Egy kreatv zseni pratlan mvszi ltomssal s innovcival.', 'A Zseni L tlmutat a htkznapi kreativitson, tiszta mvszi ragyogs mveket alkotva.') ON CONFLICT ("HeroDefinitionDefinitionId", "LanguageCode") DO NOTHING;
INSERT INTO "alchimalia_schema"."HeroDefinitionCraftTranslations" ("Id", "HeroDefinitionCraftId", "LanguageCode", "Name", "Description", "Story") VALUES (uuid_generate_v4(), 'hero_playful_horse_lvl3', 'en-us', 'Genius Horse', 'A creative genius with unparalleled artistic vision and innovation.', 'The Genius Horse transcends ordinary creativity, crafting works of pure artistic brilliance.') ON CONFLICT ("HeroDefinitionCraftId", "LanguageCode") DO NOTHING;
INSERT INTO "alchimalia_schema"."HeroDefinitionCraftTranslations" ("Id", "HeroDefinitionCraftId", "LanguageCode", "Name", "Description", "Story") VALUES (uuid_generate_v4(), 'hero_playful_horse_lvl3', 'ro-ro', 'Calul Geniu', 'Un geniu creativ cu viziune artistic i inovaie fr egal.', 'Calul Geniu transcende creativitatea obinuit, crend opere de pur strlucire artistic.') ON CONFLICT ("HeroDefinitionCraftId", "LanguageCode") DO NOTHING;
INSERT INTO "alchimalia_schema"."HeroDefinitionCraftTranslations" ("Id", "HeroDefinitionCraftId", "LanguageCode", "Name", "Description", "Story") VALUES (uuid_generate_v4(), 'hero_playful_horse_lvl3', 'hu-hu', 'Zseni L', 'Egy kreatv zseni pratlan mvszi ltomssal s innovcival.', 'A Zseni L tlmutat a htkznapi kreativitson, tiszta mvszi ragyogs mveket alkotva.') ON CONFLICT ("HeroDefinitionCraftId", "LanguageCode") DO NOTHING;
INSERT INTO "alchimalia_schema"."HeroDefinitionDefinitions" ("Id", "CourageCost", "CuriosityCost", "ThinkingCost", "CreativityCost", "SafetyCost", "PrerequisitesJson", "RewardsJson", "IsUnlocked", "PositionX", "PositionY", "Image", "Status", "Version", "BaseVersion", "LastPublishedVersion", "PublishedByUserId", "CreatedAt", "UpdatedAt", "PublishedAtUtc") VALUES ('hero_cautious_hedgehog', 0, 0, 0, 0, 1, '"alchimalia_hero"', '[]', false, 200, -280, 'images/toh/heroes/hero_cautious_hedgehog.jpg', 'published', 1, 0, 0, NULL, now() at time zone 'utc', now() at time zone 'utc', now() at time zone 'utc') ON CONFLICT ("Id") DO NOTHING;
INSERT INTO "alchimalia_schema"."HeroDefinitionCrafts" ("Id", "PublishedDefinitionId", "CourageCost", "CuriosityCost", "ThinkingCost", "CreativityCost", "SafetyCost", "PrerequisitesJson", "RewardsJson", "IsUnlocked", "PositionX", "PositionY", "Image", "Status", "BaseVersion", "LastDraftVersion", "CreatedByUserId", "AssignedReviewerUserId", "ReviewedByUserId", "ApprovedByUserId", "ReviewNotes", "ReviewStartedAt", "ReviewEndedAt", "CreatedAt", "UpdatedAt") VALUES ('hero_cautious_hedgehog', 'hero_cautious_hedgehog', 0, 0, 0, 0, 1, '"alchimalia_hero"', '[]', false, 200, -280, 'images/toh/heroes/hero_cautious_hedgehog.jpg', 'published', 0, 0, NULL, NULL, NULL, NULL, NULL, NULL, NULL, now() at time zone 'utc', now() at time zone 'utc') ON CONFLICT ("Id") DO NOTHING;
INSERT INTO "alchimalia_schema"."HeroDefinitionDefinitionTranslations" ("Id", "HeroDefinitionDefinitionId", "LanguageCode", "Name", "Description", "Story") VALUES (uuid_generate_v4(), 'hero_cautious_hedgehog', 'en-us', 'Cautious Hedgehog', 'A careful protector, mindful of danger and safety.', 'The Hedgehog teaches prudence and foresight, keeping everyone safe.') ON CONFLICT ("HeroDefinitionDefinitionId", "LanguageCode") DO NOTHING;
INSERT INTO "alchimalia_schema"."HeroDefinitionDefinitionTranslations" ("Id", "HeroDefinitionDefinitionId", "LanguageCode", "Name", "Description", "Story") VALUES (uuid_generate_v4(), 'hero_cautious_hedgehog', 'ro-ro', 'Ariciul Precaut', 'Un protector precaut care i va oferi sigurana i echilibrul...', 'Ariciul Precaut i nva c sigurana nu nseamn team, ci nelepciune.') ON CONFLICT ("HeroDefinitionDefinitionId", "LanguageCode") DO NOTHING;
INSERT INTO "alchimalia_schema"."HeroDefinitionDefinitionTranslations" ("Id", "HeroDefinitionDefinitionId", "LanguageCode", "Name", "Description", "Story") VALUES (uuid_generate_v4(), 'hero_cautious_hedgehog', 'hu-hu', 'vatos Sn', 'Egy vatos vdelmez, aki biztonsgot s egyenslyt ad neked...', 'Az vatos Sn megtant, hogy a biztonsg nem flelmet jelent, hanem blcsessget.') ON CONFLICT ("HeroDefinitionDefinitionId", "LanguageCode") DO NOTHING;
INSERT INTO "alchimalia_schema"."HeroDefinitionCraftTranslations" ("Id", "HeroDefinitionCraftId", "LanguageCode", "Name", "Description", "Story") VALUES (uuid_generate_v4(), 'hero_cautious_hedgehog', 'en-us', 'Cautious Hedgehog', 'A careful protector, mindful of danger and safety.', 'The Hedgehog teaches prudence and foresight, keeping everyone safe.') ON CONFLICT ("HeroDefinitionCraftId", "LanguageCode") DO NOTHING;
INSERT INTO "alchimalia_schema"."HeroDefinitionCraftTranslations" ("Id", "HeroDefinitionCraftId", "LanguageCode", "Name", "Description", "Story") VALUES (uuid_generate_v4(), 'hero_cautious_hedgehog', 'ro-ro', 'Ariciul Precaut', 'Un protector precaut care i va oferi sigurana i echilibrul...', 'Ariciul Precaut i nva c sigurana nu nseamn team, ci nelepciune.') ON CONFLICT ("HeroDefinitionCraftId", "LanguageCode") DO NOTHING;
INSERT INTO "alchimalia_schema"."HeroDefinitionCraftTranslations" ("Id", "HeroDefinitionCraftId", "LanguageCode", "Name", "Description", "Story") VALUES (uuid_generate_v4(), 'hero_cautious_hedgehog', 'hu-hu', 'vatos Sn', 'Egy vatos vdelmez, aki biztonsgot s egyenslyt ad neked...', 'Az vatos Sn megtant, hogy a biztonsg nem flelmet jelent, hanem blcsessget.') ON CONFLICT ("HeroDefinitionCraftId", "LanguageCode") DO NOTHING;
INSERT INTO "alchimalia_schema"."HeroDefinitionDefinitions" ("Id", "CourageCost", "CuriosityCost", "ThinkingCost", "CreativityCost", "SafetyCost", "PrerequisitesJson", "RewardsJson", "IsUnlocked", "PositionX", "PositionY", "Image", "Status", "Version", "BaseVersion", "LastPublishedVersion", "PublishedByUserId", "CreatedAt", "UpdatedAt", "PublishedAtUtc") VALUES ('hero_cautious_hedgehog_lvl2', 0, 0, 0, 0, 2, '"hero_cautious_hedgehog"', '[]', false, 200, -380, 'images/toh/heroes/hero_shieldquill.jpg', 'published', 1, 0, 0, NULL, now() at time zone 'utc', now() at time zone 'utc', now() at time zone 'utc') ON CONFLICT ("Id") DO NOTHING;
INSERT INTO "alchimalia_schema"."HeroDefinitionCrafts" ("Id", "PublishedDefinitionId", "CourageCost", "CuriosityCost", "ThinkingCost", "CreativityCost", "SafetyCost", "PrerequisitesJson", "RewardsJson", "IsUnlocked", "PositionX", "PositionY", "Image", "Status", "BaseVersion", "LastDraftVersion", "CreatedByUserId", "AssignedReviewerUserId", "ReviewedByUserId", "ApprovedByUserId", "ReviewNotes", "ReviewStartedAt", "ReviewEndedAt", "CreatedAt", "UpdatedAt") VALUES ('hero_cautious_hedgehog_lvl2', 'hero_cautious_hedgehog_lvl2', 0, 0, 0, 0, 2, '"hero_cautious_hedgehog"', '[]', false, 200, -380, 'images/toh/heroes/hero_shieldquill.jpg', 'published', 0, 0, NULL, NULL, NULL, NULL, NULL, NULL, NULL, now() at time zone 'utc', now() at time zone 'utc') ON CONFLICT ("Id") DO NOTHING;
INSERT INTO "alchimalia_schema"."HeroDefinitionDefinitionTranslations" ("Id", "HeroDefinitionDefinitionId", "LanguageCode", "Name", "Description", "Story") VALUES (uuid_generate_v4(), 'hero_cautious_hedgehog_lvl2', 'en-us', 'Shieldquill', 'Careful protection built from prudence and experience.', 'Uses its quills as a shield to guard what matters most.') ON CONFLICT ("HeroDefinitionDefinitionId", "LanguageCode") DO NOTHING;
INSERT INTO "alchimalia_schema"."HeroDefinitionDefinitionTranslations" ("Id", "HeroDefinitionDefinitionId", "LanguageCode", "Name", "Description", "Story") VALUES (uuid_generate_v4(), 'hero_cautious_hedgehog_lvl2', 'ro-ro', 'Ariciul Scut-Spini', 'Protecie atent, construit din pruden i experien.', 'i folosete spinii ca scut pentru a apra ceea ce conteaz cel mai mult.') ON CONFLICT ("HeroDefinitionDefinitionId", "LanguageCode") DO NOTHING;
INSERT INTO "alchimalia_schema"."HeroDefinitionDefinitionTranslations" ("Id", "HeroDefinitionDefinitionId", "LanguageCode", "Name", "Description", "Story") VALUES (uuid_generate_v4(), 'hero_cautious_hedgehog_lvl2', 'hu-hu', 'Pajzs-Tsks', 'Gondos vdelem, vatossgbl s tapasztalatbl ptve.', 'Tskit pajzsknt hasznlja, hogy megvdje, ami a legfontosabb.') ON CONFLICT ("HeroDefinitionDefinitionId", "LanguageCode") DO NOTHING;
INSERT INTO "alchimalia_schema"."HeroDefinitionCraftTranslations" ("Id", "HeroDefinitionCraftId", "LanguageCode", "Name", "Description", "Story") VALUES (uuid_generate_v4(), 'hero_cautious_hedgehog_lvl2', 'en-us', 'Shieldquill', 'Careful protection built from prudence and experience.', 'Uses its quills as a shield to guard what matters most.') ON CONFLICT ("HeroDefinitionCraftId", "LanguageCode") DO NOTHING;
INSERT INTO "alchimalia_schema"."HeroDefinitionCraftTranslations" ("Id", "HeroDefinitionCraftId", "LanguageCode", "Name", "Description", "Story") VALUES (uuid_generate_v4(), 'hero_cautious_hedgehog_lvl2', 'ro-ro', 'Ariciul Scut-Spini', 'Protecie atent, construit din pruden i experien.', 'i folosete spinii ca scut pentru a apra ceea ce conteaz cel mai mult.') ON CONFLICT ("HeroDefinitionCraftId", "LanguageCode") DO NOTHING;
INSERT INTO "alchimalia_schema"."HeroDefinitionCraftTranslations" ("Id", "HeroDefinitionCraftId", "LanguageCode", "Name", "Description", "Story") VALUES (uuid_generate_v4(), 'hero_cautious_hedgehog_lvl2', 'hu-hu', 'Pajzs-Tsks', 'Gondos vdelem, vatossgbl s tapasztalatbl ptve.', 'Tskit pajzsknt hasznlja, hogy megvdje, ami a legfontosabb.') ON CONFLICT ("HeroDefinitionCraftId", "LanguageCode") DO NOTHING;
INSERT INTO "alchimalia_schema"."HeroDefinitionDefinitions" ("Id", "CourageCost", "CuriosityCost", "ThinkingCost", "CreativityCost", "SafetyCost", "PrerequisitesJson", "RewardsJson", "IsUnlocked", "PositionX", "PositionY", "Image", "Status", "Version", "BaseVersion", "LastPublishedVersion", "PublishedByUserId", "CreatedAt", "UpdatedAt", "PublishedAtUtc") VALUES ('hero_cautious_hedgehog_lvl3', 0, 0, 0, 0, 3, '"hero_cautious_hedgehog_lvl2"', '[]', false, 200, -480, 'images/toh/heroes/hero_wardenspike.jpg', 'published', 1, 0, 0, NULL, now() at time zone 'utc', now() at time zone 'utc', now() at time zone 'utc') ON CONFLICT ("Id") DO NOTHING;
INSERT INTO "alchimalia_schema"."HeroDefinitionCrafts" ("Id", "PublishedDefinitionId", "CourageCost", "CuriosityCost", "ThinkingCost", "CreativityCost", "SafetyCost", "PrerequisitesJson", "RewardsJson", "IsUnlocked", "PositionX", "PositionY", "Image", "Status", "BaseVersion", "LastDraftVersion", "CreatedByUserId", "AssignedReviewerUserId", "ReviewedByUserId", "ApprovedByUserId", "ReviewNotes", "ReviewStartedAt", "ReviewEndedAt", "CreatedAt", "UpdatedAt") VALUES ('hero_cautious_hedgehog_lvl3', 'hero_cautious_hedgehog_lvl3', 0, 0, 0, 0, 3, '"hero_cautious_hedgehog_lvl2"', '[]', false, 200, -480, 'images/toh/heroes/hero_wardenspike.jpg', 'published', 0, 0, NULL, NULL, NULL, NULL, NULL, NULL, NULL, now() at time zone 'utc', now() at time zone 'utc') ON CONFLICT ("Id") DO NOTHING;
INSERT INTO "alchimalia_schema"."HeroDefinitionDefinitionTranslations" ("Id", "HeroDefinitionDefinitionId", "LanguageCode", "Name", "Description", "Story") VALUES (uuid_generate_v4(), 'hero_cautious_hedgehog_lvl3', 'en-us', 'Wardenspike', 'Unyielding sentinel, determined to uphold safety.', 'Turns vigilance into an art, keeping watch at the world''s edges.') ON CONFLICT ("HeroDefinitionDefinitionId", "LanguageCode") DO NOTHING;
INSERT INTO "alchimalia_schema"."HeroDefinitionDefinitionTranslations" ("Id", "HeroDefinitionDefinitionId", "LanguageCode", "Name", "Description", "Story") VALUES (uuid_generate_v4(), 'hero_cautious_hedgehog_lvl3', 'ro-ro', 'Paznicul epu', 'Straj de neclintit, hotrt s menin sigurana.', 'Transform vigilena n art, stnd de veghe la hotarele lumii.') ON CONFLICT ("HeroDefinitionDefinitionId", "LanguageCode") DO NOTHING;
INSERT INTO "alchimalia_schema"."HeroDefinitionDefinitionTranslations" ("Id", "HeroDefinitionDefinitionId", "LanguageCode", "Name", "Description", "Story") VALUES (uuid_generate_v4(), 'hero_cautious_hedgehog_lvl3', 'hu-hu', 'rz Tske', 'Rendthetetlen rszem, elszntan a biztonsg fenntartsra.', 'Az rsget mvszett alaktja, a vilg hatrain rkdve.') ON CONFLICT ("HeroDefinitionDefinitionId", "LanguageCode") DO NOTHING;
INSERT INTO "alchimalia_schema"."HeroDefinitionCraftTranslations" ("Id", "HeroDefinitionCraftId", "LanguageCode", "Name", "Description", "Story") VALUES (uuid_generate_v4(), 'hero_cautious_hedgehog_lvl3', 'en-us', 'Wardenspike', 'Unyielding sentinel, determined to uphold safety.', 'Turns vigilance into an art, keeping watch at the world''s edges.') ON CONFLICT ("HeroDefinitionCraftId", "LanguageCode") DO NOTHING;
INSERT INTO "alchimalia_schema"."HeroDefinitionCraftTranslations" ("Id", "HeroDefinitionCraftId", "LanguageCode", "Name", "Description", "Story") VALUES (uuid_generate_v4(), 'hero_cautious_hedgehog_lvl3', 'ro-ro', 'Paznicul epu', 'Straj de neclintit, hotrt s menin sigurana.', 'Transform vigilena n art, stnd de veghe la hotarele lumii.') ON CONFLICT ("HeroDefinitionCraftId", "LanguageCode") DO NOTHING;
INSERT INTO "alchimalia_schema"."HeroDefinitionCraftTranslations" ("Id", "HeroDefinitionCraftId", "LanguageCode", "Name", "Description", "Story") VALUES (uuid_generate_v4(), 'hero_cautious_hedgehog_lvl3', 'hu-hu', 'rz Tske', 'Rendthetetlen rszem, elszntan a biztonsg fenntartsra.', 'Az rsget mvszett alaktja, a vilg hatrain rkdve.') ON CONFLICT ("HeroDefinitionCraftId", "LanguageCode") DO NOTHING;
INSERT INTO "alchimalia_schema"."HeroDefinitionDefinitions" ("Id", "CourageCost", "CuriosityCost", "ThinkingCost", "CreativityCost", "SafetyCost", "PrerequisitesJson", "RewardsJson", "IsUnlocked", "PositionX", "PositionY", "Image", "Status", "Version", "BaseVersion", "LastPublishedVersion", "PublishedByUserId", "CreatedAt", "UpdatedAt", "PublishedAtUtc") VALUES ('hero_catdog_interstellar', 1, 1, 0, 0, 0, '["hero_brave_puppy","hero_curious_cat"]', '[]', false, 0, -350, 'images/toh/heroes/hero_catdog_interstellar.jpg', 'published', 1, 0, 0, NULL, now() at time zone 'utc', now() at time zone 'utc', now() at time zone 'utc') ON CONFLICT ("Id") DO NOTHING;
INSERT INTO "alchimalia_schema"."HeroDefinitionCrafts" ("Id", "PublishedDefinitionId", "CourageCost", "CuriosityCost", "ThinkingCost", "CreativityCost", "SafetyCost", "PrerequisitesJson", "RewardsJson", "IsUnlocked", "PositionX", "PositionY", "Image", "Status", "BaseVersion", "LastDraftVersion", "CreatedByUserId", "AssignedReviewerUserId", "ReviewedByUserId", "ApprovedByUserId", "ReviewNotes", "ReviewStartedAt", "ReviewEndedAt", "CreatedAt", "UpdatedAt") VALUES ('hero_catdog_interstellar', 'hero_catdog_interstellar', 1, 1, 0, 0, 0, '["hero_brave_puppy","hero_curious_cat"]', '[]', false, 0, -350, 'images/toh/heroes/hero_catdog_interstellar.jpg', 'published', 0, 0, NULL, NULL, NULL, NULL, NULL, NULL, NULL, now() at time zone 'utc', now() at time zone 'utc') ON CONFLICT ("Id") DO NOTHING;
INSERT INTO "alchimalia_schema"."HeroDefinitionDefinitionTranslations" ("Id", "HeroDefinitionDefinitionId", "LanguageCode", "Name", "Description", "Story") VALUES (uuid_generate_v4(), 'hero_catdog_interstellar', 'en-us', 'CatDog Interstellar', 'A hybrid of curiosity and courage, ready for interstellar adventures.', 'This heroic hybrid combines the best traits of cat and dog, exploring the cosmos fearlessly.') ON CONFLICT ("HeroDefinitionDefinitionId", "LanguageCode") DO NOTHING;
INSERT INTO "alchimalia_schema"."HeroDefinitionDefinitionTranslations" ("Id", "HeroDefinitionDefinitionId", "LanguageCode", "Name", "Description", "Story") VALUES (uuid_generate_v4(), 'hero_catdog_interstellar', 'ro-ro', 'CatDog Interstelar', 'Un explorator cosmic nscut din uniunea curajului i curiozitii...', 'CatDog Interstelar mbin curiozitatea infinit cu curajul de a explora necunoscutul.') ON CONFLICT ("HeroDefinitionDefinitionId", "LanguageCode") DO NOTHING;
INSERT INTO "alchimalia_schema"."HeroDefinitionDefinitionTranslations" ("Id", "HeroDefinitionDefinitionId", "LanguageCode", "Name", "Description", "Story") VALUES (uuid_generate_v4(), 'hero_catdog_interstellar', 'hu-hu', 'Csillagkzi Macska-Kutya', 'Egy kozmikus felfedez, aki a btorsg s kvncsisg egyeslsbl szletett...', 'A Csillagkzi Macska-Kutya egyesti a vgtelen kvncsisgot a btorsggal, hogy felfedezze az ismeretlent.') ON CONFLICT ("HeroDefinitionDefinitionId", "LanguageCode") DO NOTHING;
INSERT INTO "alchimalia_schema"."HeroDefinitionCraftTranslations" ("Id", "HeroDefinitionCraftId", "LanguageCode", "Name", "Description", "Story") VALUES (uuid_generate_v4(), 'hero_catdog_interstellar', 'en-us', 'CatDog Interstellar', 'A hybrid of curiosity and courage, ready for interstellar adventures.', 'This heroic hybrid combines the best traits of cat and dog, exploring the cosmos fearlessly.') ON CONFLICT ("HeroDefinitionCraftId", "LanguageCode") DO NOTHING;
INSERT INTO "alchimalia_schema"."HeroDefinitionCraftTranslations" ("Id", "HeroDefinitionCraftId", "LanguageCode", "Name", "Description", "Story") VALUES (uuid_generate_v4(), 'hero_catdog_interstellar', 'ro-ro', 'CatDog Interstelar', 'Un explorator cosmic nscut din uniunea curajului i curiozitii...', 'CatDog Interstelar mbin curiozitatea infinit cu curajul de a explora necunoscutul.') ON CONFLICT ("HeroDefinitionCraftId", "LanguageCode") DO NOTHING;
INSERT INTO "alchimalia_schema"."HeroDefinitionCraftTranslations" ("Id", "HeroDefinitionCraftId", "LanguageCode", "Name", "Description", "Story") VALUES (uuid_generate_v4(), 'hero_catdog_interstellar', 'hu-hu', 'Csillagkzi Macska-Kutya', 'Egy kozmikus felfedez, aki a btorsg s kvncsisg egyeslsbl szletett...', 'A Csillagkzi Macska-Kutya egyesti a vgtelen kvncsisgot a btorsggal, hogy felfedezze az ismeretlent.') ON CONFLICT ("HeroDefinitionCraftId", "LanguageCode") DO NOTHING;
INSERT INTO "alchimalia_schema"."HeroDefinitionDefinitions" ("Id", "CourageCost", "CuriosityCost", "ThinkingCost", "CreativityCost", "SafetyCost", "PrerequisitesJson", "RewardsJson", "IsUnlocked", "PositionX", "PositionY", "Image", "Status", "Version", "BaseVersion", "LastPublishedVersion", "PublishedByUserId", "CreatedAt", "UpdatedAt", "PublishedAtUtc") VALUES ('hero_brave_sage', 1, 0, 1, 0, 0, '["hero_brave_puppy","hero_wise_owl"]', '[]', false, -180, -380, 'images/toh/heroes/hero_brave_sage.jpg', 'published', 1, 0, 0, NULL, now() at time zone 'utc', now() at time zone 'utc', now() at time zone 'utc') ON CONFLICT ("Id") DO NOTHING;
INSERT INTO "alchimalia_schema"."HeroDefinitionCrafts" ("Id", "PublishedDefinitionId", "CourageCost", "CuriosityCost", "ThinkingCost", "CreativityCost", "SafetyCost", "PrerequisitesJson", "RewardsJson", "IsUnlocked", "PositionX", "PositionY", "Image", "Status", "BaseVersion", "LastDraftVersion", "CreatedByUserId", "AssignedReviewerUserId", "ReviewedByUserId", "ApprovedByUserId", "ReviewNotes", "ReviewStartedAt", "ReviewEndedAt", "CreatedAt", "UpdatedAt") VALUES ('hero_brave_sage', 'hero_brave_sage', 1, 0, 1, 0, 0, '["hero_brave_puppy","hero_wise_owl"]', '[]', false, -180, -380, 'images/toh/heroes/hero_brave_sage.jpg', 'published', 0, 0, NULL, NULL, NULL, NULL, NULL, NULL, NULL, now() at time zone 'utc', now() at time zone 'utc') ON CONFLICT ("Id") DO NOTHING;
INSERT INTO "alchimalia_schema"."HeroDefinitionDefinitionTranslations" ("Id", "HeroDefinitionDefinitionId", "LanguageCode", "Name", "Description", "Story") VALUES (uuid_generate_v4(), 'hero_brave_sage', 'en-us', 'Brave Sage', 'A mix of wisdom and bravery, guiding heroes with insight.', 'The Brave Sage combines intellect and courage to lead others through challenges.') ON CONFLICT ("HeroDefinitionDefinitionId", "LanguageCode") DO NOTHING;
INSERT INTO "alchimalia_schema"."HeroDefinitionDefinitionTranslations" ("Id", "HeroDefinitionDefinitionId", "LanguageCode", "Name", "Description", "Story") VALUES (uuid_generate_v4(), 'hero_brave_sage', 'ro-ro', 'neleptul Curajos', 'Un erou ce mbin curajul cu nelepciunea, acionnd cu o putere chibzuit.', 'neleptul Curajos te nva c adevrata putere nu este doar lupta, ci a ti cnd i de ce s lupi.') ON CONFLICT ("HeroDefinitionDefinitionId", "LanguageCode") DO NOTHING;
INSERT INTO "alchimalia_schema"."HeroDefinitionDefinitionTranslations" ("Id", "HeroDefinitionDefinitionId", "LanguageCode", "Name", "Description", "Story") VALUES (uuid_generate_v4(), 'hero_brave_sage', 'hu-hu', 'Btor Blcs', 'Egy blcs llek, aki btorsgot s blcsessget egyest...', 'A Btor Blcs megmutatja, hogy az igazi er a tuds s a btorsg harmnijban rejlik.') ON CONFLICT ("HeroDefinitionDefinitionId", "LanguageCode") DO NOTHING;
INSERT INTO "alchimalia_schema"."HeroDefinitionCraftTranslations" ("Id", "HeroDefinitionCraftId", "LanguageCode", "Name", "Description", "Story") VALUES (uuid_generate_v4(), 'hero_brave_sage', 'en-us', 'Brave Sage', 'A mix of wisdom and bravery, guiding heroes with insight.', 'The Brave Sage combines intellect and courage to lead others through challenges.') ON CONFLICT ("HeroDefinitionCraftId", "LanguageCode") DO NOTHING;
INSERT INTO "alchimalia_schema"."HeroDefinitionCraftTranslations" ("Id", "HeroDefinitionCraftId", "LanguageCode", "Name", "Description", "Story") VALUES (uuid_generate_v4(), 'hero_brave_sage', 'ro-ro', 'neleptul Curajos', 'Un erou ce mbin curajul cu nelepciunea, acionnd cu o putere chibzuit.', 'neleptul Curajos te nva c adevrata putere nu este doar lupta, ci a ti cnd i de ce s lupi.') ON CONFLICT ("HeroDefinitionCraftId", "LanguageCode") DO NOTHING;
INSERT INTO "alchimalia_schema"."HeroDefinitionCraftTranslations" ("Id", "HeroDefinitionCraftId", "LanguageCode", "Name", "Description", "Story") VALUES (uuid_generate_v4(), 'hero_brave_sage', 'hu-hu', 'Btor Blcs', 'Egy blcs llek, aki btorsgot s blcsessget egyest...', 'A Btor Blcs megmutatja, hogy az igazi er a tuds s a btorsg harmnijban rejlik.') ON CONFLICT ("HeroDefinitionCraftId", "LanguageCode") DO NOTHING;
INSERT INTO "alchimalia_schema"."HeroDefinitionDefinitions" ("Id", "CourageCost", "CuriosityCost", "ThinkingCost", "CreativityCost", "SafetyCost", "PrerequisitesJson", "RewardsJson", "IsUnlocked", "PositionX", "PositionY", "Image", "Status", "Version", "BaseVersion", "LastPublishedVersion", "PublishedByUserId", "CreatedAt", "UpdatedAt", "PublishedAtUtc") VALUES ('hero_brave_artist', 1, 0, 0, 1, 0, '["hero_brave_puppy","hero_playful_horse"]', '[]', false, -250, -420, 'images/toh/heroes/hero_brave_artist.jpg', 'published', 1, 0, 0, NULL, now() at time zone 'utc', now() at time zone 'utc', now() at time zone 'utc') ON CONFLICT ("Id") DO NOTHING;
INSERT INTO "alchimalia_schema"."HeroDefinitionCrafts" ("Id", "PublishedDefinitionId", "CourageCost", "CuriosityCost", "ThinkingCost", "CreativityCost", "SafetyCost", "PrerequisitesJson", "RewardsJson", "IsUnlocked", "PositionX", "PositionY", "Image", "Status", "BaseVersion", "LastDraftVersion", "CreatedByUserId", "AssignedReviewerUserId", "ReviewedByUserId", "ApprovedByUserId", "ReviewNotes", "ReviewStartedAt", "ReviewEndedAt", "CreatedAt", "UpdatedAt") VALUES ('hero_brave_artist', 'hero_brave_artist', 1, 0, 0, 1, 0, '["hero_brave_puppy","hero_playful_horse"]', '[]', false, -250, -420, 'images/toh/heroes/hero_brave_artist.jpg', 'published', 0, 0, NULL, NULL, NULL, NULL, NULL, NULL, NULL, now() at time zone 'utc', now() at time zone 'utc') ON CONFLICT ("Id") DO NOTHING;
INSERT INTO "alchimalia_schema"."HeroDefinitionDefinitionTranslations" ("Id", "HeroDefinitionDefinitionId", "LanguageCode", "Name", "Description", "Story") VALUES (uuid_generate_v4(), 'hero_brave_artist', 'en-us', 'Brave Artist', 'A creative soul with a courageous heart.', 'The Brave Artist paints heroic tales with bravery and imagination.') ON CONFLICT ("HeroDefinitionDefinitionId", "LanguageCode") DO NOTHING;
INSERT INTO "alchimalia_schema"."HeroDefinitionDefinitionTranslations" ("Id", "HeroDefinitionDefinitionId", "LanguageCode", "Name", "Description", "Story") VALUES (uuid_generate_v4(), 'hero_brave_artist', 'ro-ro', 'Artistul Curajos', 'Un erou ce ndrznete s creeze acolo unde alii se tem, deschiznd noi orizonturi prin arta sa.', 'Artistul Curajos arat c actul creaiei este curajul suprem, aducnd la via lumi noi din nimic.') ON CONFLICT ("HeroDefinitionDefinitionId", "LanguageCode") DO NOTHING;
INSERT INTO "alchimalia_schema"."HeroDefinitionDefinitionTranslations" ("Id", "HeroDefinitionDefinitionId", "LanguageCode", "Name", "Description", "Story") VALUES (uuid_generate_v4(), 'hero_brave_artist', 'hu-hu', 'Btor Mvsz', 'Egy hs, aki mer alkotni ott, ahol msok flnek, j horizontokat nyitva mvszetvel.', 'A Btor Mvsz megmutatja, hogy az alkots cselekedete a legfbb btorsg, j vilgokat letre hozva a semmibl.') ON CONFLICT ("HeroDefinitionDefinitionId", "LanguageCode") DO NOTHING;
INSERT INTO "alchimalia_schema"."HeroDefinitionCraftTranslations" ("Id", "HeroDefinitionCraftId", "LanguageCode", "Name", "Description", "Story") VALUES (uuid_generate_v4(), 'hero_brave_artist', 'en-us', 'Brave Artist', 'A creative soul with a courageous heart.', 'The Brave Artist paints heroic tales with bravery and imagination.') ON CONFLICT ("HeroDefinitionCraftId", "LanguageCode") DO NOTHING;
INSERT INTO "alchimalia_schema"."HeroDefinitionCraftTranslations" ("Id", "HeroDefinitionCraftId", "LanguageCode", "Name", "Description", "Story") VALUES (uuid_generate_v4(), 'hero_brave_artist', 'ro-ro', 'Artistul Curajos', 'Un erou ce ndrznete s creeze acolo unde alii se tem, deschiznd noi orizonturi prin arta sa.', 'Artistul Curajos arat c actul creaiei este curajul suprem, aducnd la via lumi noi din nimic.') ON CONFLICT ("HeroDefinitionCraftId", "LanguageCode") DO NOTHING;
INSERT INTO "alchimalia_schema"."HeroDefinitionCraftTranslations" ("Id", "HeroDefinitionCraftId", "LanguageCode", "Name", "Description", "Story") VALUES (uuid_generate_v4(), 'hero_brave_artist', 'hu-hu', 'Btor Mvsz', 'Egy hs, aki mer alkotni ott, ahol msok flnek, j horizontokat nyitva mvszetvel.', 'A Btor Mvsz megmutatja, hogy az alkots cselekedete a legfbb btorsg, j vilgokat letre hozva a semmibl.') ON CONFLICT ("HeroDefinitionCraftId", "LanguageCode") DO NOTHING;
INSERT INTO "alchimalia_schema"."HeroDefinitionDefinitions" ("Id", "CourageCost", "CuriosityCost", "ThinkingCost", "CreativityCost", "SafetyCost", "PrerequisitesJson", "RewardsJson", "IsUnlocked", "PositionX", "PositionY", "Image", "Status", "Version", "BaseVersion", "LastPublishedVersion", "PublishedByUserId", "CreatedAt", "UpdatedAt", "PublishedAtUtc") VALUES ('hero_brave_guardian', 1, 0, 0, 0, 1, '["hero_brave_puppy","hero_cautious_hedgehog"]', '[]', false, 0, -400, 'images/toh/heroes/hero_brave_guardian.jpg', 'published', 1, 0, 0, NULL, now() at time zone 'utc', now() at time zone 'utc', now() at time zone 'utc') ON CONFLICT ("Id") DO NOTHING;
INSERT INTO "alchimalia_schema"."HeroDefinitionCrafts" ("Id", "PublishedDefinitionId", "CourageCost", "CuriosityCost", "ThinkingCost", "CreativityCost", "SafetyCost", "PrerequisitesJson", "RewardsJson", "IsUnlocked", "PositionX", "PositionY", "Image", "Status", "BaseVersion", "LastDraftVersion", "CreatedByUserId", "AssignedReviewerUserId", "ReviewedByUserId", "ApprovedByUserId", "ReviewNotes", "ReviewStartedAt", "ReviewEndedAt", "CreatedAt", "UpdatedAt") VALUES ('hero_brave_guardian', 'hero_brave_guardian', 1, 0, 0, 0, 1, '["hero_brave_puppy","hero_cautious_hedgehog"]', '[]', false, 0, -400, 'images/toh/heroes/hero_brave_guardian.jpg', 'published', 0, 0, NULL, NULL, NULL, NULL, NULL, NULL, NULL, now() at time zone 'utc', now() at time zone 'utc') ON CONFLICT ("Id") DO NOTHING;
INSERT INTO "alchimalia_schema"."HeroDefinitionDefinitionTranslations" ("Id", "HeroDefinitionDefinitionId", "LanguageCode", "Name", "Description", "Story") VALUES (uuid_generate_v4(), 'hero_brave_guardian', 'en-us', 'Light Wolf', 'A guardian of courage, standing firm against all threats.', 'Light Wolf protects the realm, embodying courage and vigilance.') ON CONFLICT ("HeroDefinitionDefinitionId", "LanguageCode") DO NOTHING;
INSERT INTO "alchimalia_schema"."HeroDefinitionDefinitionTranslations" ("Id", "HeroDefinitionDefinitionId", "LanguageCode", "Name", "Description", "Story") VALUES (uuid_generate_v4(), 'hero_brave_guardian', 'ro-ro', 'Gardianul Curajos', 'Un erou unde curajul i protecia merg mn n mn, aprnd fr ezitare, dar cu nelepciune.', 'Gardianul Curajos este scutul ce nu tremur, protejnd inocenii cu o hotrre de neclintit.') ON CONFLICT ("HeroDefinitionDefinitionId", "LanguageCode") DO NOTHING;
INSERT INTO "alchimalia_schema"."HeroDefinitionDefinitionTranslations" ("Id", "HeroDefinitionDefinitionId", "LanguageCode", "Name", "Description", "Story") VALUES (uuid_generate_v4(), 'hero_brave_guardian', 'hu-hu', 'Btor rz', 'Egy hs, ahol a btorsg s vdelem kz a kzben jr, vdve habozs nlkl, de blcsen.', 'A Btor rz a remegtetlen pajzs, megvdve az rtatlanokat rendthetetlen elszntsggal.') ON CONFLICT ("HeroDefinitionDefinitionId", "LanguageCode") DO NOTHING;
INSERT INTO "alchimalia_schema"."HeroDefinitionCraftTranslations" ("Id", "HeroDefinitionCraftId", "LanguageCode", "Name", "Description", "Story") VALUES (uuid_generate_v4(), 'hero_brave_guardian', 'en-us', 'Light Wolf', 'A guardian of courage, standing firm against all threats.', 'Light Wolf protects the realm, embodying courage and vigilance.') ON CONFLICT ("HeroDefinitionCraftId", "LanguageCode") DO NOTHING;
INSERT INTO "alchimalia_schema"."HeroDefinitionCraftTranslations" ("Id", "HeroDefinitionCraftId", "LanguageCode", "Name", "Description", "Story") VALUES (uuid_generate_v4(), 'hero_brave_guardian', 'ro-ro', 'Gardianul Curajos', 'Un erou unde curajul i protecia merg mn n mn, aprnd fr ezitare, dar cu nelepciune.', 'Gardianul Curajos este scutul ce nu tremur, protejnd inocenii cu o hotrre de neclintit.') ON CONFLICT ("HeroDefinitionCraftId", "LanguageCode") DO NOTHING;
INSERT INTO "alchimalia_schema"."HeroDefinitionCraftTranslations" ("Id", "HeroDefinitionCraftId", "LanguageCode", "Name", "Description", "Story") VALUES (uuid_generate_v4(), 'hero_brave_guardian', 'hu-hu', 'Btor rz', 'Egy hs, ahol a btorsg s vdelem kz a kzben jr, vdve habozs nlkl, de blcsen.', 'A Btor rz a remegtetlen pajzs, megvdve az rtatlanokat rendthetetlen elszntsggal.') ON CONFLICT ("HeroDefinitionCraftId", "LanguageCode") DO NOTHING;
INSERT INTO "alchimalia_schema"."HeroDefinitionDefinitions" ("Id", "CourageCost", "CuriosityCost", "ThinkingCost", "CreativityCost", "SafetyCost", "PrerequisitesJson", "RewardsJson", "IsUnlocked", "PositionX", "PositionY", "Image", "Status", "Version", "BaseVersion", "LastPublishedVersion", "PublishedByUserId", "CreatedAt", "UpdatedAt", "PublishedAtUtc") VALUES ('hero_wise_researcher', 0, 1, 1, 0, 0, '["hero_curious_cat","hero_wise_owl"]', '[]', false, 180, -380, 'images/toh/heroes/hero_wise_researcher.jpg', 'published', 1, 0, 0, NULL, now() at time zone 'utc', now() at time zone 'utc', now() at time zone 'utc') ON CONFLICT ("Id") DO NOTHING;
INSERT INTO "alchimalia_schema"."HeroDefinitionCrafts" ("Id", "PublishedDefinitionId", "CourageCost", "CuriosityCost", "ThinkingCost", "CreativityCost", "SafetyCost", "PrerequisitesJson", "RewardsJson", "IsUnlocked", "PositionX", "PositionY", "Image", "Status", "BaseVersion", "LastDraftVersion", "CreatedByUserId", "AssignedReviewerUserId", "ReviewedByUserId", "ApprovedByUserId", "ReviewNotes", "ReviewStartedAt", "ReviewEndedAt", "CreatedAt", "UpdatedAt") VALUES ('hero_wise_researcher', 'hero_wise_researcher', 0, 1, 1, 0, 0, '["hero_curious_cat","hero_wise_owl"]', '[]', false, 180, -380, 'images/toh/heroes/hero_wise_researcher.jpg', 'published', 0, 0, NULL, NULL, NULL, NULL, NULL, NULL, NULL, now() at time zone 'utc', now() at time zone 'utc') ON CONFLICT ("Id") DO NOTHING;
INSERT INTO "alchimalia_schema"."HeroDefinitionDefinitionTranslations" ("Id", "HeroDefinitionDefinitionId", "LanguageCode", "Name", "Description", "Story") VALUES (uuid_generate_v4(), 'hero_wise_researcher', 'en-us', 'Wise Researcher', 'Curious and analytical, seeking knowledge in every corner.', 'This hero uncovers secrets and guides others with insightful discoveries.') ON CONFLICT ("HeroDefinitionDefinitionId", "LanguageCode") DO NOTHING;
INSERT INTO "alchimalia_schema"."HeroDefinitionDefinitionTranslations" ("Id", "HeroDefinitionDefinitionId", "LanguageCode", "Name", "Description", "Story") VALUES (uuid_generate_v4(), 'hero_wise_researcher', 'ro-ro', 'Cercettorul nelept', 'Un erou ce unete mintea analitic cu curiozitatea neobosit pentru a descoperi adevruri ascunse.', 'Cercettorul nelept urmrete firul cunoaterii prin cele mai mari labirinturi, gsind lumin n ntuneric.') ON CONFLICT ("HeroDefinitionDefinitionId", "LanguageCode") DO NOTHING;
INSERT INTO "alchimalia_schema"."HeroDefinitionDefinitionTranslations" ("Id", "HeroDefinitionDefinitionId", "LanguageCode", "Name", "Description", "Story") VALUES (uuid_generate_v4(), 'hero_wise_researcher', 'hu-hu', 'Blcs Kutat', 'Egy hs, aki egyesti az analitikus elmt a fradhatatlan kvncsisggal, hogy rejtett igazsgokat fedezzen fel.', 'A Blcs Kutat kveti a tuds fonalt a legnagyobb labirintusokon keresztl, fnyt tallva a sttsgben.') ON CONFLICT ("HeroDefinitionDefinitionId", "LanguageCode") DO NOTHING;
INSERT INTO "alchimalia_schema"."HeroDefinitionCraftTranslations" ("Id", "HeroDefinitionCraftId", "LanguageCode", "Name", "Description", "Story") VALUES (uuid_generate_v4(), 'hero_wise_researcher', 'en-us', 'Wise Researcher', 'Curious and analytical, seeking knowledge in every corner.', 'This hero uncovers secrets and guides others with insightful discoveries.') ON CONFLICT ("HeroDefinitionCraftId", "LanguageCode") DO NOTHING;
INSERT INTO "alchimalia_schema"."HeroDefinitionCraftTranslations" ("Id", "HeroDefinitionCraftId", "LanguageCode", "Name", "Description", "Story") VALUES (uuid_generate_v4(), 'hero_wise_researcher', 'ro-ro', 'Cercettorul nelept', 'Un erou ce unete mintea analitic cu curiozitatea neobosit pentru a descoperi adevruri ascunse.', 'Cercettorul nelept urmrete firul cunoaterii prin cele mai mari labirinturi, gsind lumin n ntuneric.') ON CONFLICT ("HeroDefinitionCraftId", "LanguageCode") DO NOTHING;
INSERT INTO "alchimalia_schema"."HeroDefinitionCraftTranslations" ("Id", "HeroDefinitionCraftId", "LanguageCode", "Name", "Description", "Story") VALUES (uuid_generate_v4(), 'hero_wise_researcher', 'hu-hu', 'Blcs Kutat', 'Egy hs, aki egyesti az analitikus elmt a fradhatatlan kvncsisggal, hogy rejtett igazsgokat fedezzen fel.', 'A Blcs Kutat kveti a tuds fonalt a legnagyobb labirintusokon keresztl, fnyt tallva a sttsgben.') ON CONFLICT ("HeroDefinitionCraftId", "LanguageCode") DO NOTHING;
INSERT INTO "alchimalia_schema"."HeroDefinitionDefinitions" ("Id", "CourageCost", "CuriosityCost", "ThinkingCost", "CreativityCost", "SafetyCost", "PrerequisitesJson", "RewardsJson", "IsUnlocked", "PositionX", "PositionY", "Image", "Status", "Version", "BaseVersion", "LastPublishedVersion", "PublishedByUserId", "CreatedAt", "UpdatedAt", "PublishedAtUtc") VALUES ('hero_creative_explorer', 0, 1, 0, 1, 0, '["hero_curious_cat","hero_playful_horse"]', '[]', false, -80, -450, 'images/toh/heroes/hero_creative_explorer.jpg', 'published', 1, 0, 0, NULL, now() at time zone 'utc', now() at time zone 'utc', now() at time zone 'utc') ON CONFLICT ("Id") DO NOTHING;
INSERT INTO "alchimalia_schema"."HeroDefinitionCrafts" ("Id", "PublishedDefinitionId", "CourageCost", "CuriosityCost", "ThinkingCost", "CreativityCost", "SafetyCost", "PrerequisitesJson", "RewardsJson", "IsUnlocked", "PositionX", "PositionY", "Image", "Status", "BaseVersion", "LastDraftVersion", "CreatedByUserId", "AssignedReviewerUserId", "ReviewedByUserId", "ApprovedByUserId", "ReviewNotes", "ReviewStartedAt", "ReviewEndedAt", "CreatedAt", "UpdatedAt") VALUES ('hero_creative_explorer', 'hero_creative_explorer', 0, 1, 0, 1, 0, '["hero_curious_cat","hero_playful_horse"]', '[]', false, -80, -450, 'images/toh/heroes/hero_creative_explorer.jpg', 'published', 0, 0, NULL, NULL, NULL, NULL, NULL, NULL, NULL, now() at time zone 'utc', now() at time zone 'utc') ON CONFLICT ("Id") DO NOTHING;
INSERT INTO "alchimalia_schema"."HeroDefinitionDefinitionTranslations" ("Id", "HeroDefinitionDefinitionId", "LanguageCode", "Name", "Description", "Story") VALUES (uuid_generate_v4(), 'hero_creative_explorer', 'en-us', 'Creative Explorer', 'Adventurous and inventive, always finding new paths.', 'The Creative Explorer charts unknown lands with imagination and curiosity.') ON CONFLICT ("HeroDefinitionDefinitionId", "LanguageCode") DO NOTHING;
INSERT INTO "alchimalia_schema"."HeroDefinitionDefinitionTranslations" ("Id", "HeroDefinitionDefinitionId", "LanguageCode", "Name", "Description", "Story") VALUES (uuid_generate_v4(), 'hero_creative_explorer', 'ro-ro', 'Exploratorul Creativ', 'Un erou ce mbin imaginaia cu dorina de a cunoate; fiecare pas e o nou invenie.', 'Pentru Exploratorul Creativ, harta se deseneaz pe msur ce este parcurs, transformnd necunoscutul ntr-o oper de art.') ON CONFLICT ("HeroDefinitionDefinitionId", "LanguageCode") DO NOTHING;
INSERT INTO "alchimalia_schema"."HeroDefinitionDefinitionTranslations" ("Id", "HeroDefinitionDefinitionId", "LanguageCode", "Name", "Description", "Story") VALUES (uuid_generate_v4(), 'hero_creative_explorer', 'hu-hu', 'Kreatv Felfedez', 'Egy hs, aki egyesti a kpzeletet a megismers vgyval; minden lps egy j tallmny.', 'A Kreatv Felfedez szmra a trkp rajzoldik ki, ahogy bejrja, az ismeretlent mvszeti alkotss alaktva.') ON CONFLICT ("HeroDefinitionDefinitionId", "LanguageCode") DO NOTHING;
INSERT INTO "alchimalia_schema"."HeroDefinitionCraftTranslations" ("Id", "HeroDefinitionCraftId", "LanguageCode", "Name", "Description", "Story") VALUES (uuid_generate_v4(), 'hero_creative_explorer', 'en-us', 'Creative Explorer', 'Adventurous and inventive, always finding new paths.', 'The Creative Explorer charts unknown lands with imagination and curiosity.') ON CONFLICT ("HeroDefinitionCraftId", "LanguageCode") DO NOTHING;
INSERT INTO "alchimalia_schema"."HeroDefinitionCraftTranslations" ("Id", "HeroDefinitionCraftId", "LanguageCode", "Name", "Description", "Story") VALUES (uuid_generate_v4(), 'hero_creative_explorer', 'ro-ro', 'Exploratorul Creativ', 'Un erou ce mbin imaginaia cu dorina de a cunoate; fiecare pas e o nou invenie.', 'Pentru Exploratorul Creativ, harta se deseneaz pe msur ce este parcurs, transformnd necunoscutul ntr-o oper de art.') ON CONFLICT ("HeroDefinitionCraftId", "LanguageCode") DO NOTHING;
INSERT INTO "alchimalia_schema"."HeroDefinitionCraftTranslations" ("Id", "HeroDefinitionCraftId", "LanguageCode", "Name", "Description", "Story") VALUES (uuid_generate_v4(), 'hero_creative_explorer', 'hu-hu', 'Kreatv Felfedez', 'Egy hs, aki egyesti a kpzeletet a megismers vgyval; minden lps egy j tallmny.', 'A Kreatv Felfedez szmra a trkp rajzoldik ki, ahogy bejrja, az ismeretlent mvszeti alkotss alaktva.') ON CONFLICT ("HeroDefinitionCraftId", "LanguageCode") DO NOTHING;
INSERT INTO "alchimalia_schema"."HeroDefinitionDefinitions" ("Id", "CourageCost", "CuriosityCost", "ThinkingCost", "CreativityCost", "SafetyCost", "PrerequisitesJson", "RewardsJson", "IsUnlocked", "PositionX", "PositionY", "Image", "Status", "Version", "BaseVersion", "LastPublishedVersion", "PublishedByUserId", "CreatedAt", "UpdatedAt", "PublishedAtUtc") VALUES ('hero_guard_cat', 0, 1, 0, 0, 1, '["hero_curious_cat","hero_cautious_hedgehog"]', '[]', false, 250, -420, 'images/toh/heroes/hero_guard_cat.jpg', 'published', 1, 0, 0, NULL, now() at time zone 'utc', now() at time zone 'utc', now() at time zone 'utc') ON CONFLICT ("Id") DO NOTHING;
INSERT INTO "alchimalia_schema"."HeroDefinitionCrafts" ("Id", "PublishedDefinitionId", "CourageCost", "CuriosityCost", "ThinkingCost", "CreativityCost", "SafetyCost", "PrerequisitesJson", "RewardsJson", "IsUnlocked", "PositionX", "PositionY", "Image", "Status", "BaseVersion", "LastDraftVersion", "CreatedByUserId", "AssignedReviewerUserId", "ReviewedByUserId", "ApprovedByUserId", "ReviewNotes", "ReviewStartedAt", "ReviewEndedAt", "CreatedAt", "UpdatedAt") VALUES ('hero_guard_cat', 'hero_guard_cat', 0, 1, 0, 0, 1, '["hero_curious_cat","hero_cautious_hedgehog"]', '[]', false, 250, -420, 'images/toh/heroes/hero_guard_cat.jpg', 'published', 0, 0, NULL, NULL, NULL, NULL, NULL, NULL, NULL, now() at time zone 'utc', now() at time zone 'utc') ON CONFLICT ("Id") DO NOTHING;
INSERT INTO "alchimalia_schema"."HeroDefinitionDefinitionTranslations" ("Id", "HeroDefinitionDefinitionId", "LanguageCode", "Name", "Description", "Story") VALUES (uuid_generate_v4(), 'hero_guard_cat', 'en-us', 'Guard Cat', 'A protective hybrid, attentive and vigilant.', 'The Guard Cat keeps watch, blending caution and curiosity in every move.') ON CONFLICT ("HeroDefinitionDefinitionId", "LanguageCode") DO NOTHING;
INSERT INTO "alchimalia_schema"."HeroDefinitionDefinitionTranslations" ("Id", "HeroDefinitionDefinitionId", "LanguageCode", "Name", "Description", "Story") VALUES (uuid_generate_v4(), 'hero_guard_cat', 'ro-ro', 'Pisica de Gard', 'Un protector aventuros care exploreaz cu pruden.', 'Pisica de Gard cunoate fiecare col al teritoriului su, asigurndu-se c orice curiozitate este satisfcut fr a compromite sigurana.') ON CONFLICT ("HeroDefinitionDefinitionId", "LanguageCode") DO NOTHING;
INSERT INTO "alchimalia_schema"."HeroDefinitionDefinitionTranslations" ("Id", "HeroDefinitionDefinitionId", "LanguageCode", "Name", "Description", "Story") VALUES (uuid_generate_v4(), 'hero_guard_cat', 'hu-hu', 'rz Macska', 'Egy kalandos vdelmez, aki vatosan felfedez.', 'Az rz Macska ismeri terletnek minden szglett, biztostva, hogy minden kvncsisg kielgljn a biztonsg veszlyeztetse nlkl.') ON CONFLICT ("HeroDefinitionDefinitionId", "LanguageCode") DO NOTHING;
INSERT INTO "alchimalia_schema"."HeroDefinitionCraftTranslations" ("Id", "HeroDefinitionCraftId", "LanguageCode", "Name", "Description", "Story") VALUES (uuid_generate_v4(), 'hero_guard_cat', 'en-us', 'Guard Cat', 'A protective hybrid, attentive and vigilant.', 'The Guard Cat keeps watch, blending caution and curiosity in every move.') ON CONFLICT ("HeroDefinitionCraftId", "LanguageCode") DO NOTHING;
INSERT INTO "alchimalia_schema"."HeroDefinitionCraftTranslations" ("Id", "HeroDefinitionCraftId", "LanguageCode", "Name", "Description", "Story") VALUES (uuid_generate_v4(), 'hero_guard_cat', 'ro-ro', 'Pisica de Gard', 'Un protector aventuros care exploreaz cu pruden.', 'Pisica de Gard cunoate fiecare col al teritoriului su, asigurndu-se c orice curiozitate este satisfcut fr a compromite sigurana.') ON CONFLICT ("HeroDefinitionCraftId", "LanguageCode") DO NOTHING;
INSERT INTO "alchimalia_schema"."HeroDefinitionCraftTranslations" ("Id", "HeroDefinitionCraftId", "LanguageCode", "Name", "Description", "Story") VALUES (uuid_generate_v4(), 'hero_guard_cat', 'hu-hu', 'rz Macska', 'Egy kalandos vdelmez, aki vatosan felfedez.', 'Az rz Macska ismeri terletnek minden szglett, biztostva, hogy minden kvncsisg kielgljn a biztonsg veszlyeztetse nlkl.') ON CONFLICT ("HeroDefinitionCraftId", "LanguageCode") DO NOTHING;
INSERT INTO "alchimalia_schema"."HeroDefinitionDefinitions" ("Id", "CourageCost", "CuriosityCost", "ThinkingCost", "CreativityCost", "SafetyCost", "PrerequisitesJson", "RewardsJson", "IsUnlocked", "PositionX", "PositionY", "Image", "Status", "Version", "BaseVersion", "LastPublishedVersion", "PublishedByUserId", "CreatedAt", "UpdatedAt", "PublishedAtUtc") VALUES ('hero_wise_pegasus', 0, 0, 1, 1, 0, '["hero_wise_owl","hero_playful_horse"]', '[]', false, 80, -450, 'images/toh/heroes/hero_wise_pegasus.jpg', 'published', 1, 0, 0, NULL, now() at time zone 'utc', now() at time zone 'utc', now() at time zone 'utc') ON CONFLICT ("Id") DO NOTHING;
INSERT INTO "alchimalia_schema"."HeroDefinitionCrafts" ("Id", "PublishedDefinitionId", "CourageCost", "CuriosityCost", "ThinkingCost", "CreativityCost", "SafetyCost", "PrerequisitesJson", "RewardsJson", "IsUnlocked", "PositionX", "PositionY", "Image", "Status", "BaseVersion", "LastDraftVersion", "CreatedByUserId", "AssignedReviewerUserId", "ReviewedByUserId", "ApprovedByUserId", "ReviewNotes", "ReviewStartedAt", "ReviewEndedAt", "CreatedAt", "UpdatedAt") VALUES ('hero_wise_pegasus', 'hero_wise_pegasus', 0, 0, 1, 1, 0, '["hero_wise_owl","hero_playful_horse"]', '[]', false, 80, -450, 'images/toh/heroes/hero_wise_pegasus.jpg', 'published', 0, 0, NULL, NULL, NULL, NULL, NULL, NULL, NULL, now() at time zone 'utc', now() at time zone 'utc') ON CONFLICT ("Id") DO NOTHING;
INSERT INTO "alchimalia_schema"."HeroDefinitionDefinitionTranslations" ("Id", "HeroDefinitionDefinitionId", "LanguageCode", "Name", "Description", "Story") VALUES (uuid_generate_v4(), 'hero_wise_pegasus', 'en-us', 'Wise Pegasus', 'A majestic creature of intellect and creativity.', 'The Wise Pegasus flies through challenges, offering guidance and inspiration.') ON CONFLICT ("HeroDefinitionDefinitionId", "LanguageCode") DO NOTHING;
INSERT INTO "alchimalia_schema"."HeroDefinitionDefinitionTranslations" ("Id", "HeroDefinitionDefinitionId", "LanguageCode", "Name", "Description", "Story") VALUES (uuid_generate_v4(), 'hero_wise_pegasus', 'ro-ro', 'Pegazul nelept', 'Un gardian al cunoaterii care poate zbura dincolo de limite.', 'Pegazul nelept poart gndurile pe aripile sale, transformnd ideile abstracte n realiti zburtoare.') ON CONFLICT ("HeroDefinitionDefinitionId", "LanguageCode") DO NOTHING;
INSERT INTO "alchimalia_schema"."HeroDefinitionDefinitionTranslations" ("Id", "HeroDefinitionDefinitionId", "LanguageCode", "Name", "Description", "Story") VALUES (uuid_generate_v4(), 'hero_wise_pegasus', 'hu-hu', 'Blcs Pegazus', 'A tuds rzje, aki a hatrokon tl tud replni.', 'A Blcs Pegazus gondolatokat visz szrnyain, az absztrakt tleteket repl valsgokk alaktva.') ON CONFLICT ("HeroDefinitionDefinitionId", "LanguageCode") DO NOTHING;
INSERT INTO "alchimalia_schema"."HeroDefinitionCraftTranslations" ("Id", "HeroDefinitionCraftId", "LanguageCode", "Name", "Description", "Story") VALUES (uuid_generate_v4(), 'hero_wise_pegasus', 'en-us', 'Wise Pegasus', 'A majestic creature of intellect and creativity.', 'The Wise Pegasus flies through challenges, offering guidance and inspiration.') ON CONFLICT ("HeroDefinitionCraftId", "LanguageCode") DO NOTHING;
INSERT INTO "alchimalia_schema"."HeroDefinitionCraftTranslations" ("Id", "HeroDefinitionCraftId", "LanguageCode", "Name", "Description", "Story") VALUES (uuid_generate_v4(), 'hero_wise_pegasus', 'ro-ro', 'Pegazul nelept', 'Un gardian al cunoaterii care poate zbura dincolo de limite.', 'Pegazul nelept poart gndurile pe aripile sale, transformnd ideile abstracte n realiti zburtoare.') ON CONFLICT ("HeroDefinitionCraftId", "LanguageCode") DO NOTHING;
INSERT INTO "alchimalia_schema"."HeroDefinitionCraftTranslations" ("Id", "HeroDefinitionCraftId", "LanguageCode", "Name", "Description", "Story") VALUES (uuid_generate_v4(), 'hero_wise_pegasus', 'hu-hu', 'Blcs Pegazus', 'A tuds rzje, aki a hatrokon tl tud replni.', 'A Blcs Pegazus gondolatokat visz szrnyain, az absztrakt tleteket repl valsgokk alaktva.') ON CONFLICT ("HeroDefinitionCraftId", "LanguageCode") DO NOTHING;
INSERT INTO "alchimalia_schema"."HeroDefinitionDefinitions" ("Id", "CourageCost", "CuriosityCost", "ThinkingCost", "CreativityCost", "SafetyCost", "PrerequisitesJson", "RewardsJson", "IsUnlocked", "PositionX", "PositionY", "Image", "Status", "Version", "BaseVersion", "LastPublishedVersion", "PublishedByUserId", "CreatedAt", "UpdatedAt", "PublishedAtUtc") VALUES ('hero_thoughtful_guardian', 0, 0, 1, 0, 1, '["hero_wise_owl","hero_cautious_hedgehog"]', '[]', false, 150, -500, 'images/toh/heroes/hero_thoughtful_guardian.jpg', 'published', 1, 0, 0, NULL, now() at time zone 'utc', now() at time zone 'utc', now() at time zone 'utc') ON CONFLICT ("Id") DO NOTHING;
INSERT INTO "alchimalia_schema"."HeroDefinitionCrafts" ("Id", "PublishedDefinitionId", "CourageCost", "CuriosityCost", "ThinkingCost", "CreativityCost", "SafetyCost", "PrerequisitesJson", "RewardsJson", "IsUnlocked", "PositionX", "PositionY", "Image", "Status", "BaseVersion", "LastDraftVersion", "CreatedByUserId", "AssignedReviewerUserId", "ReviewedByUserId", "ApprovedByUserId", "ReviewNotes", "ReviewStartedAt", "ReviewEndedAt", "CreatedAt", "UpdatedAt") VALUES ('hero_thoughtful_guardian', 'hero_thoughtful_guardian', 0, 0, 1, 0, 1, '["hero_wise_owl","hero_cautious_hedgehog"]', '[]', false, 150, -500, 'images/toh/heroes/hero_thoughtful_guardian.jpg', 'published', 0, 0, NULL, NULL, NULL, NULL, NULL, NULL, NULL, now() at time zone 'utc', now() at time zone 'utc') ON CONFLICT ("Id") DO NOTHING;
INSERT INTO "alchimalia_schema"."HeroDefinitionDefinitionTranslations" ("Id", "HeroDefinitionDefinitionId", "LanguageCode", "Name", "Description", "Story") VALUES (uuid_generate_v4(), 'hero_thoughtful_guardian', 'en-us', 'Thoughtful Guardian', 'A careful thinker, combining safety with wisdom.', 'This hero balances prudence and intelligence to protect the realm.') ON CONFLICT ("HeroDefinitionDefinitionId", "LanguageCode") DO NOTHING;
INSERT INTO "alchimalia_schema"."HeroDefinitionDefinitionTranslations" ("Id", "HeroDefinitionDefinitionId", "LanguageCode", "Name", "Description", "Story") VALUES (uuid_generate_v4(), 'hero_thoughtful_guardian', 'ro-ro', 'Gardianul Gnditor', 'Un erou ce planific nainte de a aciona; sigurana vine din strategiile bine gndite.', 'Gardianul Gnditor construiete fortree nu din piatr, ci din logic i prevedere.') ON CONFLICT ("HeroDefinitionDefinitionId", "LanguageCode") DO NOTHING;
INSERT INTO "alchimalia_schema"."HeroDefinitionDefinitionTranslations" ("Id", "HeroDefinitionDefinitionId", "LanguageCode", "Name", "Description", "Story") VALUES (uuid_generate_v4(), 'hero_thoughtful_guardian', 'hu-hu', 'Gondolkod rz', 'Egy hs, aki cselekvs eltt tervez; a biztonsg jl megfontolt stratgikbl ered.', 'A Gondolkod rz nem kbl pt erdket, hanem logikbl s elreltsbl.') ON CONFLICT ("HeroDefinitionDefinitionId", "LanguageCode") DO NOTHING;
INSERT INTO "alchimalia_schema"."HeroDefinitionCraftTranslations" ("Id", "HeroDefinitionCraftId", "LanguageCode", "Name", "Description", "Story") VALUES (uuid_generate_v4(), 'hero_thoughtful_guardian', 'en-us', 'Thoughtful Guardian', 'A careful thinker, combining safety with wisdom.', 'This hero balances prudence and intelligence to protect the realm.') ON CONFLICT ("HeroDefinitionCraftId", "LanguageCode") DO NOTHING;
INSERT INTO "alchimalia_schema"."HeroDefinitionCraftTranslations" ("Id", "HeroDefinitionCraftId", "LanguageCode", "Name", "Description", "Story") VALUES (uuid_generate_v4(), 'hero_thoughtful_guardian', 'ro-ro', 'Gardianul Gnditor', 'Un erou ce planific nainte de a aciona; sigurana vine din strategiile bine gndite.', 'Gardianul Gnditor construiete fortree nu din piatr, ci din logic i prevedere.') ON CONFLICT ("HeroDefinitionCraftId", "LanguageCode") DO NOTHING;
INSERT INTO "alchimalia_schema"."HeroDefinitionCraftTranslations" ("Id", "HeroDefinitionCraftId", "LanguageCode", "Name", "Description", "Story") VALUES (uuid_generate_v4(), 'hero_thoughtful_guardian', 'hu-hu', 'Gondolkod rz', 'Egy hs, aki cselekvs eltt tervez; a biztonsg jl megfontolt stratgikbl ered.', 'A Gondolkod rz nem kbl pt erdket, hanem logikbl s elreltsbl.') ON CONFLICT ("HeroDefinitionCraftId", "LanguageCode") DO NOTHING;
INSERT INTO "alchimalia_schema"."HeroDefinitionDefinitions" ("Id", "CourageCost", "CuriosityCost", "ThinkingCost", "CreativityCost", "SafetyCost", "PrerequisitesJson", "RewardsJson", "IsUnlocked", "PositionX", "PositionY", "Image", "Status", "Version", "BaseVersion", "LastPublishedVersion", "PublishedByUserId", "CreatedAt", "UpdatedAt", "PublishedAtUtc") VALUES ('hero_creative_guardian', 0, 0, 0, 1, 1, '["hero_playful_horse","hero_cautious_hedgehog"]', '[]', false, -150, -500, 'images/toh/heroes/hero_creative_guardian.jpg', 'published', 1, 0, 0, NULL, now() at time zone 'utc', now() at time zone 'utc', now() at time zone 'utc') ON CONFLICT ("Id") DO NOTHING;
INSERT INTO "alchimalia_schema"."HeroDefinitionCrafts" ("Id", "PublishedDefinitionId", "CourageCost", "CuriosityCost", "ThinkingCost", "CreativityCost", "SafetyCost", "PrerequisitesJson", "RewardsJson", "IsUnlocked", "PositionX", "PositionY", "Image", "Status", "BaseVersion", "LastDraftVersion", "CreatedByUserId", "AssignedReviewerUserId", "ReviewedByUserId", "ApprovedByUserId", "ReviewNotes", "ReviewStartedAt", "ReviewEndedAt", "CreatedAt", "UpdatedAt") VALUES ('hero_creative_guardian', 'hero_creative_guardian', 0, 0, 0, 1, 1, '["hero_playful_horse","hero_cautious_hedgehog"]', '[]', false, -150, -500, 'images/toh/heroes/hero_creative_guardian.jpg', 'published', 0, 0, NULL, NULL, NULL, NULL, NULL, NULL, NULL, now() at time zone 'utc', now() at time zone 'utc') ON CONFLICT ("Id") DO NOTHING;
INSERT INTO "alchimalia_schema"."HeroDefinitionDefinitionTranslations" ("Id", "HeroDefinitionDefinitionId", "LanguageCode", "Name", "Description", "Story") VALUES (uuid_generate_v4(), 'hero_creative_guardian', 'en-us', 'Creative Guardian', 'A guardian blending imagination with caution.', 'The Creative Guardian defends while inspiring inventive solutions.') ON CONFLICT ("HeroDefinitionDefinitionId", "LanguageCode") DO NOTHING;
INSERT INTO "alchimalia_schema"."HeroDefinitionDefinitionTranslations" ("Id", "HeroDefinitionDefinitionId", "LanguageCode", "Name", "Description", "Story") VALUES (uuid_generate_v4(), 'hero_creative_guardian', 'ro-ro', 'Gardianul Creativ', 'Un protector inventiv care gsete soluii originale pentru a asigura sigurana.', 'Gardianul Creativ protejeaz lumea nu construind ziduri, ci imaginnd o lume n care acestea nu sunt necesare.') ON CONFLICT ("HeroDefinitionDefinitionId", "LanguageCode") DO NOTHING;
INSERT INTO "alchimalia_schema"."HeroDefinitionDefinitionTranslations" ("Id", "HeroDefinitionDefinitionId", "LanguageCode", "Name", "Description", "Story") VALUES (uuid_generate_v4(), 'hero_creative_guardian', 'hu-hu', 'Kreatv rz', 'Egy tallkony vdelmez, aki eredeti megoldsokat tall a biztonsg biztostsra.', 'A Kreatv rz nem falakat pt, hanem egy olyan vilgot kpzel el, ahol ezek nem szksgesek.') ON CONFLICT ("HeroDefinitionDefinitionId", "LanguageCode") DO NOTHING;
INSERT INTO "alchimalia_schema"."HeroDefinitionCraftTranslations" ("Id", "HeroDefinitionCraftId", "LanguageCode", "Name", "Description", "Story") VALUES (uuid_generate_v4(), 'hero_creative_guardian', 'en-us', 'Creative Guardian', 'A guardian blending imagination with caution.', 'The Creative Guardian defends while inspiring inventive solutions.') ON CONFLICT ("HeroDefinitionCraftId", "LanguageCode") DO NOTHING;
INSERT INTO "alchimalia_schema"."HeroDefinitionCraftTranslations" ("Id", "HeroDefinitionCraftId", "LanguageCode", "Name", "Description", "Story") VALUES (uuid_generate_v4(), 'hero_creative_guardian', 'ro-ro', 'Gardianul Creativ', 'Un protector inventiv care gsete soluii originale pentru a asigura sigurana.', 'Gardianul Creativ protejeaz lumea nu construind ziduri, ci imaginnd o lume n care acestea nu sunt necesare.') ON CONFLICT ("HeroDefinitionCraftId", "LanguageCode") DO NOTHING;
INSERT INTO "alchimalia_schema"."HeroDefinitionCraftTranslations" ("Id", "HeroDefinitionCraftId", "LanguageCode", "Name", "Description", "Story") VALUES (uuid_generate_v4(), 'hero_creative_guardian', 'hu-hu', 'Kreatv rz', 'Egy tallkony vdelmez, aki eredeti megoldsokat tall a biztonsg biztostsra.', 'A Kreatv rz nem falakat pt, hanem egy olyan vilgot kpzel el, ahol ezek nem szksgesek.') ON CONFLICT ("HeroDefinitionCraftId", "LanguageCode") DO NOTHING;
INSERT INTO "alchimalia_schema"."HeroDefinitionDefinitions" ("Id", "CourageCost", "CuriosityCost", "ThinkingCost", "CreativityCost", "SafetyCost", "PrerequisitesJson", "RewardsJson", "IsUnlocked", "PositionX", "PositionY", "Image", "Status", "Version", "BaseVersion", "LastPublishedVersion", "PublishedByUserId", "CreatedAt", "UpdatedAt", "PublishedAtUtc") VALUES ('hero_brave_curious_wise', 1, 1, 1, 0, 0, '["hero_brave_curious","hero_wise_owl"]', '[]', false, -100, -500, 'images/toh/heroes/hero_wise_lion_sage.jpg', 'published', 1, 0, 0, NULL, now() at time zone 'utc', now() at time zone 'utc', now() at time zone 'utc') ON CONFLICT ("Id") DO NOTHING;
INSERT INTO "alchimalia_schema"."HeroDefinitionCrafts" ("Id", "PublishedDefinitionId", "CourageCost", "CuriosityCost", "ThinkingCost", "CreativityCost", "SafetyCost", "PrerequisitesJson", "RewardsJson", "IsUnlocked", "PositionX", "PositionY", "Image", "Status", "BaseVersion", "LastDraftVersion", "CreatedByUserId", "AssignedReviewerUserId", "ReviewedByUserId", "ApprovedByUserId", "ReviewNotes", "ReviewStartedAt", "ReviewEndedAt", "CreatedAt", "UpdatedAt") VALUES ('hero_brave_curious_wise', 'hero_brave_curious_wise', 1, 1, 1, 0, 0, '["hero_brave_curious","hero_wise_owl"]', '[]', false, -100, -500, 'images/toh/heroes/hero_wise_lion_sage.jpg', 'published', 0, 0, NULL, NULL, NULL, NULL, NULL, NULL, NULL, now() at time zone 'utc', now() at time zone 'utc') ON CONFLICT ("Id") DO NOTHING;
INSERT INTO "alchimalia_schema"."HeroDefinitionDefinitionTranslations" ("Id", "HeroDefinitionDefinitionId", "LanguageCode", "Name", "Description", "Story") VALUES (uuid_generate_v4(), 'hero_brave_curious_wise', 'en-us', 'Wise Lion Sage', 'A majestic lion combining courage, curiosity, and wisdom.', 'The Wise Lion Sage leads with both strength and insight, inspiring others through noble example.') ON CONFLICT ("HeroDefinitionDefinitionId", "LanguageCode") DO NOTHING;
INSERT INTO "alchimalia_schema"."HeroDefinitionDefinitionTranslations" ("Id", "HeroDefinitionDefinitionId", "LanguageCode", "Name", "Description", "Story") VALUES (uuid_generate_v4(), 'hero_brave_curious_wise', 'ro-ro', 'Leul nelept Savant', 'Un leu mre care mbin curajul, curiozitatea i nelepciunea.', 'Leul nelept Savant conduce cu att putere ct i nelegere, inspirndu-i pe alii prin exemplul nobil.') ON CONFLICT ("HeroDefinitionDefinitionId", "LanguageCode") DO NOTHING;
INSERT INTO "alchimalia_schema"."HeroDefinitionDefinitionTranslations" ("Id", "HeroDefinitionDefinitionId", "LanguageCode", "Name", "Description", "Story") VALUES (uuid_generate_v4(), 'hero_brave_curious_wise', 'hu-hu', 'Blcs Oroszln Blcs', 'Egy fensges oroszln, aki egyesti a btorsgot, kvncsisgot s blcsessget.', 'A Blcs Oroszln Blcs ervel s megrtssel vezet, msokat inspirlva nemes pldjval.') ON CONFLICT ("HeroDefinitionDefinitionId", "LanguageCode") DO NOTHING;
INSERT INTO "alchimalia_schema"."HeroDefinitionCraftTranslations" ("Id", "HeroDefinitionCraftId", "LanguageCode", "Name", "Description", "Story") VALUES (uuid_generate_v4(), 'hero_brave_curious_wise', 'en-us', 'Wise Lion Sage', 'A majestic lion combining courage, curiosity, and wisdom.', 'The Wise Lion Sage leads with both strength and insight, inspiring others through noble example.') ON CONFLICT ("HeroDefinitionCraftId", "LanguageCode") DO NOTHING;
INSERT INTO "alchimalia_schema"."HeroDefinitionCraftTranslations" ("Id", "HeroDefinitionCraftId", "LanguageCode", "Name", "Description", "Story") VALUES (uuid_generate_v4(), 'hero_brave_curious_wise', 'ro-ro', 'Leul nelept Savant', 'Un leu mre care mbin curajul, curiozitatea i nelepciunea.', 'Leul nelept Savant conduce cu att putere ct i nelegere, inspirndu-i pe alii prin exemplul nobil.') ON CONFLICT ("HeroDefinitionCraftId", "LanguageCode") DO NOTHING;
INSERT INTO "alchimalia_schema"."HeroDefinitionCraftTranslations" ("Id", "HeroDefinitionCraftId", "LanguageCode", "Name", "Description", "Story") VALUES (uuid_generate_v4(), 'hero_brave_curious_wise', 'hu-hu', 'Blcs Oroszln Blcs', 'Egy fensges oroszln, aki egyesti a btorsgot, kvncsisgot s blcsessget.', 'A Blcs Oroszln Blcs ervel s megrtssel vezet, msokat inspirlva nemes pldjval.') ON CONFLICT ("HeroDefinitionCraftId", "LanguageCode") DO NOTHING;
INSERT INTO "alchimalia_schema"."HeroDefinitionDefinitions" ("Id", "CourageCost", "CuriosityCost", "ThinkingCost", "CreativityCost", "SafetyCost", "PrerequisitesJson", "RewardsJson", "IsUnlocked", "PositionX", "PositionY", "Image", "Status", "Version", "BaseVersion", "LastPublishedVersion", "PublishedByUserId", "CreatedAt", "UpdatedAt", "PublishedAtUtc") VALUES ('hero_brave_curious_creative', 1, 1, 0, 1, 0, '["hero_brave_curious","hero_playful_horse"]', '[]', false, -200, -500, 'images/toh/heroes/hero_brave_lion_artist.jpg', 'published', 1, 0, 0, NULL, now() at time zone 'utc', now() at time zone 'utc', now() at time zone 'utc') ON CONFLICT ("Id") DO NOTHING;
INSERT INTO "alchimalia_schema"."HeroDefinitionCrafts" ("Id", "PublishedDefinitionId", "CourageCost", "CuriosityCost", "ThinkingCost", "CreativityCost", "SafetyCost", "PrerequisitesJson", "RewardsJson", "IsUnlocked", "PositionX", "PositionY", "Image", "Status", "BaseVersion", "LastDraftVersion", "CreatedByUserId", "AssignedReviewerUserId", "ReviewedByUserId", "ApprovedByUserId", "ReviewNotes", "ReviewStartedAt", "ReviewEndedAt", "CreatedAt", "UpdatedAt") VALUES ('hero_brave_curious_creative', 'hero_brave_curious_creative', 1, 1, 0, 1, 0, '["hero_brave_curious","hero_playful_horse"]', '[]', false, -200, -500, 'images/toh/heroes/hero_brave_lion_artist.jpg', 'published', 0, 0, NULL, NULL, NULL, NULL, NULL, NULL, NULL, now() at time zone 'utc', now() at time zone 'utc') ON CONFLICT ("Id") DO NOTHING;
INSERT INTO "alchimalia_schema"."HeroDefinitionDefinitionTranslations" ("Id", "HeroDefinitionDefinitionId", "LanguageCode", "Name", "Description", "Story") VALUES (uuid_generate_v4(), 'hero_brave_curious_creative', 'en-us', 'Brave Lion Artist', 'A courageous lion expressing creativity through bold artistic vision.', 'The Brave Lion Artist creates masterpieces that inspire courage and imagination in all who see them.') ON CONFLICT ("HeroDefinitionDefinitionId", "LanguageCode") DO NOTHING;
INSERT INTO "alchimalia_schema"."HeroDefinitionDefinitionTranslations" ("Id", "HeroDefinitionDefinitionId", "LanguageCode", "Name", "Description", "Story") VALUES (uuid_generate_v4(), 'hero_brave_curious_creative', 'ro-ro', 'Leul Curajos Artist', 'Un leu curajos care exprim creativitatea prin viziune artistic ndrznea.', 'Leul Curajos Artist creeaz capodopere care inspir curaj i imaginaie n toi cei care le vd.') ON CONFLICT ("HeroDefinitionDefinitionId", "LanguageCode") DO NOTHING;
INSERT INTO "alchimalia_schema"."HeroDefinitionDefinitionTranslations" ("Id", "HeroDefinitionDefinitionId", "LanguageCode", "Name", "Description", "Story") VALUES (uuid_generate_v4(), 'hero_brave_curious_creative', 'hu-hu', 'Btor Oroszln Mvsz', 'Egy btor oroszln, aki kreativitst fejez ki mersz mvszi ltomson keresztl.', 'A Btor Oroszln Mvsz remekmveket alkot, amelyek btorsgot s kpzeletet inspirlnak mindenki szmra, aki ltja ket.') ON CONFLICT ("HeroDefinitionDefinitionId", "LanguageCode") DO NOTHING;
INSERT INTO "alchimalia_schema"."HeroDefinitionCraftTranslations" ("Id", "HeroDefinitionCraftId", "LanguageCode", "Name", "Description", "Story") VALUES (uuid_generate_v4(), 'hero_brave_curious_creative', 'en-us', 'Brave Lion Artist', 'A courageous lion expressing creativity through bold artistic vision.', 'The Brave Lion Artist creates masterpieces that inspire courage and imagination in all who see them.') ON CONFLICT ("HeroDefinitionCraftId", "LanguageCode") DO NOTHING;
INSERT INTO "alchimalia_schema"."HeroDefinitionCraftTranslations" ("Id", "HeroDefinitionCraftId", "LanguageCode", "Name", "Description", "Story") VALUES (uuid_generate_v4(), 'hero_brave_curious_creative', 'ro-ro', 'Leul Curajos Artist', 'Un leu curajos care exprim creativitatea prin viziune artistic ndrznea.', 'Leul Curajos Artist creeaz capodopere care inspir curaj i imaginaie n toi cei care le vd.') ON CONFLICT ("HeroDefinitionCraftId", "LanguageCode") DO NOTHING;
INSERT INTO "alchimalia_schema"."HeroDefinitionCraftTranslations" ("Id", "HeroDefinitionCraftId", "LanguageCode", "Name", "Description", "Story") VALUES (uuid_generate_v4(), 'hero_brave_curious_creative', 'hu-hu', 'Btor Oroszln Mvsz', 'Egy btor oroszln, aki kreativitst fejez ki mersz mvszi ltomson keresztl.', 'A Btor Oroszln Mvsz remekmveket alkot, amelyek btorsgot s kpzeletet inspirlnak mindenki szmra, aki ltja ket.') ON CONFLICT ("HeroDefinitionCraftId", "LanguageCode") DO NOTHING;
INSERT INTO "alchimalia_schema"."HeroDefinitionDefinitions" ("Id", "CourageCost", "CuriosityCost", "ThinkingCost", "CreativityCost", "SafetyCost", "PrerequisitesJson", "RewardsJson", "IsUnlocked", "PositionX", "PositionY", "Image", "Status", "Version", "BaseVersion", "LastPublishedVersion", "PublishedByUserId", "CreatedAt", "UpdatedAt", "PublishedAtUtc") VALUES ('hero_brave_curious_safe', 1, 1, 0, 0, 1, '["hero_brave_curious","hero_cautious_hedgehog"]', '[]', false, 0, -500, 'images/toh/heroes/hero_guardian_lion.jpg', 'published', 1, 0, 0, NULL, now() at time zone 'utc', now() at time zone 'utc', now() at time zone 'utc') ON CONFLICT ("Id") DO NOTHING;
INSERT INTO "alchimalia_schema"."HeroDefinitionCrafts" ("Id", "PublishedDefinitionId", "CourageCost", "CuriosityCost", "ThinkingCost", "CreativityCost", "SafetyCost", "PrerequisitesJson", "RewardsJson", "IsUnlocked", "PositionX", "PositionY", "Image", "Status", "BaseVersion", "LastDraftVersion", "CreatedByUserId", "AssignedReviewerUserId", "ReviewedByUserId", "ApprovedByUserId", "ReviewNotes", "ReviewStartedAt", "ReviewEndedAt", "CreatedAt", "UpdatedAt") VALUES ('hero_brave_curious_safe', 'hero_brave_curious_safe', 1, 1, 0, 0, 1, '["hero_brave_curious","hero_cautious_hedgehog"]', '[]', false, 0, -500, 'images/toh/heroes/hero_guardian_lion.jpg', 'published', 0, 0, NULL, NULL, NULL, NULL, NULL, NULL, NULL, now() at time zone 'utc', now() at time zone 'utc') ON CONFLICT ("Id") DO NOTHING;
INSERT INTO "alchimalia_schema"."HeroDefinitionDefinitionTranslations" ("Id", "HeroDefinitionDefinitionId", "LanguageCode", "Name", "Description", "Story") VALUES (uuid_generate_v4(), 'hero_brave_curious_safe', 'en-us', 'Guardian Lion', 'A protective lion combining courage, curiosity, and safety.', 'The Guardian Lion watches over the realm, ensuring safety while encouraging exploration and discovery.') ON CONFLICT ("HeroDefinitionDefinitionId", "LanguageCode") DO NOTHING;
INSERT INTO "alchimalia_schema"."HeroDefinitionDefinitionTranslations" ("Id", "HeroDefinitionDefinitionId", "LanguageCode", "Name", "Description", "Story") VALUES (uuid_generate_v4(), 'hero_brave_curious_safe', 'ro-ro', 'Leul Gardian', 'Un leu protector care mbin curajul, curiozitatea i sigurana.', 'Leul Gardian vegheaz asupra regatului, asigurnd sigurana n timp ce ncurajeaz explorarea i descoperirea.') ON CONFLICT ("HeroDefinitionDefinitionId", "LanguageCode") DO NOTHING;
INSERT INTO "alchimalia_schema"."HeroDefinitionDefinitionTranslations" ("Id", "HeroDefinitionDefinitionId", "LanguageCode", "Name", "Description", "Story") VALUES (uuid_generate_v4(), 'hero_brave_curious_safe', 'hu-hu', 'rz Oroszln', 'Egy vdelmez oroszln, aki egyesti a btorsgot, kvncsisgot s biztonsgot.', 'Az rz Oroszln a birodalom felett rkdik, biztonsgot biztostva, mikzben felfedezst s megismerst sztnz.') ON CONFLICT ("HeroDefinitionDefinitionId", "LanguageCode") DO NOTHING;
INSERT INTO "alchimalia_schema"."HeroDefinitionCraftTranslations" ("Id", "HeroDefinitionCraftId", "LanguageCode", "Name", "Description", "Story") VALUES (uuid_generate_v4(), 'hero_brave_curious_safe', 'en-us', 'Guardian Lion', 'A protective lion combining courage, curiosity, and safety.', 'The Guardian Lion watches over the realm, ensuring safety while encouraging exploration and discovery.') ON CONFLICT ("HeroDefinitionCraftId", "LanguageCode") DO NOTHING;
INSERT INTO "alchimalia_schema"."HeroDefinitionCraftTranslations" ("Id", "HeroDefinitionCraftId", "LanguageCode", "Name", "Description", "Story") VALUES (uuid_generate_v4(), 'hero_brave_curious_safe', 'ro-ro', 'Leul Gardian', 'Un leu protector care mbin curajul, curiozitatea i sigurana.', 'Leul Gardian vegheaz asupra regatului, asigurnd sigurana n timp ce ncurajeaz explorarea i descoperirea.') ON CONFLICT ("HeroDefinitionCraftId", "LanguageCode") DO NOTHING;
INSERT INTO "alchimalia_schema"."HeroDefinitionCraftTranslations" ("Id", "HeroDefinitionCraftId", "LanguageCode", "Name", "Description", "Story") VALUES (uuid_generate_v4(), 'hero_brave_curious_safe', 'hu-hu', 'rz Oroszln', 'Egy vdelmez oroszln, aki egyesti a btorsgot, kvncsisgot s biztonsgot.', 'Az rz Oroszln a birodalom felett rkdik, biztonsgot biztostva, mikzben felfedezst s megismerst sztnz.') ON CONFLICT ("HeroDefinitionCraftId", "LanguageCode") DO NOTHING;
INSERT INTO "alchimalia_schema"."HeroDefinitionDefinitions" ("Id", "CourageCost", "CuriosityCost", "ThinkingCost", "CreativityCost", "SafetyCost", "PrerequisitesJson", "RewardsJson", "IsUnlocked", "PositionX", "PositionY", "Image", "Status", "Version", "BaseVersion", "LastPublishedVersion", "PublishedByUserId", "CreatedAt", "UpdatedAt", "PublishedAtUtc") VALUES ('hero_brave_wise_creative', 1, 0, 1, 1, 0, '["hero_brave_wise","hero_playful_horse"]', '[]', false, -300, -500, 'images/toh/heroes/hero_brave_sage_artist.jpg', 'published', 1, 0, 0, NULL, now() at time zone 'utc', now() at time zone 'utc', now() at time zone 'utc') ON CONFLICT ("Id") DO NOTHING;
INSERT INTO "alchimalia_schema"."HeroDefinitionCrafts" ("Id", "PublishedDefinitionId", "CourageCost", "CuriosityCost", "ThinkingCost", "CreativityCost", "SafetyCost", "PrerequisitesJson", "RewardsJson", "IsUnlocked", "PositionX", "PositionY", "Image", "Status", "BaseVersion", "LastDraftVersion", "CreatedByUserId", "AssignedReviewerUserId", "ReviewedByUserId", "ApprovedByUserId", "ReviewNotes", "ReviewStartedAt", "ReviewEndedAt", "CreatedAt", "UpdatedAt") VALUES ('hero_brave_wise_creative', 'hero_brave_wise_creative', 1, 0, 1, 1, 0, '["hero_brave_wise","hero_playful_horse"]', '[]', false, -300, -500, 'images/toh/heroes/hero_brave_sage_artist.jpg', 'published', 0, 0, NULL, NULL, NULL, NULL, NULL, NULL, NULL, now() at time zone 'utc', now() at time zone 'utc') ON CONFLICT ("Id") DO NOTHING;
INSERT INTO "alchimalia_schema"."HeroDefinitionDefinitionTranslations" ("Id", "HeroDefinitionDefinitionId", "LanguageCode", "Name", "Description", "Story") VALUES (uuid_generate_v4(), 'hero_brave_wise_creative', 'en-us', 'Brave Sage Artist', 'A wise artist blending courage, thinking, and creativity.', 'The Brave Sage Artist creates profound works that combine intellectual depth with artistic beauty.') ON CONFLICT ("HeroDefinitionDefinitionId", "LanguageCode") DO NOTHING;
INSERT INTO "alchimalia_schema"."HeroDefinitionDefinitionTranslations" ("Id", "HeroDefinitionDefinitionId", "LanguageCode", "Name", "Description", "Story") VALUES (uuid_generate_v4(), 'hero_brave_wise_creative', 'ro-ro', 'Artistul nelept Curajos', 'Un artist nelept care mbin curajul, gndirea i creativitatea.', 'Artistul nelept Curajos creeaz opere profunde care combin adncimea intelectual cu frumuseea artistic.') ON CONFLICT ("HeroDefinitionDefinitionId", "LanguageCode") DO NOTHING;
INSERT INTO "alchimalia_schema"."HeroDefinitionDefinitionTranslations" ("Id", "HeroDefinitionDefinitionId", "LanguageCode", "Name", "Description", "Story") VALUES (uuid_generate_v4(), 'hero_brave_wise_creative', 'hu-hu', 'Btor Blcs Mvsz', 'Egy blcs mvsz, aki egyesti a btorsgot, gondolkodst s kreativitst.', 'A Btor Blcs Mvsz mly mveket alkot, amelyek egyestik az intellektulis mlysget a mvszi szpsggel.') ON CONFLICT ("HeroDefinitionDefinitionId", "LanguageCode") DO NOTHING;
INSERT INTO "alchimalia_schema"."HeroDefinitionCraftTranslations" ("Id", "HeroDefinitionCraftId", "LanguageCode", "Name", "Description", "Story") VALUES (uuid_generate_v4(), 'hero_brave_wise_creative', 'en-us', 'Brave Sage Artist', 'A wise artist blending courage, thinking, and creativity.', 'The Brave Sage Artist creates profound works that combine intellectual depth with artistic beauty.') ON CONFLICT ("HeroDefinitionCraftId", "LanguageCode") DO NOTHING;
INSERT INTO "alchimalia_schema"."HeroDefinitionCraftTranslations" ("Id", "HeroDefinitionCraftId", "LanguageCode", "Name", "Description", "Story") VALUES (uuid_generate_v4(), 'hero_brave_wise_creative', 'ro-ro', 'Artistul nelept Curajos', 'Un artist nelept care mbin curajul, gndirea i creativitatea.', 'Artistul nelept Curajos creeaz opere profunde care combin adncimea intelectual cu frumuseea artistic.') ON CONFLICT ("HeroDefinitionCraftId", "LanguageCode") DO NOTHING;
INSERT INTO "alchimalia_schema"."HeroDefinitionCraftTranslations" ("Id", "HeroDefinitionCraftId", "LanguageCode", "Name", "Description", "Story") VALUES (uuid_generate_v4(), 'hero_brave_wise_creative', 'hu-hu', 'Btor Blcs Mvsz', 'Egy blcs mvsz, aki egyesti a btorsgot, gondolkodst s kreativitst.', 'A Btor Blcs Mvsz mly mveket alkot, amelyek egyestik az intellektulis mlysget a mvszi szpsggel.') ON CONFLICT ("HeroDefinitionCraftId", "LanguageCode") DO NOTHING;
INSERT INTO "alchimalia_schema"."HeroDefinitionDefinitions" ("Id", "CourageCost", "CuriosityCost", "ThinkingCost", "CreativityCost", "SafetyCost", "PrerequisitesJson", "RewardsJson", "IsUnlocked", "PositionX", "PositionY", "Image", "Status", "Version", "BaseVersion", "LastPublishedVersion", "PublishedByUserId", "CreatedAt", "UpdatedAt", "PublishedAtUtc") VALUES ('hero_brave_wise_safe', 1, 0, 1, 0, 1, '["hero_brave_wise","hero_cautious_hedgehog"]', '[]', false, -100, -550, 'images/toh/heroes/hero_brave_sage_guardian.jpg', 'published', 1, 0, 0, NULL, now() at time zone 'utc', now() at time zone 'utc', now() at time zone 'utc') ON CONFLICT ("Id") DO NOTHING;
INSERT INTO "alchimalia_schema"."HeroDefinitionCrafts" ("Id", "PublishedDefinitionId", "CourageCost", "CuriosityCost", "ThinkingCost", "CreativityCost", "SafetyCost", "PrerequisitesJson", "RewardsJson", "IsUnlocked", "PositionX", "PositionY", "Image", "Status", "BaseVersion", "LastDraftVersion", "CreatedByUserId", "AssignedReviewerUserId", "ReviewedByUserId", "ApprovedByUserId", "ReviewNotes", "ReviewStartedAt", "ReviewEndedAt", "CreatedAt", "UpdatedAt") VALUES ('hero_brave_wise_safe', 'hero_brave_wise_safe', 1, 0, 1, 0, 1, '["hero_brave_wise","hero_cautious_hedgehog"]', '[]', false, -100, -550, 'images/toh/heroes/hero_brave_sage_guardian.jpg', 'published', 0, 0, NULL, NULL, NULL, NULL, NULL, NULL, NULL, now() at time zone 'utc', now() at time zone 'utc') ON CONFLICT ("Id") DO NOTHING;
INSERT INTO "alchimalia_schema"."HeroDefinitionDefinitionTranslations" ("Id", "HeroDefinitionDefinitionId", "LanguageCode", "Name", "Description", "Story") VALUES (uuid_generate_v4(), 'hero_brave_wise_safe', 'en-us', 'Brave Sage Guardian', 'A protective sage combining courage, wisdom, and safety.', 'The Brave Sage Guardian defends with both strength and wisdom, ensuring safety through thoughtful protection.') ON CONFLICT ("HeroDefinitionDefinitionId", "LanguageCode") DO NOTHING;
INSERT INTO "alchimalia_schema"."HeroDefinitionDefinitionTranslations" ("Id", "HeroDefinitionDefinitionId", "LanguageCode", "Name", "Description", "Story") VALUES (uuid_generate_v4(), 'hero_brave_wise_safe', 'ro-ro', 'Gardianul nelept Curajos', 'Un gardian protector care mbin curajul, nelepciunea i sigurana.', 'Gardianul nelept Curajos se apr cu att putere ct i nelepciune, asigurnd sigurana prin protecie gndit.') ON CONFLICT ("HeroDefinitionDefinitionId", "LanguageCode") DO NOTHING;
INSERT INTO "alchimalia_schema"."HeroDefinitionDefinitionTranslations" ("Id", "HeroDefinitionDefinitionId", "LanguageCode", "Name", "Description", "Story") VALUES (uuid_generate_v4(), 'hero_brave_wise_safe', 'hu-hu', 'Btor Blcs rz', 'Egy vdelmez blcs, aki egyesti a btorsgot, blcsessget s biztonsgot.', 'A Btor Blcs rz ervel s blcsessggel vd, biztonsgot biztostva gondos vdelemmel.') ON CONFLICT ("HeroDefinitionDefinitionId", "LanguageCode") DO NOTHING;
INSERT INTO "alchimalia_schema"."HeroDefinitionCraftTranslations" ("Id", "HeroDefinitionCraftId", "LanguageCode", "Name", "Description", "Story") VALUES (uuid_generate_v4(), 'hero_brave_wise_safe', 'en-us', 'Brave Sage Guardian', 'A protective sage combining courage, wisdom, and safety.', 'The Brave Sage Guardian defends with both strength and wisdom, ensuring safety through thoughtful protection.') ON CONFLICT ("HeroDefinitionCraftId", "LanguageCode") DO NOTHING;
INSERT INTO "alchimalia_schema"."HeroDefinitionCraftTranslations" ("Id", "HeroDefinitionCraftId", "LanguageCode", "Name", "Description", "Story") VALUES (uuid_generate_v4(), 'hero_brave_wise_safe', 'ro-ro', 'Gardianul nelept Curajos', 'Un gardian protector care mbin curajul, nelepciunea i sigurana.', 'Gardianul nelept Curajos se apr cu att putere ct i nelepciune, asigurnd sigurana prin protecie gndit.') ON CONFLICT ("HeroDefinitionCraftId", "LanguageCode") DO NOTHING;
INSERT INTO "alchimalia_schema"."HeroDefinitionCraftTranslations" ("Id", "HeroDefinitionCraftId", "LanguageCode", "Name", "Description", "Story") VALUES (uuid_generate_v4(), 'hero_brave_wise_safe', 'hu-hu', 'Btor Blcs rz', 'Egy vdelmez blcs, aki egyesti a btorsgot, blcsessget s biztonsgot.', 'A Btor Blcs rz ervel s blcsessggel vd, biztonsgot biztostva gondos vdelemmel.') ON CONFLICT ("HeroDefinitionCraftId", "LanguageCode") DO NOTHING;
INSERT INTO "alchimalia_schema"."HeroDefinitionDefinitions" ("Id", "CourageCost", "CuriosityCost", "ThinkingCost", "CreativityCost", "SafetyCost", "PrerequisitesJson", "RewardsJson", "IsUnlocked", "PositionX", "PositionY", "Image", "Status", "Version", "BaseVersion", "LastPublishedVersion", "PublishedByUserId", "CreatedAt", "UpdatedAt", "PublishedAtUtc") VALUES ('hero_brave_creative_safe', 1, 0, 0, 1, 1, '["hero_brave_creative","hero_cautious_hedgehog"]', '[]', false, -200, -550, 'images/toh/heroes/hero_brave_artist_guardian.jpg', 'published', 1, 0, 0, NULL, now() at time zone 'utc', now() at time zone 'utc', now() at time zone 'utc') ON CONFLICT ("Id") DO NOTHING;
INSERT INTO "alchimalia_schema"."HeroDefinitionCrafts" ("Id", "PublishedDefinitionId", "CourageCost", "CuriosityCost", "ThinkingCost", "CreativityCost", "SafetyCost", "PrerequisitesJson", "RewardsJson", "IsUnlocked", "PositionX", "PositionY", "Image", "Status", "BaseVersion", "LastDraftVersion", "CreatedByUserId", "AssignedReviewerUserId", "ReviewedByUserId", "ApprovedByUserId", "ReviewNotes", "ReviewStartedAt", "ReviewEndedAt", "CreatedAt", "UpdatedAt") VALUES ('hero_brave_creative_safe', 'hero_brave_creative_safe', 1, 0, 0, 1, 1, '["hero_brave_creative","hero_cautious_hedgehog"]', '[]', false, -200, -550, 'images/toh/heroes/hero_brave_artist_guardian.jpg', 'published', 0, 0, NULL, NULL, NULL, NULL, NULL, NULL, NULL, now() at time zone 'utc', now() at time zone 'utc') ON CONFLICT ("Id") DO NOTHING;
INSERT INTO "alchimalia_schema"."HeroDefinitionDefinitionTranslations" ("Id", "HeroDefinitionDefinitionId", "LanguageCode", "Name", "Description", "Story") VALUES (uuid_generate_v4(), 'hero_brave_creative_safe', 'en-us', 'Brave Artist Guardian', 'A creative guardian blending courage, creativity, and safety.', 'The Brave Artist Guardian protects through creative solutions, combining artistic vision with vigilant care.') ON CONFLICT ("HeroDefinitionDefinitionId", "LanguageCode") DO NOTHING;
INSERT INTO "alchimalia_schema"."HeroDefinitionDefinitionTranslations" ("Id", "HeroDefinitionDefinitionId", "LanguageCode", "Name", "Description", "Story") VALUES (uuid_generate_v4(), 'hero_brave_creative_safe', 'ro-ro', 'Gardianul Artist Curajos', 'Un gardian creativ care mbin curajul, creativitatea i sigurana.', 'Gardianul Artist Curajos protejeaz prin soluii creative, combinnd viziunea artistic cu grija vigilent.') ON CONFLICT ("HeroDefinitionDefinitionId", "LanguageCode") DO NOTHING;
INSERT INTO "alchimalia_schema"."HeroDefinitionDefinitionTranslations" ("Id", "HeroDefinitionDefinitionId", "LanguageCode", "Name", "Description", "Story") VALUES (uuid_generate_v4(), 'hero_brave_creative_safe', 'hu-hu', 'Btor Mvsz rz', 'Egy kreatv rz, aki egyesti a btorsgot, kreativitst s biztonsgot.', 'A Btor Mvsz rz kreatv megoldsokkal vd, mvszi ltomst kombinlva figyelmes gondossggal.') ON CONFLICT ("HeroDefinitionDefinitionId", "LanguageCode") DO NOTHING;
INSERT INTO "alchimalia_schema"."HeroDefinitionCraftTranslations" ("Id", "HeroDefinitionCraftId", "LanguageCode", "Name", "Description", "Story") VALUES (uuid_generate_v4(), 'hero_brave_creative_safe', 'en-us', 'Brave Artist Guardian', 'A creative guardian blending courage, creativity, and safety.', 'The Brave Artist Guardian protects through creative solutions, combining artistic vision with vigilant care.') ON CONFLICT ("HeroDefinitionCraftId", "LanguageCode") DO NOTHING;
INSERT INTO "alchimalia_schema"."HeroDefinitionCraftTranslations" ("Id", "HeroDefinitionCraftId", "LanguageCode", "Name", "Description", "Story") VALUES (uuid_generate_v4(), 'hero_brave_creative_safe', 'ro-ro', 'Gardianul Artist Curajos', 'Un gardian creativ care mbin curajul, creativitatea i sigurana.', 'Gardianul Artist Curajos protejeaz prin soluii creative, combinnd viziunea artistic cu grija vigilent.') ON CONFLICT ("HeroDefinitionCraftId", "LanguageCode") DO NOTHING;
INSERT INTO "alchimalia_schema"."HeroDefinitionCraftTranslations" ("Id", "HeroDefinitionCraftId", "LanguageCode", "Name", "Description", "Story") VALUES (uuid_generate_v4(), 'hero_brave_creative_safe', 'hu-hu', 'Btor Mvsz rz', 'Egy kreatv rz, aki egyesti a btorsgot, kreativitst s biztonsgot.', 'A Btor Mvsz rz kreatv megoldsokkal vd, mvszi ltomst kombinlva figyelmes gondossggal.') ON CONFLICT ("HeroDefinitionCraftId", "LanguageCode") DO NOTHING;
INSERT INTO "alchimalia_schema"."HeroDefinitionDefinitions" ("Id", "CourageCost", "CuriosityCost", "ThinkingCost", "CreativityCost", "SafetyCost", "PrerequisitesJson", "RewardsJson", "IsUnlocked", "PositionX", "PositionY", "Image", "Status", "Version", "BaseVersion", "LastPublishedVersion", "PublishedByUserId", "CreatedAt", "UpdatedAt", "PublishedAtUtc") VALUES ('hero_curious_wise_creative', 0, 1, 1, 1, 0, '["hero_curious_wise","hero_playful_horse"]', '[]', false, 100, -500, 'images/toh/heroes/hero_wise_explorer_artist.jpg', 'published', 1, 0, 0, NULL, now() at time zone 'utc', now() at time zone 'utc', now() at time zone 'utc') ON CONFLICT ("Id") DO NOTHING;
INSERT INTO "alchimalia_schema"."HeroDefinitionCrafts" ("Id", "PublishedDefinitionId", "CourageCost", "CuriosityCost", "ThinkingCost", "CreativityCost", "SafetyCost", "PrerequisitesJson", "RewardsJson", "IsUnlocked", "PositionX", "PositionY", "Image", "Status", "BaseVersion", "LastDraftVersion", "CreatedByUserId", "AssignedReviewerUserId", "ReviewedByUserId", "ApprovedByUserId", "ReviewNotes", "ReviewStartedAt", "ReviewEndedAt", "CreatedAt", "UpdatedAt") VALUES ('hero_curious_wise_creative', 'hero_curious_wise_creative', 0, 1, 1, 1, 0, '["hero_curious_wise","hero_playful_horse"]', '[]', false, 100, -500, 'images/toh/heroes/hero_wise_explorer_artist.jpg', 'published', 0, 0, NULL, NULL, NULL, NULL, NULL, NULL, NULL, now() at time zone 'utc', now() at time zone 'utc') ON CONFLICT ("Id") DO NOTHING;
INSERT INTO "alchimalia_schema"."HeroDefinitionDefinitionTranslations" ("Id", "HeroDefinitionDefinitionId", "LanguageCode", "Name", "Description", "Story") VALUES (uuid_generate_v4(), 'hero_curious_wise_creative', 'en-us', 'Wise Explorer Artist', 'An intellectual artist combining curiosity, thinking, and creativity.', 'The Wise Explorer Artist discovers new artistic frontiers through thoughtful exploration and creative expression.') ON CONFLICT ("HeroDefinitionDefinitionId", "LanguageCode") DO NOTHING;
INSERT INTO "alchimalia_schema"."HeroDefinitionDefinitionTranslations" ("Id", "HeroDefinitionDefinitionId", "LanguageCode", "Name", "Description", "Story") VALUES (uuid_generate_v4(), 'hero_curious_wise_creative', 'ro-ro', 'Artistul Explorator nelept', 'Un artist intelectual care mbin curiozitatea, gndirea i creativitatea.', 'Artistul Explorator nelept descoper noi frontiere artistice prin explorare gndit i expresie creativ.') ON CONFLICT ("HeroDefinitionDefinitionId", "LanguageCode") DO NOTHING;
INSERT INTO "alchimalia_schema"."HeroDefinitionDefinitionTranslations" ("Id", "HeroDefinitionDefinitionId", "LanguageCode", "Name", "Description", "Story") VALUES (uuid_generate_v4(), 'hero_curious_wise_creative', 'hu-hu', 'Blcs Felfedez Mvsz', 'Egy intellektulis mvsz, aki egyesti a kvncsisgot, gondolkodst s kreativitst.', 'A Blcs Felfedez Mvsz j mvszi hatrokat fedez fel gondos felfedezsen s kreatv kifejezsen keresztl.') ON CONFLICT ("HeroDefinitionDefinitionId", "LanguageCode") DO NOTHING;
INSERT INTO "alchimalia_schema"."HeroDefinitionCraftTranslations" ("Id", "HeroDefinitionCraftId", "LanguageCode", "Name", "Description", "Story") VALUES (uuid_generate_v4(), 'hero_curious_wise_creative', 'en-us', 'Wise Explorer Artist', 'An intellectual artist combining curiosity, thinking, and creativity.', 'The Wise Explorer Artist discovers new artistic frontiers through thoughtful exploration and creative expression.') ON CONFLICT ("HeroDefinitionCraftId", "LanguageCode") DO NOTHING;
INSERT INTO "alchimalia_schema"."HeroDefinitionCraftTranslations" ("Id", "HeroDefinitionCraftId", "LanguageCode", "Name", "Description", "Story") VALUES (uuid_generate_v4(), 'hero_curious_wise_creative', 'ro-ro', 'Artistul Explorator nelept', 'Un artist intelectual care mbin curiozitatea, gndirea i creativitatea.', 'Artistul Explorator nelept descoper noi frontiere artistice prin explorare gndit i expresie creativ.') ON CONFLICT ("HeroDefinitionCraftId", "LanguageCode") DO NOTHING;
INSERT INTO "alchimalia_schema"."HeroDefinitionCraftTranslations" ("Id", "HeroDefinitionCraftId", "LanguageCode", "Name", "Description", "Story") VALUES (uuid_generate_v4(), 'hero_curious_wise_creative', 'hu-hu', 'Blcs Felfedez Mvsz', 'Egy intellektulis mvsz, aki egyesti a kvncsisgot, gondolkodst s kreativitst.', 'A Blcs Felfedez Mvsz j mvszi hatrokat fedez fel gondos felfedezsen s kreatv kifejezsen keresztl.') ON CONFLICT ("HeroDefinitionCraftId", "LanguageCode") DO NOTHING;
INSERT INTO "alchimalia_schema"."HeroDefinitionDefinitions" ("Id", "CourageCost", "CuriosityCost", "ThinkingCost", "CreativityCost", "SafetyCost", "PrerequisitesJson", "RewardsJson", "IsUnlocked", "PositionX", "PositionY", "Image", "Status", "Version", "BaseVersion", "LastPublishedVersion", "PublishedByUserId", "CreatedAt", "UpdatedAt", "PublishedAtUtc") VALUES ('hero_curious_wise_safe', 0, 1, 1, 0, 1, '["hero_curious_wise","hero_cautious_hedgehog"]', '[]', false, 0, -550, 'images/toh/heroes/hero_wise_guardian_explorer.jpg', 'published', 1, 0, 0, NULL, now() at time zone 'utc', now() at time zone 'utc', now() at time zone 'utc') ON CONFLICT ("Id") DO NOTHING;
INSERT INTO "alchimalia_schema"."HeroDefinitionCrafts" ("Id", "PublishedDefinitionId", "CourageCost", "CuriosityCost", "ThinkingCost", "CreativityCost", "SafetyCost", "PrerequisitesJson", "RewardsJson", "IsUnlocked", "PositionX", "PositionY", "Image", "Status", "BaseVersion", "LastDraftVersion", "CreatedByUserId", "AssignedReviewerUserId", "ReviewedByUserId", "ApprovedByUserId", "ReviewNotes", "ReviewStartedAt", "ReviewEndedAt", "CreatedAt", "UpdatedAt") VALUES ('hero_curious_wise_safe', 'hero_curious_wise_safe', 0, 1, 1, 0, 1, '["hero_curious_wise","hero_cautious_hedgehog"]', '[]', false, 0, -550, 'images/toh/heroes/hero_wise_guardian_explorer.jpg', 'published', 0, 0, NULL, NULL, NULL, NULL, NULL, NULL, NULL, now() at time zone 'utc', now() at time zone 'utc') ON CONFLICT ("Id") DO NOTHING;
INSERT INTO "alchimalia_schema"."HeroDefinitionDefinitionTranslations" ("Id", "HeroDefinitionDefinitionId", "LanguageCode", "Name", "Description", "Story") VALUES (uuid_generate_v4(), 'hero_curious_wise_safe', 'en-us', 'Wise Guardian Explorer', 'A protective explorer combining curiosity, wisdom, and safety.', 'The Wise Guardian Explorer ventures safely into unknown territories, guided by wisdom and protected by caution.') ON CONFLICT ("HeroDefinitionDefinitionId", "LanguageCode") DO NOTHING;
INSERT INTO "alchimalia_schema"."HeroDefinitionDefinitionTranslations" ("Id", "HeroDefinitionDefinitionId", "LanguageCode", "Name", "Description", "Story") VALUES (uuid_generate_v4(), 'hero_curious_wise_safe', 'ro-ro', 'Exploratorul Gardian nelept', 'Un explorator protector care mbin curiozitatea, nelepciunea i sigurana.', 'Exploratorul Gardian nelept se aventureaz n siguran n teritorii necunoscute, ghidat de nelepciune i protejat de precauie.') ON CONFLICT ("HeroDefinitionDefinitionId", "LanguageCode") DO NOTHING;
INSERT INTO "alchimalia_schema"."HeroDefinitionDefinitionTranslations" ("Id", "HeroDefinitionDefinitionId", "LanguageCode", "Name", "Description", "Story") VALUES (uuid_generate_v4(), 'hero_curious_wise_safe', 'hu-hu', 'Blcs rz Felfedez', 'Egy vdelmez felfedez, aki egyesti a kvncsisgot, blcsessget s biztonsgot.', 'A Blcs rz Felfedez biztonsgosan merszkedik ismeretlen terletekre, blcsessg vezetsvel s vatossg vdelmvel.') ON CONFLICT ("HeroDefinitionDefinitionId", "LanguageCode") DO NOTHING;
INSERT INTO "alchimalia_schema"."HeroDefinitionCraftTranslations" ("Id", "HeroDefinitionCraftId", "LanguageCode", "Name", "Description", "Story") VALUES (uuid_generate_v4(), 'hero_curious_wise_safe', 'en-us', 'Wise Guardian Explorer', 'A protective explorer combining curiosity, wisdom, and safety.', 'The Wise Guardian Explorer ventures safely into unknown territories, guided by wisdom and protected by caution.') ON CONFLICT ("HeroDefinitionCraftId", "LanguageCode") DO NOTHING;
INSERT INTO "alchimalia_schema"."HeroDefinitionCraftTranslations" ("Id", "HeroDefinitionCraftId", "LanguageCode", "Name", "Description", "Story") VALUES (uuid_generate_v4(), 'hero_curious_wise_safe', 'ro-ro', 'Exploratorul Gardian nelept', 'Un explorator protector care mbin curiozitatea, nelepciunea i sigurana.', 'Exploratorul Gardian nelept se aventureaz n siguran n teritorii necunoscute, ghidat de nelepciune i protejat de precauie.') ON CONFLICT ("HeroDefinitionCraftId", "LanguageCode") DO NOTHING;
INSERT INTO "alchimalia_schema"."HeroDefinitionCraftTranslations" ("Id", "HeroDefinitionCraftId", "LanguageCode", "Name", "Description", "Story") VALUES (uuid_generate_v4(), 'hero_curious_wise_safe', 'hu-hu', 'Blcs rz Felfedez', 'Egy vdelmez felfedez, aki egyesti a kvncsisgot, blcsessget s biztonsgot.', 'A Blcs rz Felfedez biztonsgosan merszkedik ismeretlen terletekre, blcsessg vezetsvel s vatossg vdelmvel.') ON CONFLICT ("HeroDefinitionCraftId", "LanguageCode") DO NOTHING;
INSERT INTO "alchimalia_schema"."HeroDefinitionDefinitions" ("Id", "CourageCost", "CuriosityCost", "ThinkingCost", "CreativityCost", "SafetyCost", "PrerequisitesJson", "RewardsJson", "IsUnlocked", "PositionX", "PositionY", "Image", "Status", "Version", "BaseVersion", "LastPublishedVersion", "PublishedByUserId", "CreatedAt", "UpdatedAt", "PublishedAtUtc") VALUES ('hero_curious_creative_safe', 0, 1, 0, 1, 1, '["hero_curious_creative","hero_cautious_hedgehog"]', '[]', false, 200, -500, 'images/toh/heroes/hero_creative_guardian_explorer.jpg', 'published', 1, 0, 0, NULL, now() at time zone 'utc', now() at time zone 'utc', now() at time zone 'utc') ON CONFLICT ("Id") DO NOTHING;
INSERT INTO "alchimalia_schema"."HeroDefinitionCrafts" ("Id", "PublishedDefinitionId", "CourageCost", "CuriosityCost", "ThinkingCost", "CreativityCost", "SafetyCost", "PrerequisitesJson", "RewardsJson", "IsUnlocked", "PositionX", "PositionY", "Image", "Status", "BaseVersion", "LastDraftVersion", "CreatedByUserId", "AssignedReviewerUserId", "ReviewedByUserId", "ApprovedByUserId", "ReviewNotes", "ReviewStartedAt", "ReviewEndedAt", "CreatedAt", "UpdatedAt") VALUES ('hero_curious_creative_safe', 'hero_curious_creative_safe', 0, 1, 0, 1, 1, '["hero_curious_creative","hero_cautious_hedgehog"]', '[]', false, 200, -500, 'images/toh/heroes/hero_creative_guardian_explorer.jpg', 'published', 0, 0, NULL, NULL, NULL, NULL, NULL, NULL, NULL, now() at time zone 'utc', now() at time zone 'utc') ON CONFLICT ("Id") DO NOTHING;
INSERT INTO "alchimalia_schema"."HeroDefinitionDefinitionTranslations" ("Id", "HeroDefinitionDefinitionId", "LanguageCode", "Name", "Description", "Story") VALUES (uuid_generate_v4(), 'hero_curious_creative_safe', 'en-us', 'Creative Guardian Explorer', 'An inventive explorer combining curiosity, creativity, and safety.', 'The Creative Guardian Explorer discovers new worlds through imaginative solutions while ensuring safe passage.') ON CONFLICT ("HeroDefinitionDefinitionId", "LanguageCode") DO NOTHING;
INSERT INTO "alchimalia_schema"."HeroDefinitionDefinitionTranslations" ("Id", "HeroDefinitionDefinitionId", "LanguageCode", "Name", "Description", "Story") VALUES (uuid_generate_v4(), 'hero_curious_creative_safe', 'ro-ro', 'Exploratorul Gardian Creativ', 'Un explorator inventiv care mbin curiozitatea, creativitatea i sigurana.', 'Exploratorul Gardian Creativ descoper lumi noi prin soluii imaginare n timp ce asigur trecerea n siguran.') ON CONFLICT ("HeroDefinitionDefinitionId", "LanguageCode") DO NOTHING;
INSERT INTO "alchimalia_schema"."HeroDefinitionDefinitionTranslations" ("Id", "HeroDefinitionDefinitionId", "LanguageCode", "Name", "Description", "Story") VALUES (uuid_generate_v4(), 'hero_curious_creative_safe', 'hu-hu', 'Kreatv rz Felfedez', 'Egy tallkony felfedez, aki egyesti a kvncsisgot, kreativitst s biztonsgot.', 'A Kreatv rz Felfedez j vilgokat fedez fel kpzeletbeli megoldsokon keresztl, mikzben biztonsgos tkelst biztost.') ON CONFLICT ("HeroDefinitionDefinitionId", "LanguageCode") DO NOTHING;
INSERT INTO "alchimalia_schema"."HeroDefinitionCraftTranslations" ("Id", "HeroDefinitionCraftId", "LanguageCode", "Name", "Description", "Story") VALUES (uuid_generate_v4(), 'hero_curious_creative_safe', 'en-us', 'Creative Guardian Explorer', 'An inventive explorer combining curiosity, creativity, and safety.', 'The Creative Guardian Explorer discovers new worlds through imaginative solutions while ensuring safe passage.') ON CONFLICT ("HeroDefinitionCraftId", "LanguageCode") DO NOTHING;
INSERT INTO "alchimalia_schema"."HeroDefinitionCraftTranslations" ("Id", "HeroDefinitionCraftId", "LanguageCode", "Name", "Description", "Story") VALUES (uuid_generate_v4(), 'hero_curious_creative_safe', 'ro-ro', 'Exploratorul Gardian Creativ', 'Un explorator inventiv care mbin curiozitatea, creativitatea i sigurana.', 'Exploratorul Gardian Creativ descoper lumi noi prin soluii imaginare n timp ce asigur trecerea n siguran.') ON CONFLICT ("HeroDefinitionCraftId", "LanguageCode") DO NOTHING;
INSERT INTO "alchimalia_schema"."HeroDefinitionCraftTranslations" ("Id", "HeroDefinitionCraftId", "LanguageCode", "Name", "Description", "Story") VALUES (uuid_generate_v4(), 'hero_curious_creative_safe', 'hu-hu', 'Kreatv rz Felfedez', 'Egy tallkony felfedez, aki egyesti a kvncsisgot, kreativitst s biztonsgot.', 'A Kreatv rz Felfedez j vilgokat fedez fel kpzeletbeli megoldsokon keresztl, mikzben biztonsgos tkelst biztost.') ON CONFLICT ("HeroDefinitionCraftId", "LanguageCode") DO NOTHING;
INSERT INTO "alchimalia_schema"."HeroDefinitionDefinitions" ("Id", "CourageCost", "CuriosityCost", "ThinkingCost", "CreativityCost", "SafetyCost", "PrerequisitesJson", "RewardsJson", "IsUnlocked", "PositionX", "PositionY", "Image", "Status", "Version", "BaseVersion", "LastPublishedVersion", "PublishedByUserId", "CreatedAt", "UpdatedAt", "PublishedAtUtc") VALUES ('hero_wise_creative_safe', 0, 0, 1, 1, 1, '["hero_wise_creative","hero_cautious_hedgehog"]', '[]', false, 100, -550, 'images/toh/heroes/hero_wise_creative_guardian.jpg', 'published', 1, 0, 0, NULL, now() at time zone 'utc', now() at time zone 'utc', now() at time zone 'utc') ON CONFLICT ("Id") DO NOTHING;
INSERT INTO "alchimalia_schema"."HeroDefinitionCrafts" ("Id", "PublishedDefinitionId", "CourageCost", "CuriosityCost", "ThinkingCost", "CreativityCost", "SafetyCost", "PrerequisitesJson", "RewardsJson", "IsUnlocked", "PositionX", "PositionY", "Image", "Status", "BaseVersion", "LastDraftVersion", "CreatedByUserId", "AssignedReviewerUserId", "ReviewedByUserId", "ApprovedByUserId", "ReviewNotes", "ReviewStartedAt", "ReviewEndedAt", "CreatedAt", "UpdatedAt") VALUES ('hero_wise_creative_safe', 'hero_wise_creative_safe', 0, 0, 1, 1, 1, '["hero_wise_creative","hero_cautious_hedgehog"]', '[]', false, 100, -550, 'images/toh/heroes/hero_wise_creative_guardian.jpg', 'published', 0, 0, NULL, NULL, NULL, NULL, NULL, NULL, NULL, now() at time zone 'utc', now() at time zone 'utc') ON CONFLICT ("Id") DO NOTHING;
INSERT INTO "alchimalia_schema"."HeroDefinitionDefinitionTranslations" ("Id", "HeroDefinitionDefinitionId", "LanguageCode", "Name", "Description", "Story") VALUES (uuid_generate_v4(), 'hero_wise_creative_safe', 'en-us', 'Wise Creative Guardian', 'A thoughtful guardian combining wisdom, creativity, and safety.', 'The Wise Creative Guardian protects through innovative solutions, blending intellectual insight with artistic vision.') ON CONFLICT ("HeroDefinitionDefinitionId", "LanguageCode") DO NOTHING;
INSERT INTO "alchimalia_schema"."HeroDefinitionDefinitionTranslations" ("Id", "HeroDefinitionDefinitionId", "LanguageCode", "Name", "Description", "Story") VALUES (uuid_generate_v4(), 'hero_wise_creative_safe', 'ro-ro', 'Gardianul Creativ nelept', 'Un gardian gnditor care mbin nelepciunea, creativitatea i sigurana.', 'Gardianul Creativ nelept protejeaz prin soluii inovatoare, mbinnd nelegerea intelectual cu viziunea artistic.') ON CONFLICT ("HeroDefinitionDefinitionId", "LanguageCode") DO NOTHING;
INSERT INTO "alchimalia_schema"."HeroDefinitionDefinitionTranslations" ("Id", "HeroDefinitionDefinitionId", "LanguageCode", "Name", "Description", "Story") VALUES (uuid_generate_v4(), 'hero_wise_creative_safe', 'hu-hu', 'Blcs Kreatv rz', 'Egy gondolkod rz, aki egyesti a blcsessget, kreativitst s biztonsgot.', 'A Blcs Kreatv rz innovatv megoldsokkal vd, intellektulis megrtst kombinlva mvszi ltomssal.') ON CONFLICT ("HeroDefinitionDefinitionId", "LanguageCode") DO NOTHING;
INSERT INTO "alchimalia_schema"."HeroDefinitionCraftTranslations" ("Id", "HeroDefinitionCraftId", "LanguageCode", "Name", "Description", "Story") VALUES (uuid_generate_v4(), 'hero_wise_creative_safe', 'en-us', 'Wise Creative Guardian', 'A thoughtful guardian combining wisdom, creativity, and safety.', 'The Wise Creative Guardian protects through innovative solutions, blending intellectual insight with artistic vision.') ON CONFLICT ("HeroDefinitionCraftId", "LanguageCode") DO NOTHING;
INSERT INTO "alchimalia_schema"."HeroDefinitionCraftTranslations" ("Id", "HeroDefinitionCraftId", "LanguageCode", "Name", "Description", "Story") VALUES (uuid_generate_v4(), 'hero_wise_creative_safe', 'ro-ro', 'Gardianul Creativ nelept', 'Un gardian gnditor care mbin nelepciunea, creativitatea i sigurana.', 'Gardianul Creativ nelept protejeaz prin soluii inovatoare, mbinnd nelegerea intelectual cu viziunea artistic.') ON CONFLICT ("HeroDefinitionCraftId", "LanguageCode") DO NOTHING;
INSERT INTO "alchimalia_schema"."HeroDefinitionCraftTranslations" ("Id", "HeroDefinitionCraftId", "LanguageCode", "Name", "Description", "Story") VALUES (uuid_generate_v4(), 'hero_wise_creative_safe', 'hu-hu', 'Blcs Kreatv rz', 'Egy gondolkod rz, aki egyesti a blcsessget, kreativitst s biztonsgot.', 'A Blcs Kreatv rz innovatv megoldsokkal vd, intellektulis megrtst kombinlva mvszi ltomssal.') ON CONFLICT ("HeroDefinitionCraftId", "LanguageCode") DO NOTHING;
INSERT INTO "alchimalia_schema"."HeroDefinitionDefinitions" ("Id", "CourageCost", "CuriosityCost", "ThinkingCost", "CreativityCost", "SafetyCost", "PrerequisitesJson", "RewardsJson", "IsUnlocked", "PositionX", "PositionY", "Image", "Status", "Version", "BaseVersion", "LastPublishedVersion", "PublishedByUserId", "CreatedAt", "UpdatedAt", "PublishedAtUtc") VALUES ('hero_brave_curious_wise_creative', 1, 1, 1, 1, 0, '["hero_brave_curious_wise","hero_playful_horse"]', '[]', false, -150, -600, 'images/toh/heroes/hero_master_lion_artist.jpg', 'published', 1, 0, 0, NULL, now() at time zone 'utc', now() at time zone 'utc', now() at time zone 'utc') ON CONFLICT ("Id") DO NOTHING;
INSERT INTO "alchimalia_schema"."HeroDefinitionCrafts" ("Id", "PublishedDefinitionId", "CourageCost", "CuriosityCost", "ThinkingCost", "CreativityCost", "SafetyCost", "PrerequisitesJson", "RewardsJson", "IsUnlocked", "PositionX", "PositionY", "Image", "Status", "BaseVersion", "LastDraftVersion", "CreatedByUserId", "AssignedReviewerUserId", "ReviewedByUserId", "ApprovedByUserId", "ReviewNotes", "ReviewStartedAt", "ReviewEndedAt", "CreatedAt", "UpdatedAt") VALUES ('hero_brave_curious_wise_creative', 'hero_brave_curious_wise_creative', 1, 1, 1, 1, 0, '["hero_brave_curious_wise","hero_playful_horse"]', '[]', false, -150, -600, 'images/toh/heroes/hero_master_lion_artist.jpg', 'published', 0, 0, NULL, NULL, NULL, NULL, NULL, NULL, NULL, now() at time zone 'utc', now() at time zone 'utc') ON CONFLICT ("Id") DO NOTHING;
INSERT INTO "alchimalia_schema"."HeroDefinitionDefinitionTranslations" ("Id", "HeroDefinitionDefinitionId", "LanguageCode", "Name", "Description", "Story") VALUES (uuid_generate_v4(), 'hero_brave_curious_wise_creative', 'en-us', 'Master Lion Artist', 'The ultimate artistic lion, master of courage, curiosity, wisdom, and creativity.', 'The Master Lion Artist creates legendary works that inspire all who witness their artistic genius and noble spirit.') ON CONFLICT ("HeroDefinitionDefinitionId", "LanguageCode") DO NOTHING;
INSERT INTO "alchimalia_schema"."HeroDefinitionDefinitionTranslations" ("Id", "HeroDefinitionDefinitionId", "LanguageCode", "Name", "Description", "Story") VALUES (uuid_generate_v4(), 'hero_brave_curious_wise_creative', 'ro-ro', 'Maestrul Leul Artist', 'Leul artistic suprem, maestru al curajului, curiozitii, nelepciunii i creativitii.', 'Maestrul Leul Artist creeaz opere legendare care inspir toi cei care asist la geniul su artistic i spiritul nobil.') ON CONFLICT ("HeroDefinitionDefinitionId", "LanguageCode") DO NOTHING;
INSERT INTO "alchimalia_schema"."HeroDefinitionDefinitionTranslations" ("Id", "HeroDefinitionDefinitionId", "LanguageCode", "Name", "Description", "Story") VALUES (uuid_generate_v4(), 'hero_brave_curious_wise_creative', 'hu-hu', 'Mester Oroszln Mvsz', 'A vgs mvszi oroszln, a btorsg, kvncsisg, blcsessg s kreativits mestere.', 'A Mester Oroszln Mvsz legends mveket alkot, amelyek mindenkit inspirlnak, aki tanja mvszi zsenialitsnak s nemes szellemnek.') ON CONFLICT ("HeroDefinitionDefinitionId", "LanguageCode") DO NOTHING;
INSERT INTO "alchimalia_schema"."HeroDefinitionCraftTranslations" ("Id", "HeroDefinitionCraftId", "LanguageCode", "Name", "Description", "Story") VALUES (uuid_generate_v4(), 'hero_brave_curious_wise_creative', 'en-us', 'Master Lion Artist', 'The ultimate artistic lion, master of courage, curiosity, wisdom, and creativity.', 'The Master Lion Artist creates legendary works that inspire all who witness their artistic genius and noble spirit.') ON CONFLICT ("HeroDefinitionCraftId", "LanguageCode") DO NOTHING;
INSERT INTO "alchimalia_schema"."HeroDefinitionCraftTranslations" ("Id", "HeroDefinitionCraftId", "LanguageCode", "Name", "Description", "Story") VALUES (uuid_generate_v4(), 'hero_brave_curious_wise_creative', 'ro-ro', 'Maestrul Leul Artist', 'Leul artistic suprem, maestru al curajului, curiozitii, nelepciunii i creativitii.', 'Maestrul Leul Artist creeaz opere legendare care inspir toi cei care asist la geniul su artistic i spiritul nobil.') ON CONFLICT ("HeroDefinitionCraftId", "LanguageCode") DO NOTHING;
INSERT INTO "alchimalia_schema"."HeroDefinitionCraftTranslations" ("Id", "HeroDefinitionCraftId", "LanguageCode", "Name", "Description", "Story") VALUES (uuid_generate_v4(), 'hero_brave_curious_wise_creative', 'hu-hu', 'Mester Oroszln Mvsz', 'A vgs mvszi oroszln, a btorsg, kvncsisg, blcsessg s kreativits mestere.', 'A Mester Oroszln Mvsz legends mveket alkot, amelyek mindenkit inspirlnak, aki tanja mvszi zsenialitsnak s nemes szellemnek.') ON CONFLICT ("HeroDefinitionCraftId", "LanguageCode") DO NOTHING;
INSERT INTO "alchimalia_schema"."HeroDefinitionDefinitions" ("Id", "CourageCost", "CuriosityCost", "ThinkingCost", "CreativityCost", "SafetyCost", "PrerequisitesJson", "RewardsJson", "IsUnlocked", "PositionX", "PositionY", "Image", "Status", "Version", "BaseVersion", "LastPublishedVersion", "PublishedByUserId", "CreatedAt", "UpdatedAt", "PublishedAtUtc") VALUES ('hero_brave_curious_wise_safe', 1, 1, 1, 0, 1, '["hero_brave_curious_wise","hero_cautious_hedgehog"]', '[]', false, -50, -600, 'images/toh/heroes/hero_master_guardian_lion.jpg', 'published', 1, 0, 0, NULL, now() at time zone 'utc', now() at time zone 'utc', now() at time zone 'utc') ON CONFLICT ("Id") DO NOTHING;
INSERT INTO "alchimalia_schema"."HeroDefinitionCrafts" ("Id", "PublishedDefinitionId", "CourageCost", "CuriosityCost", "ThinkingCost", "CreativityCost", "SafetyCost", "PrerequisitesJson", "RewardsJson", "IsUnlocked", "PositionX", "PositionY", "Image", "Status", "BaseVersion", "LastDraftVersion", "CreatedByUserId", "AssignedReviewerUserId", "ReviewedByUserId", "ApprovedByUserId", "ReviewNotes", "ReviewStartedAt", "ReviewEndedAt", "CreatedAt", "UpdatedAt") VALUES ('hero_brave_curious_wise_safe', 'hero_brave_curious_wise_safe', 1, 1, 1, 0, 1, '["hero_brave_curious_wise","hero_cautious_hedgehog"]', '[]', false, -50, -600, 'images/toh/heroes/hero_master_guardian_lion.jpg', 'published', 0, 0, NULL, NULL, NULL, NULL, NULL, NULL, NULL, now() at time zone 'utc', now() at time zone 'utc') ON CONFLICT ("Id") DO NOTHING;
INSERT INTO "alchimalia_schema"."HeroDefinitionDefinitionTranslations" ("Id", "HeroDefinitionDefinitionId", "LanguageCode", "Name", "Description", "Story") VALUES (uuid_generate_v4(), 'hero_brave_curious_wise_safe', 'en-us', 'Master Guardian Lion', 'The ultimate protective lion, master of courage, curiosity, wisdom, and safety.', 'The Master Guardian Lion stands as the ultimate protector, ensuring safety while encouraging exploration and growth.') ON CONFLICT ("HeroDefinitionDefinitionId", "LanguageCode") DO NOTHING;
INSERT INTO "alchimalia_schema"."HeroDefinitionDefinitionTranslations" ("Id", "HeroDefinitionDefinitionId", "LanguageCode", "Name", "Description", "Story") VALUES (uuid_generate_v4(), 'hero_brave_curious_wise_safe', 'ro-ro', 'Maestrul Leul Gardian', 'Leul protector suprem, maestru al curajului, curiozitii, nelepciunii i siguranei.', 'Maestrul Leul Gardian st ca protectorul suprem, asigurnd sigurana n timp ce ncurajeaz explorarea i creterea.') ON CONFLICT ("HeroDefinitionDefinitionId", "LanguageCode") DO NOTHING;
INSERT INTO "alchimalia_schema"."HeroDefinitionDefinitionTranslations" ("Id", "HeroDefinitionDefinitionId", "LanguageCode", "Name", "Description", "Story") VALUES (uuid_generate_v4(), 'hero_brave_curious_wise_safe', 'hu-hu', 'Mester rz Oroszln', 'A vgs vdelmez oroszln, a btorsg, kvncsisg, blcsessg s biztonsg mestere.', 'A Mester rz Oroszln a vgs vdelmezknt ll, biztonsgot biztostva, mikzben felfedezst s nvekedst sztnz.') ON CONFLICT ("HeroDefinitionDefinitionId", "LanguageCode") DO NOTHING;
INSERT INTO "alchimalia_schema"."HeroDefinitionCraftTranslations" ("Id", "HeroDefinitionCraftId", "LanguageCode", "Name", "Description", "Story") VALUES (uuid_generate_v4(), 'hero_brave_curious_wise_safe', 'en-us', 'Master Guardian Lion', 'The ultimate protective lion, master of courage, curiosity, wisdom, and safety.', 'The Master Guardian Lion stands as the ultimate protector, ensuring safety while encouraging exploration and growth.') ON CONFLICT ("HeroDefinitionCraftId", "LanguageCode") DO NOTHING;
INSERT INTO "alchimalia_schema"."HeroDefinitionCraftTranslations" ("Id", "HeroDefinitionCraftId", "LanguageCode", "Name", "Description", "Story") VALUES (uuid_generate_v4(), 'hero_brave_curious_wise_safe', 'ro-ro', 'Maestrul Leul Gardian', 'Leul protector suprem, maestru al curajului, curiozitii, nelepciunii i siguranei.', 'Maestrul Leul Gardian st ca protectorul suprem, asigurnd sigurana n timp ce ncurajeaz explorarea i creterea.') ON CONFLICT ("HeroDefinitionCraftId", "LanguageCode") DO NOTHING;
INSERT INTO "alchimalia_schema"."HeroDefinitionCraftTranslations" ("Id", "HeroDefinitionCraftId", "LanguageCode", "Name", "Description", "Story") VALUES (uuid_generate_v4(), 'hero_brave_curious_wise_safe', 'hu-hu', 'Mester rz Oroszln', 'A vgs vdelmez oroszln, a btorsg, kvncsisg, blcsessg s biztonsg mestere.', 'A Mester rz Oroszln a vgs vdelmezknt ll, biztonsgot biztostva, mikzben felfedezst s nvekedst sztnz.') ON CONFLICT ("HeroDefinitionCraftId", "LanguageCode") DO NOTHING;
INSERT INTO "alchimalia_schema"."HeroDefinitionDefinitions" ("Id", "CourageCost", "CuriosityCost", "ThinkingCost", "CreativityCost", "SafetyCost", "PrerequisitesJson", "RewardsJson", "IsUnlocked", "PositionX", "PositionY", "Image", "Status", "Version", "BaseVersion", "LastPublishedVersion", "PublishedByUserId", "CreatedAt", "UpdatedAt", "PublishedAtUtc") VALUES ('hero_brave_curious_creative_safe', 1, 1, 0, 1, 1, '["hero_brave_curious_creative","hero_cautious_hedgehog"]', '[]', false, -100, -600, 'images/toh/heroes/hero_master_explorer_lion.jpg', 'published', 1, 0, 0, NULL, now() at time zone 'utc', now() at time zone 'utc', now() at time zone 'utc') ON CONFLICT ("Id") DO NOTHING;
INSERT INTO "alchimalia_schema"."HeroDefinitionCrafts" ("Id", "PublishedDefinitionId", "CourageCost", "CuriosityCost", "ThinkingCost", "CreativityCost", "SafetyCost", "PrerequisitesJson", "RewardsJson", "IsUnlocked", "PositionX", "PositionY", "Image", "Status", "BaseVersion", "LastDraftVersion", "CreatedByUserId", "AssignedReviewerUserId", "ReviewedByUserId", "ApprovedByUserId", "ReviewNotes", "ReviewStartedAt", "ReviewEndedAt", "CreatedAt", "UpdatedAt") VALUES ('hero_brave_curious_creative_safe', 'hero_brave_curious_creative_safe', 1, 1, 0, 1, 1, '["hero_brave_curious_creative","hero_cautious_hedgehog"]', '[]', false, -100, -600, 'images/toh/heroes/hero_master_explorer_lion.jpg', 'published', 0, 0, NULL, NULL, NULL, NULL, NULL, NULL, NULL, now() at time zone 'utc', now() at time zone 'utc') ON CONFLICT ("Id") DO NOTHING;
INSERT INTO "alchimalia_schema"."HeroDefinitionDefinitionTranslations" ("Id", "HeroDefinitionDefinitionId", "LanguageCode", "Name", "Description", "Story") VALUES (uuid_generate_v4(), 'hero_brave_curious_creative_safe', 'en-us', 'Master Explorer Lion', 'The ultimate exploring lion, master of courage, curiosity, creativity, and safety.', 'The Master Explorer Lion ventures into the most challenging territories, discovering wonders while ensuring safe passage.') ON CONFLICT ("HeroDefinitionDefinitionId", "LanguageCode") DO NOTHING;
INSERT INTO "alchimalia_schema"."HeroDefinitionDefinitionTranslations" ("Id", "HeroDefinitionDefinitionId", "LanguageCode", "Name", "Description", "Story") VALUES (uuid_generate_v4(), 'hero_brave_curious_creative_safe', 'ro-ro', 'Maestrul Leul Explorator', 'Leul explorator suprem, maestru al curajului, curiozitii, creativitii i siguranei.', 'Maestrul Leul Explorator se aventureaz n cele mai provocatoare teritorii, descoperind minunii n timp ce asigur trecerea n siguran.') ON CONFLICT ("HeroDefinitionDefinitionId", "LanguageCode") DO NOTHING;
INSERT INTO "alchimalia_schema"."HeroDefinitionDefinitionTranslations" ("Id", "HeroDefinitionDefinitionId", "LanguageCode", "Name", "Description", "Story") VALUES (uuid_generate_v4(), 'hero_brave_curious_creative_safe', 'hu-hu', 'Mester Felfedez Oroszln', 'A vgs felfedez oroszln, a btorsg, kvncsisg, kreativits s biztonsg mestere.', 'A Mester Felfedez Oroszln a legkihvbb terletekre merszkedik, csodkat fedezve fel, mikzben biztonsgos tkelst biztost.') ON CONFLICT ("HeroDefinitionDefinitionId", "LanguageCode") DO NOTHING;
INSERT INTO "alchimalia_schema"."HeroDefinitionCraftTranslations" ("Id", "HeroDefinitionCraftId", "LanguageCode", "Name", "Description", "Story") VALUES (uuid_generate_v4(), 'hero_brave_curious_creative_safe', 'en-us', 'Master Explorer Lion', 'The ultimate exploring lion, master of courage, curiosity, creativity, and safety.', 'The Master Explorer Lion ventures into the most challenging territories, discovering wonders while ensuring safe passage.') ON CONFLICT ("HeroDefinitionCraftId", "LanguageCode") DO NOTHING;
INSERT INTO "alchimalia_schema"."HeroDefinitionCraftTranslations" ("Id", "HeroDefinitionCraftId", "LanguageCode", "Name", "Description", "Story") VALUES (uuid_generate_v4(), 'hero_brave_curious_creative_safe', 'ro-ro', 'Maestrul Leul Explorator', 'Leul explorator suprem, maestru al curajului, curiozitii, creativitii i siguranei.', 'Maestrul Leul Explorator se aventureaz n cele mai provocatoare teritorii, descoperind minunii n timp ce asigur trecerea n siguran.') ON CONFLICT ("HeroDefinitionCraftId", "LanguageCode") DO NOTHING;
INSERT INTO "alchimalia_schema"."HeroDefinitionCraftTranslations" ("Id", "HeroDefinitionCraftId", "LanguageCode", "Name", "Description", "Story") VALUES (uuid_generate_v4(), 'hero_brave_curious_creative_safe', 'hu-hu', 'Mester Felfedez Oroszln', 'A vgs felfedez oroszln, a btorsg, kvncsisg, kreativits s biztonsg mestere.', 'A Mester Felfedez Oroszln a legkihvbb terletekre merszkedik, csodkat fedezve fel, mikzben biztonsgos tkelst biztost.') ON CONFLICT ("HeroDefinitionCraftId", "LanguageCode") DO NOTHING;
INSERT INTO "alchimalia_schema"."HeroDefinitionDefinitions" ("Id", "CourageCost", "CuriosityCost", "ThinkingCost", "CreativityCost", "SafetyCost", "PrerequisitesJson", "RewardsJson", "IsUnlocked", "PositionX", "PositionY", "Image", "Status", "Version", "BaseVersion", "LastPublishedVersion", "PublishedByUserId", "CreatedAt", "UpdatedAt", "PublishedAtUtc") VALUES ('hero_brave_wise_creative_safe', 1, 0, 1, 1, 1, '["hero_brave_wise_creative","hero_cautious_hedgehog"]', '[]', false, -200, -600, 'images/toh/heroes/hero_master_sage_guardian.jpg', 'published', 1, 0, 0, NULL, now() at time zone 'utc', now() at time zone 'utc', now() at time zone 'utc') ON CONFLICT ("Id") DO NOTHING;
INSERT INTO "alchimalia_schema"."HeroDefinitionCrafts" ("Id", "PublishedDefinitionId", "CourageCost", "CuriosityCost", "ThinkingCost", "CreativityCost", "SafetyCost", "PrerequisitesJson", "RewardsJson", "IsUnlocked", "PositionX", "PositionY", "Image", "Status", "BaseVersion", "LastDraftVersion", "CreatedByUserId", "AssignedReviewerUserId", "ReviewedByUserId", "ApprovedByUserId", "ReviewNotes", "ReviewStartedAt", "ReviewEndedAt", "CreatedAt", "UpdatedAt") VALUES ('hero_brave_wise_creative_safe', 'hero_brave_wise_creative_safe', 1, 0, 1, 1, 1, '["hero_brave_wise_creative","hero_cautious_hedgehog"]', '[]', false, -200, -600, 'images/toh/heroes/hero_master_sage_guardian.jpg', 'published', 0, 0, NULL, NULL, NULL, NULL, NULL, NULL, NULL, now() at time zone 'utc', now() at time zone 'utc') ON CONFLICT ("Id") DO NOTHING;
INSERT INTO "alchimalia_schema"."HeroDefinitionDefinitionTranslations" ("Id", "HeroDefinitionDefinitionId", "LanguageCode", "Name", "Description", "Story") VALUES (uuid_generate_v4(), 'hero_brave_wise_creative_safe', 'en-us', 'Master Sage Guardian', 'The ultimate wise guardian, master of courage, thinking, creativity, and safety.', 'The Master Sage Guardian combines profound wisdom with creative protection, ensuring safety through enlightened guidance.') ON CONFLICT ("HeroDefinitionDefinitionId", "LanguageCode") DO NOTHING;
INSERT INTO "alchimalia_schema"."HeroDefinitionDefinitionTranslations" ("Id", "HeroDefinitionDefinitionId", "LanguageCode", "Name", "Description", "Story") VALUES (uuid_generate_v4(), 'hero_brave_wise_creative_safe', 'ro-ro', 'Maestrul Gardian nelept', 'Gardianul nelept suprem, maestru al curajului, gndirii, creativitii i siguranei.', 'Maestrul Gardian nelept combin nelepciunea profund cu protecia creativ, asigurnd sigurana prin ghidare iluminat.') ON CONFLICT ("HeroDefinitionDefinitionId", "LanguageCode") DO NOTHING;
INSERT INTO "alchimalia_schema"."HeroDefinitionDefinitionTranslations" ("Id", "HeroDefinitionDefinitionId", "LanguageCode", "Name", "Description", "Story") VALUES (uuid_generate_v4(), 'hero_brave_wise_creative_safe', 'hu-hu', 'Mester Blcs rz', 'A vgs blcs rz, a btorsg, gondolkods, kreativits s biztonsg mestere.', 'A Mester Blcs rz mly blcsessget kombinl kreatv vdelemmel, biztonsgot biztostva megvilgosodott vezetssel.') ON CONFLICT ("HeroDefinitionDefinitionId", "LanguageCode") DO NOTHING;
INSERT INTO "alchimalia_schema"."HeroDefinitionCraftTranslations" ("Id", "HeroDefinitionCraftId", "LanguageCode", "Name", "Description", "Story") VALUES (uuid_generate_v4(), 'hero_brave_wise_creative_safe', 'en-us', 'Master Sage Guardian', 'The ultimate wise guardian, master of courage, thinking, creativity, and safety.', 'The Master Sage Guardian combines profound wisdom with creative protection, ensuring safety through enlightened guidance.') ON CONFLICT ("HeroDefinitionCraftId", "LanguageCode") DO NOTHING;
INSERT INTO "alchimalia_schema"."HeroDefinitionCraftTranslations" ("Id", "HeroDefinitionCraftId", "LanguageCode", "Name", "Description", "Story") VALUES (uuid_generate_v4(), 'hero_brave_wise_creative_safe', 'ro-ro', 'Maestrul Gardian nelept', 'Gardianul nelept suprem, maestru al curajului, gndirii, creativitii i siguranei.', 'Maestrul Gardian nelept combin nelepciunea profund cu protecia creativ, asigurnd sigurana prin ghidare iluminat.') ON CONFLICT ("HeroDefinitionCraftId", "LanguageCode") DO NOTHING;
INSERT INTO "alchimalia_schema"."HeroDefinitionCraftTranslations" ("Id", "HeroDefinitionCraftId", "LanguageCode", "Name", "Description", "Story") VALUES (uuid_generate_v4(), 'hero_brave_wise_creative_safe', 'hu-hu', 'Mester Blcs rz', 'A vgs blcs rz, a btorsg, gondolkods, kreativits s biztonsg mestere.', 'A Mester Blcs rz mly blcsessget kombinl kreatv vdelemmel, biztonsgot biztostva megvilgosodott vezetssel.') ON CONFLICT ("HeroDefinitionCraftId", "LanguageCode") DO NOTHING;
INSERT INTO "alchimalia_schema"."HeroDefinitionDefinitions" ("Id", "CourageCost", "CuriosityCost", "ThinkingCost", "CreativityCost", "SafetyCost", "PrerequisitesJson", "RewardsJson", "IsUnlocked", "PositionX", "PositionY", "Image", "Status", "Version", "BaseVersion", "LastPublishedVersion", "PublishedByUserId", "CreatedAt", "UpdatedAt", "PublishedAtUtc") VALUES ('hero_curious_wise_creative_safe', 0, 1, 1, 1, 1, '["hero_curious_wise_creative","hero_cautious_hedgehog"]', '[]', false, 50, -600, 'images/toh/heroes/hero_master_creative_explorer.jpg', 'published', 1, 0, 0, NULL, now() at time zone 'utc', now() at time zone 'utc', now() at time zone 'utc') ON CONFLICT ("Id") DO NOTHING;
INSERT INTO "alchimalia_schema"."HeroDefinitionCrafts" ("Id", "PublishedDefinitionId", "CourageCost", "CuriosityCost", "ThinkingCost", "CreativityCost", "SafetyCost", "PrerequisitesJson", "RewardsJson", "IsUnlocked", "PositionX", "PositionY", "Image", "Status", "BaseVersion", "LastDraftVersion", "CreatedByUserId", "AssignedReviewerUserId", "ReviewedByUserId", "ApprovedByUserId", "ReviewNotes", "ReviewStartedAt", "ReviewEndedAt", "CreatedAt", "UpdatedAt") VALUES ('hero_curious_wise_creative_safe', 'hero_curious_wise_creative_safe', 0, 1, 1, 1, 1, '["hero_curious_wise_creative","hero_cautious_hedgehog"]', '[]', false, 50, -600, 'images/toh/heroes/hero_master_creative_explorer.jpg', 'published', 0, 0, NULL, NULL, NULL, NULL, NULL, NULL, NULL, now() at time zone 'utc', now() at time zone 'utc') ON CONFLICT ("Id") DO NOTHING;
INSERT INTO "alchimalia_schema"."HeroDefinitionDefinitionTranslations" ("Id", "HeroDefinitionDefinitionId", "LanguageCode", "Name", "Description", "Story") VALUES (uuid_generate_v4(), 'hero_curious_wise_creative_safe', 'en-us', 'Master Creative Explorer', 'The ultimate creative explorer, master of curiosity, thinking, creativity, and safety.', 'The Master Creative Explorer discovers new realms of possibility through innovative thinking and artistic vision.') ON CONFLICT ("HeroDefinitionDefinitionId", "LanguageCode") DO NOTHING;
INSERT INTO "alchimalia_schema"."HeroDefinitionDefinitionTranslations" ("Id", "HeroDefinitionDefinitionId", "LanguageCode", "Name", "Description", "Story") VALUES (uuid_generate_v4(), 'hero_curious_wise_creative_safe', 'ro-ro', 'Maestrul Explorator Creativ', 'Exploratorul creativ suprem, maestru al curiozitii, gndirii, creativitii i siguranei.', 'Maestrul Explorator Creativ descoper noi regnuri ale posibilitii prin gndire inovatoare i viziune artistic.') ON CONFLICT ("HeroDefinitionDefinitionId", "LanguageCode") DO NOTHING;
INSERT INTO "alchimalia_schema"."HeroDefinitionDefinitionTranslations" ("Id", "HeroDefinitionDefinitionId", "LanguageCode", "Name", "Description", "Story") VALUES (uuid_generate_v4(), 'hero_curious_wise_creative_safe', 'hu-hu', 'Mester Kreatv Felfedez', 'A vgs kreatv felfedez, a kvncsisg, gondolkods, kreativits s biztonsg mestere.', 'A Mester Kreatv Felfedez j lehetsgek birodalmait fedez fel innovatv gondolkodson s mvszi ltomson keresztl.') ON CONFLICT ("HeroDefinitionDefinitionId", "LanguageCode") DO NOTHING;
INSERT INTO "alchimalia_schema"."HeroDefinitionCraftTranslations" ("Id", "HeroDefinitionCraftId", "LanguageCode", "Name", "Description", "Story") VALUES (uuid_generate_v4(), 'hero_curious_wise_creative_safe', 'en-us', 'Master Creative Explorer', 'The ultimate creative explorer, master of curiosity, thinking, creativity, and safety.', 'The Master Creative Explorer discovers new realms of possibility through innovative thinking and artistic vision.') ON CONFLICT ("HeroDefinitionCraftId", "LanguageCode") DO NOTHING;
INSERT INTO "alchimalia_schema"."HeroDefinitionCraftTranslations" ("Id", "HeroDefinitionCraftId", "LanguageCode", "Name", "Description", "Story") VALUES (uuid_generate_v4(), 'hero_curious_wise_creative_safe', 'ro-ro', 'Maestrul Explorator Creativ', 'Exploratorul creativ suprem, maestru al curiozitii, gndirii, creativitii i siguranei.', 'Maestrul Explorator Creativ descoper noi regnuri ale posibilitii prin gndire inovatoare i viziune artistic.') ON CONFLICT ("HeroDefinitionCraftId", "LanguageCode") DO NOTHING;
INSERT INTO "alchimalia_schema"."HeroDefinitionCraftTranslations" ("Id", "HeroDefinitionCraftId", "LanguageCode", "Name", "Description", "Story") VALUES (uuid_generate_v4(), 'hero_curious_wise_creative_safe', 'hu-hu', 'Mester Kreatv Felfedez', 'A vgs kreatv felfedez, a kvncsisg, gondolkods, kreativits s biztonsg mestere.', 'A Mester Kreatv Felfedez j lehetsgek birodalmait fedez fel innovatv gondolkodson s mvszi ltomson keresztl.') ON CONFLICT ("HeroDefinitionCraftId", "LanguageCode") DO NOTHING;
INSERT INTO "alchimalia_schema"."HeroDefinitionDefinitions" ("Id", "CourageCost", "CuriosityCost", "ThinkingCost", "CreativityCost", "SafetyCost", "PrerequisitesJson", "RewardsJson", "IsUnlocked", "PositionX", "PositionY", "Image", "Status", "Version", "BaseVersion", "LastPublishedVersion", "PublishedByUserId", "CreatedAt", "UpdatedAt", "PublishedAtUtc") VALUES ('hero_alchimalian_dragon', 5, 5, 5, 5, 5, '["hero_brave_puppy","hero_curious_cat","hero_wise_owl","hero_playful_horse","hero_cautious_hedgehog"]', '[]', false, 0, -600, 'images/toh/heroes/hero_alchimalian_dragon.jpg', 'published', 1, 0, 0, NULL, now() at time zone 'utc', now() at time zone 'utc', now() at time zone 'utc') ON CONFLICT ("Id") DO NOTHING;
INSERT INTO "alchimalia_schema"."HeroDefinitionCrafts" ("Id", "PublishedDefinitionId", "CourageCost", "CuriosityCost", "ThinkingCost", "CreativityCost", "SafetyCost", "PrerequisitesJson", "RewardsJson", "IsUnlocked", "PositionX", "PositionY", "Image", "Status", "BaseVersion", "LastDraftVersion", "CreatedByUserId", "AssignedReviewerUserId", "ReviewedByUserId", "ApprovedByUserId", "ReviewNotes", "ReviewStartedAt", "ReviewEndedAt", "CreatedAt", "UpdatedAt") VALUES ('hero_alchimalian_dragon', 'hero_alchimalian_dragon', 5, 5, 5, 5, 5, '["hero_brave_puppy","hero_curious_cat","hero_wise_owl","hero_playful_horse","hero_cautious_hedgehog"]', '[]', false, 0, -600, 'images/toh/heroes/hero_alchimalian_dragon.jpg', 'published', 0, 0, NULL, NULL, NULL, NULL, NULL, NULL, NULL, now() at time zone 'utc', now() at time zone 'utc') ON CONFLICT ("Id") DO NOTHING;
INSERT INTO "alchimalia_schema"."HeroDefinitionDefinitionTranslations" ("Id", "HeroDefinitionDefinitionId", "LanguageCode", "Name", "Description", "Story") VALUES (uuid_generate_v4(), 'hero_alchimalian_dragon', 'en-us', 'Alchimalian Dragon', 'The ultimate hero, embodying all traits to perfection.', 'This mighty dragon represents the pinnacle of courage, curiosity, thinking, creativity, and safety.') ON CONFLICT ("HeroDefinitionDefinitionId", "LanguageCode") DO NOTHING;
INSERT INTO "alchimalia_schema"."HeroDefinitionDefinitionTranslations" ("Id", "HeroDefinitionDefinitionId", "LanguageCode", "Name", "Description", "Story") VALUES (uuid_generate_v4(), 'hero_alchimalian_dragon', 'ro-ro', 'Legendarul Dragon Alchimalian', 'Legendarul dragon care ncorporeaz perfeciunea tuturor trsturilor eroice...', 'Legendarul Dragon Alchimalian ncorporeaz perfeciunea echilibrului cosmic.') ON CONFLICT ("HeroDefinitionDefinitionId", "LanguageCode") DO NOTHING;
INSERT INTO "alchimalia_schema"."HeroDefinitionDefinitionTranslations" ("Id", "HeroDefinitionDefinitionId", "LanguageCode", "Name", "Description", "Story") VALUES (uuid_generate_v4(), 'hero_alchimalian_dragon', 'hu-hu', 'Legends Alchimalia Srkny', 'A legends srkny, aki a hsies tulajdonsgok tkletessgt testesti meg...', 'A Legends Alchimalia Srkny a kozmikus egyensly tkletessgt testesti meg.') ON CONFLICT ("HeroDefinitionDefinitionId", "LanguageCode") DO NOTHING;
INSERT INTO "alchimalia_schema"."HeroDefinitionCraftTranslations" ("Id", "HeroDefinitionCraftId", "LanguageCode", "Name", "Description", "Story") VALUES (uuid_generate_v4(), 'hero_alchimalian_dragon', 'en-us', 'Alchimalian Dragon', 'The ultimate hero, embodying all traits to perfection.', 'This mighty dragon represents the pinnacle of courage, curiosity, thinking, creativity, and safety.') ON CONFLICT ("HeroDefinitionCraftId", "LanguageCode") DO NOTHING;
INSERT INTO "alchimalia_schema"."HeroDefinitionCraftTranslations" ("Id", "HeroDefinitionCraftId", "LanguageCode", "Name", "Description", "Story") VALUES (uuid_generate_v4(), 'hero_alchimalian_dragon', 'ro-ro', 'Legendarul Dragon Alchimalian', 'Legendarul dragon care ncorporeaz perfeciunea tuturor trsturilor eroice...', 'Legendarul Dragon Alchimalian ncorporeaz perfeciunea echilibrului cosmic.') ON CONFLICT ("HeroDefinitionCraftId", "LanguageCode") DO NOTHING;
INSERT INTO "alchimalia_schema"."HeroDefinitionCraftTranslations" ("Id", "HeroDefinitionCraftId", "LanguageCode", "Name", "Description", "Story") VALUES (uuid_generate_v4(), 'hero_alchimalian_dragon', 'hu-hu', 'Legends Alchimalia Srkny', 'A legends srkny, aki a hsies tulajdonsgok tkletessgt testesti meg...', 'A Legends Alchimalia Srkny a kozmikus egyensly tkletessgt testesti meg.') ON CONFLICT ("HeroDefinitionCraftId", "LanguageCode") DO NOTHING;

-- Discovery Bestiary Items
INSERT INTO "alchimalia_schema"."BestiaryItems" ("Id", "ArmsKey", "BodyKey", "HeadKey", "Name", "Story", "CreatedAt") SELECT uuid_generate_v4(), 'Bunny', 'Giraffe', '', 'Iepurafa', 'n ramurile Copacului Luminii s-a nscut Iepurafa, o creatur unic, jumtate iepure, jumtate giraf. Braele sale scurte i sprintene sap tuneluri i aprind focuri vii, iar trupul su nalt, mpodobit cu pete strlucitoare, vede departe n zri unde alii nu pot ajunge.

Legenda spune c Iepurafa s-a ivit atunci cnd un iepure mic i curajos s-a ascuns la rdcina unei girafe btrne, n timp ce ntunericul devora savana. Din mbriarea lor disperat, Copacul Luminii a mpletit dou spirite ntr-un singur trup.

Iepurafa este un paznic al orizonturilor. Cnd alearg prin iarb, pmntul tresalt de bucurie. Cnd se ridic la lupt, umbrele fug ruinate. ns puterea lui nu st doar n vitez sau nlime, ci n prietenia pe care o ofer celor ce rtcesc printre ramurile lumilor.

Spiritele vechi spun c Iepurafa va fi mereu acolo unde cineva ncearc s repare ce a fost rupt, aducnd curaj i speran.', now() at time zone 'utc' WHERE NOT EXISTS (SELECT 1 FROM "alchimalia_schema"."BestiaryItems" b WHERE b."ArmsKey" = 'Bunny' AND b."BodyKey" = 'Giraffe' AND b."HeadKey" = '');
INSERT INTO "alchimalia_schema"."BestiaryItems" ("Id", "ArmsKey", "BodyKey", "HeadKey", "Name", "Story", "CreatedAt") SELECT uuid_generate_v4(), 'Bunny', 'Hippo', '', 'Iepopotam', 'Iepopotam s-a nscut atunci cnd un iepure i un hipopotam s-au ntlnit n mijlocul unei furtuni de ape negre. Din prietenia lor neateptat, Copacul Luminii a mpletit agilitatea iepurelui cu fora hipopotamului. Iepopotamul este blnd i protector: cu braele sale sprintene sap ascunziuri, iar cu trupul su puternic deschide drumuri prin ape. El aduce linite acolo unde e team i ridic poduri de ncredere ntre lumi.', now() at time zone 'utc' WHERE NOT EXISTS (SELECT 1 FROM "alchimalia_schema"."BestiaryItems" b WHERE b."ArmsKey" = 'Bunny' AND b."BodyKey" = 'Hippo' AND b."HeadKey" = '');
INSERT INTO "alchimalia_schema"."BestiaryItems" ("Id", "ArmsKey", "BodyKey", "HeadKey", "Name", "Story", "CreatedAt") SELECT uuid_generate_v4(), 'Giraffe', 'Hippo', '', 'Girafopotam', 'Girafopotam este o creatur nscut din visul unei girafe care privea spre stele i din cntecul unui hipopotam care rsuna sub ape. Copacul Luminii i-a unit ntr-un singur trup pentru a da echilibru: nlimea girafei i stabilitatea hipopotamului. El vegheaz peste savanele de lumin i apele adnci, cutnd s uneasc cerul cu pmntul. Girafopotamul este un mediator ntre lumi, aducnd nelepciune i putere blnd.', now() at time zone 'utc' WHERE NOT EXISTS (SELECT 1 FROM "alchimalia_schema"."BestiaryItems" b WHERE b."ArmsKey" = 'Giraffe' AND b."BodyKey" = 'Hippo' AND b."HeadKey" = '');
INSERT INTO "alchimalia_schema"."BestiaryItems" ("Id", "ArmsKey", "BodyKey", "HeadKey", "Name", "Story", "CreatedAt") SELECT uuid_generate_v4(), 'Bunny', 'Giraffe', 'Hippo', 'Iepurafopotam', 'Iepurafopotam este un erou legendar, nscut dintr-o alian imposibil: un iepure, o giraf i un hipopotam care au ales s-i uneasc destinele. Copacul Luminii a vzut curajul lor i le-a dat o singur inim. Cu braele iepurelui, el ajut i protejeaz. Cu trupul girafei, vede departe. Cu capul hipopotamului, inspir linite i nelepciune. El este un simbol al diversitii i al prieteniei dintre lumi diferite.', now() at time zone 'utc' WHERE NOT EXISTS (SELECT 1 FROM "alchimalia_schema"."BestiaryItems" b WHERE b."ArmsKey" = 'Bunny' AND b."BodyKey" = 'Giraffe' AND b."HeadKey" = 'Hippo');
INSERT INTO "alchimalia_schema"."BestiaryItems" ("Id", "ArmsKey", "BodyKey", "HeadKey", "Name", "Story", "CreatedAt") SELECT uuid_generate_v4(), 'Giraffe', 'Bunny', '', 'Girafon', 'Girafon s-a nscut atunci cnd braele unei girafe au mbriat un iepure mic care tremura n noapte. Din acea clip, Copacul Luminii i-a unit ntr-un hibrid neobinuit. Girafon este jucu i nenfricat: folosete braele lungi pentru a aduna stele i trupul de iepure pentru a sri printre umbre. El este un spirit al bucuriei, aducnd rsete i lumin oriunde ajunge.', now() at time zone 'utc' WHERE NOT EXISTS (SELECT 1 FROM "alchimalia_schema"."BestiaryItems" b WHERE b."ArmsKey" = 'Giraffe' AND b."BodyKey" = 'Bunny' AND b."HeadKey" = '');
INSERT INTO "alchimalia_schema"."BestiaryItems" ("Id", "ArmsKey", "BodyKey", "HeadKey", "Name", "Story", "CreatedAt") SELECT uuid_generate_v4(), 'Giraffe', 'Hippo', 'Bunny', 'Girafopotaniu', 'Girafopotaniu s-a nscut n mijlocul unei furtuni de stele, atunci cnd o giraf, un hipopotam i un iepure au jurat s apere Copacul Luminii. Din jurmntul lor, ramurile au unit trei spirite ntr-un singur trup. El este un simbol al prieteniei ntre fiine complet diferite. Cu braele girafei ridic lumina spre cer, cu trupul hipopotamului protejeaz pmntul, iar cu capul iepurelui aduce zmbete i speran. Girafopotaniu este vzut ca un gardian al echilibrului.', now() at time zone 'utc' WHERE NOT EXISTS (SELECT 1 FROM "alchimalia_schema"."BestiaryItems" b WHERE b."ArmsKey" = 'Giraffe' AND b."BodyKey" = 'Hippo' AND b."HeadKey" = 'Bunny');
INSERT INTO "alchimalia_schema"."BestiaryItems" ("Id", "ArmsKey", "BodyKey", "HeadKey", "Name", "Story", "CreatedAt") SELECT uuid_generate_v4(), 'Hippo', 'Bunny', '', 'Hipuril', 'Hipuril s-a nscut dintr-un vis jucu n care un iepure a cerut puterea unui hipopotam. Copacul Luminii i-a unit ntr-o fiin echilibrat: mic dar puternic, blnd dar hotrt. Hipuril folosete braele hipopotamului pentru a proteja i trupul de iepure pentru a sri printre obstacole. El aduce curaj celor mici i le arat c mrimea nu definete puterea unui suflet.', now() at time zone 'utc' WHERE NOT EXISTS (SELECT 1 FROM "alchimalia_schema"."BestiaryItems" b WHERE b."ArmsKey" = 'Hippo' AND b."BodyKey" = 'Bunny' AND b."HeadKey" = '');
INSERT INTO "alchimalia_schema"."BestiaryItems" ("Id", "ArmsKey", "BodyKey", "HeadKey", "Name", "Story", "CreatedAt") SELECT uuid_generate_v4(), 'Hippo', 'Giraffe', '', 'Hipogira', 'Hipogira s-a nscut atunci cnd un hipopotam a jurat s apere o giraf rtcit de ntuneric. Copacul Luminii i-a unit ntr-o singur fiin pentru a pstra promisiunea lor. Ea este puternic i neleapt, ridicnd poduri ntre cer i pmnt. Hipogira este cunoscut drept spiritul care aduce echilibru ntre for i graie.', now() at time zone 'utc' WHERE NOT EXISTS (SELECT 1 FROM "alchimalia_schema"."BestiaryItems" b WHERE b."ArmsKey" = 'Hippo' AND b."BodyKey" = 'Giraffe' AND b."HeadKey" = '');
INSERT INTO "alchimalia_schema"."BestiaryItems" ("Id", "ArmsKey", "BodyKey", "HeadKey", "Name", "Story", "CreatedAt") SELECT uuid_generate_v4(), 'Hippo', 'Bunny', 'Giraffe', 'Hipurafon', 'Hipurafon este o creatur a contrastelor, nscut atunci cnd trei lumi s-au ciocnit n Copacul Luminii. Din hipopotam a primit puterea, din iepure agilitatea i din giraf viziunea. El cutreier ramurile copacului cutnd armonia ntre extreme. Hipurafon este adesea descris ca un spirit care arat c adevrata putere vine din unirea celor diferii.', now() at time zone 'utc' WHERE NOT EXISTS (SELECT 1 FROM "alchimalia_schema"."BestiaryItems" b WHERE b."ArmsKey" = 'Hippo' AND b."BodyKey" = 'Bunny' AND b."HeadKey" = 'Giraffe');
INSERT INTO "alchimalia_schema"."BestiaryItems" ("Id", "ArmsKey", "BodyKey", "HeadKey", "Name", "Story", "CreatedAt") SELECT uuid_generate_v4(), 'Bunny', 'Hippo', 'Giraffe', 'Iepopotira', 'Iepopotira s-a nscut n mijlocul unei furtuni de lumin, atunci cnd trei prieteni  un iepure, un hipopotam i o giraf  au ncercat s repare o ramur rupt a Copacului Luminii. Sacrificiul lor a fost transformat n magie, i astfel s-a nscut aceast creatur unic. Iepopotira este un paznic blnd, care poart n el sperana i curajul prieteniei.', now() at time zone 'utc' WHERE NOT EXISTS (SELECT 1 FROM "alchimalia_schema"."BestiaryItems" b WHERE b."ArmsKey" = 'Bunny' AND b."BodyKey" = 'Hippo' AND b."HeadKey" = 'Giraffe');
INSERT INTO "alchimalia_schema"."BestiaryItems" ("Id", "ArmsKey", "BodyKey", "HeadKey", "Name", "Story", "CreatedAt") SELECT uuid_generate_v4(), 'Giraffe', '', 'Hippo', 'Girafopotir', 'Girafopotir s-a nscut dintr-un legmnt ntre un hipopotam i o giraf care au vegheat mpreun asupra unei ramuri czute a Copacului Luminii. Copacul le-a unit forele i le-a oferit un singur trup. Girafopotir este un spirit al echilibrului ntre putere i blndee, purtnd n el nelepciunea celor dou lumi.', now() at time zone 'utc' WHERE NOT EXISTS (SELECT 1 FROM "alchimalia_schema"."BestiaryItems" b WHERE b."ArmsKey" = 'Giraffe' AND b."BodyKey" = '' AND b."HeadKey" = 'Hippo');
INSERT INTO "alchimalia_schema"."BestiaryItems" ("Id", "ArmsKey", "BodyKey", "HeadKey", "Name", "Story", "CreatedAt") SELECT uuid_generate_v4(), 'Bunny', '', 'Hippo', 'Iepurotam', 'Iepurotam s-a ivit atunci cnd un iepure i un hipopotam au stat mpreun sub furtuna nopii. Copacul Luminii i-a mpletit ntr-un singur trup, pstrnd agilitatea iepurelui i nelepciunea hipopotamului. Iepurotam este un simbol al solidaritii i al prieteniei dintre cei mici i cei mari.', now() at time zone 'utc' WHERE NOT EXISTS (SELECT 1 FROM "alchimalia_schema"."BestiaryItems" b WHERE b."ArmsKey" = 'Bunny' AND b."BodyKey" = '' AND b."HeadKey" = 'Hippo');
INSERT INTO "alchimalia_schema"."BestiaryItems" ("Id", "ArmsKey", "BodyKey", "HeadKey", "Name", "Story", "CreatedAt") SELECT uuid_generate_v4(), 'Hippo', '', 'Bunny', 'Hiponel', 'Hiponel a aprut atunci cnd un iepure a cerut protecia unui hipopotam pentru a supravieui ntunericului. Copacul Luminii le-a unit sufletele i a dat via acestei fiine jucue, dar puternice. Hiponel este un protector vesel, aducnd speran acolo unde e team.', now() at time zone 'utc' WHERE NOT EXISTS (SELECT 1 FROM "alchimalia_schema"."BestiaryItems" b WHERE b."ArmsKey" = 'Hippo' AND b."BodyKey" = '' AND b."HeadKey" = 'Bunny');
INSERT INTO "alchimalia_schema"."BestiaryItems" ("Id", "ArmsKey", "BodyKey", "HeadKey", "Name", "Story", "CreatedAt") SELECT uuid_generate_v4(), '', 'Bunny', 'Hippo', 'Iepuripos', 'Iepuripos s-a nscut atunci cnd un iepure a visat s aib puterea unui hipopotam. Copacul Luminii a transformat visul n realitate, unind dou lumi opuse. Iepuripos este blnd i panic, dar are o for ascuns care se trezete pentru a apra lumina. El este un simbol al visurilor mplinite.', now() at time zone 'utc' WHERE NOT EXISTS (SELECT 1 FROM "alchimalia_schema"."BestiaryItems" b WHERE b."ArmsKey" = '' AND b."BodyKey" = 'Bunny' AND b."HeadKey" = 'Hippo');
INSERT INTO "alchimalia_schema"."BestiaryItems" ("Id", "ArmsKey", "BodyKey", "HeadKey", "Name", "Story", "CreatedAt") SELECT uuid_generate_v4(), '', 'Giraffe', 'Hippo', 'Girafotam', 'Girafotam s-a ivit atunci cnd un hipopotam a cutat nlimea unei girafe pentru a veghea peste savan. Copacul Luminii i-a unit i le-a oferit un trup comun. Girafotam este un spirit al stabilitii, pstrnd echilibrul ntre ape i cer. El este un protector al orizonturilor.', now() at time zone 'utc' WHERE NOT EXISTS (SELECT 1 FROM "alchimalia_schema"."BestiaryItems" b WHERE b."ArmsKey" = '' AND b."BodyKey" = 'Giraffe' AND b."HeadKey" = 'Hippo');
INSERT INTO "alchimalia_schema"."BestiaryItems" ("Id", "ArmsKey", "BodyKey", "HeadKey", "Name", "Story", "CreatedAt") SELECT uuid_generate_v4(), '', 'Hippo', 'Giraffe', 'Hipogirafon', 'Hipogirafon s-a nscut atunci cnd un hipopotam a visat s priveasc mai departe dect orizontul apelor. Copacul Luminii i-a unit cu spiritul unei girafe i i-a dat trup comun. Hipogirafon este un spirit al viziunii i al rezistenei, unind stabilitatea apelor cu nlimea cerului.', now() at time zone 'utc' WHERE NOT EXISTS (SELECT 1 FROM "alchimalia_schema"."BestiaryItems" b WHERE b."ArmsKey" = '' AND b."BodyKey" = 'Hippo' AND b."HeadKey" = 'Giraffe');
INSERT INTO "alchimalia_schema"."BestiaryItems" ("Id", "ArmsKey", "BodyKey", "HeadKey", "Name", "Story", "CreatedAt") SELECT uuid_generate_v4(), 'Bunny', '', 'Giraffe', 'Iepurafon', 'Iepurafon a fost creat atunci cnd un iepure i o giraf au ncercat mpreun s lumineze o ramur czut a Copacului Luminii. Magia i-a unit ntr-un singur trup. Iepurafon este un spirit al curajului i al prieteniei, capabil s aduc speran i lumin n ntuneric.', now() at time zone 'utc' WHERE NOT EXISTS (SELECT 1 FROM "alchimalia_schema"."BestiaryItems" b WHERE b."ArmsKey" = 'Bunny' AND b."BodyKey" = '' AND b."HeadKey" = 'Giraffe');
INSERT INTO "alchimalia_schema"."BestiaryItems" ("Id", "ArmsKey", "BodyKey", "HeadKey", "Name", "Story", "CreatedAt") SELECT uuid_generate_v4(), 'Giraffe', '', 'Bunny', 'Girafurel', 'Girafurel s-a ivit din rsul unui iepure care s-a agat de gtul unei girafe. Copacul Luminii a gsit bucuria lor i le-a dat un trup comun. Girafurel este jucu i vesel, dar are i o inim mare, gata s apere lumina. El este adesea descris ca un spirit al optimismului.', now() at time zone 'utc' WHERE NOT EXISTS (SELECT 1 FROM "alchimalia_schema"."BestiaryItems" b WHERE b."ArmsKey" = 'Giraffe' AND b."BodyKey" = '' AND b."HeadKey" = 'Bunny');
INSERT INTO "alchimalia_schema"."BestiaryItems" ("Id", "ArmsKey", "BodyKey", "HeadKey", "Name", "Story", "CreatedAt") SELECT uuid_generate_v4(), 'Hippo', '', 'Giraffe', 'Hipofiraf', 'Hipofiraf s-a nscut cnd un hipopotam i o giraf au vegheat mpreun peste savan. Copacul Luminii i-a unit i le-a oferit o inim comun. Hipofiraf este un spirit al vigilenei, aducnd echilibru ntre for i claritate. El este un protector al nopilor nstelate.', now() at time zone 'utc' WHERE NOT EXISTS (SELECT 1 FROM "alchimalia_schema"."BestiaryItems" b WHERE b."ArmsKey" = 'Hippo' AND b."BodyKey" = '' AND b."HeadKey" = 'Giraffe');
INSERT INTO "alchimalia_schema"."BestiaryItems" ("Id", "ArmsKey", "BodyKey", "HeadKey", "Name", "Story", "CreatedAt") SELECT uuid_generate_v4(), '', 'Hippo', 'Bunny', 'Hiponelu', 'Hiponelu a aprut atunci cnd un iepure a adormit pe spatele unui hipopotam sub razele Copacului Luminii. Magia i-a unit i a dat natere unei creaturi panice i curajoase. Hiponelu este cunoscut ca un spirit al prieteniei i al jocului, aducnd zmbete oriunde ajunge.', now() at time zone 'utc' WHERE NOT EXISTS (SELECT 1 FROM "alchimalia_schema"."BestiaryItems" b WHERE b."ArmsKey" = '' AND b."BodyKey" = 'Hippo' AND b."HeadKey" = 'Bunny');
INSERT INTO "alchimalia_schema"."BestiaryItems" ("Id", "ArmsKey", "BodyKey", "HeadKey", "Name", "Story", "CreatedAt") SELECT uuid_generate_v4(), '', 'Bunny', 'Giraffe', 'Iepurafira', 'Iepurafira s-a nscut atunci cnd un iepure a cerut ajutorul unei girafe pentru a veghea peste o poian. Copacul Luminii le-a unit sufletele i a creat aceast fiin unic. Iepurafira este un spirit al vigilenei i al compasiunii, mereu prezent pentru a aduce echilibru ntre fragilitate i mreie.', now() at time zone 'utc' WHERE NOT EXISTS (SELECT 1 FROM "alchimalia_schema"."BestiaryItems" b WHERE b."ArmsKey" = '' AND b."BodyKey" = 'Bunny' AND b."HeadKey" = 'Giraffe');
INSERT INTO "alchimalia_schema"."BestiaryItems" ("Id", "ArmsKey", "BodyKey", "HeadKey", "Name", "Story", "CreatedAt") SELECT uuid_generate_v4(), 'Bunny', 'Hippo', 'Giraffe', 'Iepogiraf', 'Iepogiraf este rezultatul unei prietenii ntre trei creaturi care au luptat mpreun s salveze o ramur a Copacului Luminii. Din unitatea lor s-a nscut o fiin ce poart agilitatea iepurelui, puterea hipopotamului i viziunea girafei. Iepogiraf este un spirit al unitii i al ncrederii.', now() at time zone 'utc' WHERE NOT EXISTS (SELECT 1 FROM "alchimalia_schema"."BestiaryItems" b WHERE b."ArmsKey" = 'Bunny' AND b."BodyKey" = 'Hippo' AND b."HeadKey" = 'Giraffe');
INSERT INTO "alchimalia_schema"."BestiaryItems" ("Id", "ArmsKey", "BodyKey", "HeadKey", "Name", "Story", "CreatedAt") SELECT uuid_generate_v4(), 'Hippo', 'Giraffe', 'Bunny', 'Hipogiriel', 'Hipogiriel s-a nscut n clipa n care un hipopotam, o giraf i un iepure au ridicat mpreun privirea spre lumina Copacului. Spiritele lor s-au unit ntr-o fiin nou. Hipogiriel este un spirit al colaborrii i al echilibrului, aducnd pace i nelepciune n luptele dintre lumi.', now() at time zone 'utc' WHERE NOT EXISTS (SELECT 1 FROM "alchimalia_schema"."BestiaryItems" b WHERE b."ArmsKey" = 'Hippo' AND b."BodyKey" = 'Giraffe' AND b."HeadKey" = 'Bunny');
INSERT INTO "alchimalia_schema"."BestiaryItems" ("Id", "ArmsKey", "BodyKey", "HeadKey", "Name", "Story", "CreatedAt") SELECT uuid_generate_v4(), 'Giraffe', 'Bunny', 'Hippo', 'Girafopam', 'Girafopam a aprut atunci cnd trei creaturi au jurat s apere mpreun ramurile copacului. Din prietenia lor, Copacul Luminii a creat un trup comun. Girafopam este un spirit al unitii i al prieteniei, purtnd n el sperana de a uni lumi diferite.', now() at time zone 'utc' WHERE NOT EXISTS (SELECT 1 FROM "alchimalia_schema"."BestiaryItems" b WHERE b."ArmsKey" = 'Giraffe' AND b."BodyKey" = 'Bunny' AND b."HeadKey" = 'Hippo');
INSERT INTO "alchimalia_schema"."BestiaryItems" ("Id", "ArmsKey", "BodyKey", "HeadKey", "Name", "Story", "CreatedAt") SELECT uuid_generate_v4(), '', 'Hippo', 'Giraffe', 'Hiporaf', 'Hiporaf s-a nscut atunci cnd un hipopotam a cerut nlimea girafei pentru a veghea mai departe. Copacul Luminii a rspuns unindu-i ntr-o fiin unic. Hiporaf este un spirit al vigilenei i al rezistenei, aducnd protecie i speran.', now() at time zone 'utc' WHERE NOT EXISTS (SELECT 1 FROM "alchimalia_schema"."BestiaryItems" b WHERE b."ArmsKey" = '' AND b."BodyKey" = 'Hippo' AND b."HeadKey" = 'Giraffe');
INSERT INTO "alchimalia_schema"."BestiaryItems" ("Id", "ArmsKey", "BodyKey", "HeadKey", "Name", "Story", "CreatedAt") SELECT uuid_generate_v4(), 'Hippo', 'Giraffe', '', 'Hipogaf', 'Hipogaf s-a nscut cnd un hipopotam i o giraf au aprat mpreun o ramur a Copacului Luminii. Din sacrificiul lor, copacul i-a unit ntr-un singur trup. Hipogaf este un spirit al rezistenei i claritii, capabil s protejeze i s vegheze asupra celor pierdui.', now() at time zone 'utc' WHERE NOT EXISTS (SELECT 1 FROM "alchimalia_schema"."BestiaryItems" b WHERE b."ArmsKey" = 'Hippo' AND b."BodyKey" = 'Giraffe' AND b."HeadKey" = '');
INSERT INTO "alchimalia_schema"."BestiaryItems" ("Id", "ArmsKey", "BodyKey", "HeadKey", "Name", "Story", "CreatedAt") SELECT uuid_generate_v4(), 'Bunny', '', 'Giraffe', 'Iepugaf', 'Iepugaf a aprut atunci cnd un iepure a dorit s vad lumea de sus prin ochii unei girafe. Copacul Luminii a unit dorina lor ntr-un singur trup. Iepugaf este un spirit al curiozitii i al prieteniei, inspirnd pe cei mici s viseze mai departe.', now() at time zone 'utc' WHERE NOT EXISTS (SELECT 1 FROM "alchimalia_schema"."BestiaryItems" b WHERE b."ArmsKey" = 'Bunny' AND b."BodyKey" = '' AND b."HeadKey" = 'Giraffe');
INSERT INTO "alchimalia_schema"."BestiaryItems" ("Id", "ArmsKey", "BodyKey", "HeadKey", "Name", "Story", "CreatedAt") SELECT uuid_generate_v4(), '', 'Giraffe', 'Bunny', 'Girafunel', 'Girafunel s-a nscut atunci cnd un iepure s-a urcat pe umerii unei girafe pentru a privi cerul. Copacul Luminii a vzut bucuria lor i i-a unit ntr-un trup comun. Girafunel este un spirit jucu i prietenos, aducnd veselie i speran peste tot.', now() at time zone 'utc' WHERE NOT EXISTS (SELECT 1 FROM "alchimalia_schema"."BestiaryItems" b WHERE b."ArmsKey" = '' AND b."BodyKey" = 'Giraffe' AND b."HeadKey" = 'Bunny');
INSERT INTO "alchimalia_schema"."BestiaryItems" ("Id", "ArmsKey", "BodyKey", "HeadKey", "Name", "Story", "CreatedAt") SELECT uuid_generate_v4(), 'Hippo', 'Bunny', 'Giraffe', 'Hiponaf', 'Hiponaf a aprut atunci cnd un hipopotam, un iepure i o giraf au legat o prietenie imposibil. Copacul Luminii i-a unit pentru a arta c diferenele pot deveni puteri. Hiponaf este un spirit al colaborrii i al prieteniei, un protector vesel al ramurilor.', now() at time zone 'utc' WHERE NOT EXISTS (SELECT 1 FROM "alchimalia_schema"."BestiaryItems" b WHERE b."ArmsKey" = 'Hippo' AND b."BodyKey" = 'Bunny' AND b."HeadKey" = 'Giraffe');
INSERT INTO "alchimalia_schema"."BestiaryItems" ("Id", "ArmsKey", "BodyKey", "HeadKey", "Name", "Story", "CreatedAt") SELECT uuid_generate_v4(), 'Giraffe', 'Hippo', 'Bunny', 'Girafotinel', 'Girafotinel s-a nscut atunci cnd o giraf i un hipopotam au protejat un iepure de ntuneric. Copacul Luminii le-a rspltit prietenia cu un trup comun. Girafotinel este un spirit al proteciei i al bucuriei, pstrnd echilibrul ntre for i blndee.', now() at time zone 'utc' WHERE NOT EXISTS (SELECT 1 FROM "alchimalia_schema"."BestiaryItems" b WHERE b."ArmsKey" = 'Giraffe' AND b."BodyKey" = 'Hippo' AND b."HeadKey" = 'Bunny');
INSERT INTO "alchimalia_schema"."BestiaryItems" ("Id", "ArmsKey", "BodyKey", "HeadKey", "Name", "Story", "CreatedAt") SELECT uuid_generate_v4(), 'Bunny', 'Giraffe', 'Hippo', 'Iepogafotam', 'Iepogafotam s-a nscut dintr-o alian ntre un iepure curajos, o giraf neleapt i un hipopotam puternic. Copacul Luminii i-a unit ntr-un singur trup pentru a veghea peste ramurile fragile. Iepogafotam este un spirit al unitii i al speranei, aducnd echilibru ntre vitez, nlime i for.', now() at time zone 'utc' WHERE NOT EXISTS (SELECT 1 FROM "alchimalia_schema"."BestiaryItems" b WHERE b."ArmsKey" = 'Bunny' AND b."BodyKey" = 'Giraffe' AND b."HeadKey" = 'Hippo');
INSERT INTO "alchimalia_schema"."BestiaryItems" ("Id", "ArmsKey", "BodyKey", "HeadKey", "Name", "Story", "CreatedAt") SELECT uuid_generate_v4(), '', 'Bunny', 'Hippo', 'Iepuripotam', 'Iepuripotam a aprut atunci cnd un iepure a cerut protecia unui hipopotam pentru a apra poiana sa. Copacul Luminii i-a unit ntr-un trup comun. Iepuripotam este un spirit protector i blnd, care aduce linite celor nfricoai.', now() at time zone 'utc' WHERE NOT EXISTS (SELECT 1 FROM "alchimalia_schema"."BestiaryItems" b WHERE b."ArmsKey" = '' AND b."BodyKey" = 'Bunny' AND b."HeadKey" = 'Hippo');
INSERT INTO "alchimalia_schema"."BestiaryItems" ("Id", "ArmsKey", "BodyKey", "HeadKey", "Name", "Story", "CreatedAt") SELECT uuid_generate_v4(), 'Giraffe', '', 'Hippo', 'Girafotamiel', 'Girafotamiel s-a nscut atunci cnd o giraf a ridicat privirea spre stele i un hipopotam a cntat n apele adnci. Copacul Luminii a unit cntecul i visul lor ntr-un trup comun. Girafotamiel este un spirit al armoniei i al linitii, aducnd pace ntre cer i ap.', now() at time zone 'utc' WHERE NOT EXISTS (SELECT 1 FROM "alchimalia_schema"."BestiaryItems" b WHERE b."ArmsKey" = 'Giraffe' AND b."BodyKey" = '' AND b."HeadKey" = 'Hippo');
INSERT INTO "alchimalia_schema"."BestiaryItems" ("Id", "ArmsKey", "BodyKey", "HeadKey", "Name", "Story", "CreatedAt") SELECT uuid_generate_v4(), 'Hippo', '', 'Bunny', 'Hipopurel', 'Hipopurel s-a ivit atunci cnd un iepure i un hipopotam s-au ascuns mpreun de umbre. Copacul Luminii le-a unit sufletele pentru a crea un protector jucu. Hipopurel este un spirit vesel, dar hotrt, gata s apere lumina.', now() at time zone 'utc' WHERE NOT EXISTS (SELECT 1 FROM "alchimalia_schema"."BestiaryItems" b WHERE b."ArmsKey" = 'Hippo' AND b."BodyKey" = '' AND b."HeadKey" = 'Bunny');
INSERT INTO "alchimalia_schema"."BestiaryItems" ("Id", "ArmsKey", "BodyKey", "HeadKey", "Name", "Story", "CreatedAt") SELECT uuid_generate_v4(), '', 'Giraffe', 'Hippo', 'Girafopotir', 'Girafopotir s-a nscut cnd o giraf i un hipopotam au vegheat mpreun peste ramurile fragile ale Copacului Luminii. Din prietenia lor s-a nscut aceast fiin unic, un spirit al rezistenei i al stabilitii.', now() at time zone 'utc' WHERE NOT EXISTS (SELECT 1 FROM "alchimalia_schema"."BestiaryItems" b WHERE b."ArmsKey" = '' AND b."BodyKey" = 'Giraffe' AND b."HeadKey" = 'Hippo');
INSERT INTO "alchimalia_schema"."BestiaryItems" ("Id", "ArmsKey", "BodyKey", "HeadKey", "Name", "Story", "CreatedAt") SELECT uuid_generate_v4(), 'Hippo', 'Bunny', '', 'Hiponelus', 'Hiponelus s-a nscut atunci cnd un hipopotam i un iepure au mprit aceeai vizuin n mijlocul furtunii. Copacul Luminii a vzut solidaritatea lor i i-a unit ntr-un trup comun. Hiponelus este un spirit al prieteniei i al rezistenei, mereu prezent acolo unde umbrele se apropie.', now() at time zone 'utc' WHERE NOT EXISTS (SELECT 1 FROM "alchimalia_schema"."BestiaryItems" b WHERE b."ArmsKey" = 'Hippo' AND b."BodyKey" = 'Bunny' AND b."HeadKey" = '');
INSERT INTO "alchimalia_schema"."BestiaryItems" ("Id", "ArmsKey", "BodyKey", "HeadKey", "Name", "Story", "CreatedAt") SELECT uuid_generate_v4(), '', 'Hippo', 'Bunny', 'Hipuriel', 'Hipuriel a aprut atunci cnd un iepure i un hipopotam au cntat mpreun lng un lac luminat de stele. Copacul Luminii le-a mpletit cntecul i rsul ntr-un trup comun. Hipuriel este un spirit al veseliei i al armoniei, aducnd speran celor care rtcesc.', now() at time zone 'utc' WHERE NOT EXISTS (SELECT 1 FROM "alchimalia_schema"."BestiaryItems" b WHERE b."ArmsKey" = '' AND b."BodyKey" = 'Hippo' AND b."HeadKey" = 'Bunny');
INSERT INTO "alchimalia_schema"."BestiaryItems" ("Id", "ArmsKey", "BodyKey", "HeadKey", "Name", "Story", "CreatedAt") SELECT uuid_generate_v4(), 'Giraffe', 'Hippo', '', 'Girafopot', 'Girafopot s-a nscut atunci cnd o giraf i un hipopotam au vegheat mpreun peste o ramur czut. Copacul Luminii a vzut curajul lor i i-a unit ntr-un trup comun. Girafopot este un spirit al echilibrului, aducnd protecie i viziune celor care au nevoie.', now() at time zone 'utc' WHERE NOT EXISTS (SELECT 1 FROM "alchimalia_schema"."BestiaryItems" b WHERE b."ArmsKey" = 'Giraffe' AND b."BodyKey" = 'Hippo' AND b."HeadKey" = '');
INSERT INTO "alchimalia_schema"."BestiaryItems" ("Id", "ArmsKey", "BodyKey", "HeadKey", "Name", "Story", "CreatedAt") SELECT uuid_generate_v4(), 'Bunny', 'Giraffe', '', 'Iepurafonel', 'Iepurafonel s-a nscut atunci cnd un iepure a ncercat s salveze o giraf blocat ntre umbre. Copacul Luminii a unit sacrificiul lor ntr-un trup comun. Iepurafonel este un spirit al speranei i al prieteniei, aducnd curaj celor mici.', now() at time zone 'utc' WHERE NOT EXISTS (SELECT 1 FROM "alchimalia_schema"."BestiaryItems" b WHERE b."ArmsKey" = 'Bunny' AND b."BodyKey" = 'Giraffe' AND b."HeadKey" = '');
INSERT INTO "alchimalia_schema"."BestiaryItems" ("Id", "ArmsKey", "BodyKey", "HeadKey", "Name", "Story", "CreatedAt") SELECT uuid_generate_v4(), '', 'Bunny', 'Giraffe', 'Iepuragiraf', 'Iepuragiraf a aprut atunci cnd un iepure a dorit s vegheze asupra unei savane. Copacul Luminii i-a ascultat dorina i l-a unit cu spiritul unei girafe. Iepuragiraf este un spirit al responsabilitii i al bucuriei, purtnd n el dorina de a proteja.', now() at time zone 'utc' WHERE NOT EXISTS (SELECT 1 FROM "alchimalia_schema"."BestiaryItems" b WHERE b."ArmsKey" = '' AND b."BodyKey" = 'Bunny' AND b."HeadKey" = 'Giraffe');
INSERT INTO "alchimalia_schema"."BestiaryItems" ("Id", "ArmsKey", "BodyKey", "HeadKey", "Name", "Story", "CreatedAt") SELECT uuid_generate_v4(), 'Hippo', '', 'Giraffe', 'Hipogiraf', 'Hipogiraf s-a nscut atunci cnd un hipopotam a dorit s priveasc lumea prin ochii unei girafe. Copacul Luminii le-a unit visurile ntr-un trup comun. Hipogiraf este un spirit al viziunii i al stabilitii, capabil s aduc echilibru ntre for i nelepciune.', now() at time zone 'utc' WHERE NOT EXISTS (SELECT 1 FROM "alchimalia_schema"."BestiaryItems" b WHERE b."ArmsKey" = 'Hippo' AND b."BodyKey" = '' AND b."HeadKey" = 'Giraffe');
INSERT INTO "alchimalia_schema"."BestiaryItems" ("Id", "ArmsKey", "BodyKey", "HeadKey", "Name", "Story", "CreatedAt") SELECT uuid_generate_v4(), 'Giraffe', '', 'Bunny', 'Girafiep', 'Girafiep s-a ivit atunci cnd un iepure i o giraf au vegheat mpreun peste o ramur czut a Copacului Luminii. Din prietenia lor a rsrit aceast creatur unic. Girafiep este un spirit al prieteniei i al speranei, aducnd lumin acolo unde umbrele se adun.', now() at time zone 'utc' WHERE NOT EXISTS (SELECT 1 FROM "alchimalia_schema"."BestiaryItems" b WHERE b."ArmsKey" = 'Giraffe' AND b."BodyKey" = '' AND b."HeadKey" = 'Bunny');
INSERT INTO "alchimalia_schema"."BestiaryItems" ("Id", "ArmsKey", "BodyKey", "HeadKey", "Name", "Story", "CreatedAt") SELECT uuid_generate_v4(), 'Giraffe', 'Giraffe', 'Hippo', 'Girafodublu', 'Girafodublu s-a nscut cnd dou spirite de giraf au vegheat mpreun un hipopotam rtcit. Copacul Luminii le-a unit ntr-o fiin unic, nalt i puternic, dar blnd. Girafodublu este un paznic al orizonturilor, aducnd echilibru ntre for i viziune.', now() at time zone 'utc' WHERE NOT EXISTS (SELECT 1 FROM "alchimalia_schema"."BestiaryItems" b WHERE b."ArmsKey" = 'Giraffe' AND b."BodyKey" = 'Giraffe' AND b."HeadKey" = 'Hippo');
INSERT INTO "alchimalia_schema"."BestiaryItems" ("Id", "ArmsKey", "BodyKey", "HeadKey", "Name", "Story", "CreatedAt") SELECT uuid_generate_v4(), 'Giraffe', 'Giraffe', 'Bunny', 'Girafurelix', 'Girafurelix s-a ivit atunci cnd dou girafe au dorit s-i mpart nlimea cu un iepure mic. Copacul Luminii le-a unit ntr-o creatur a prieteniei i a veseliei. Girafurelix aduce speran celor mici, artnd c mreia poate fi mprtit.', now() at time zone 'utc' WHERE NOT EXISTS (SELECT 1 FROM "alchimalia_schema"."BestiaryItems" b WHERE b."ArmsKey" = 'Giraffe' AND b."BodyKey" = 'Giraffe' AND b."HeadKey" = 'Bunny');
INSERT INTO "alchimalia_schema"."BestiaryItems" ("Id", "ArmsKey", "BodyKey", "HeadKey", "Name", "Story", "CreatedAt") SELECT uuid_generate_v4(), 'Bunny', 'Bunny', 'Giraffe', 'Iepurafix', 'Iepurafix a aprut cnd doi iepuri au visat mpreun s ating cerul prin ochii unei girafe. Copacul Luminii le-a unit ntr-o singur fiin. El este un spirit al curiozitii i al curajului, srind ntre lumi i aducnd lumin n umbre.', now() at time zone 'utc' WHERE NOT EXISTS (SELECT 1 FROM "alchimalia_schema"."BestiaryItems" b WHERE b."ArmsKey" = 'Bunny' AND b."BodyKey" = 'Bunny' AND b."HeadKey" = 'Giraffe');
INSERT INTO "alchimalia_schema"."BestiaryItems" ("Id", "ArmsKey", "BodyKey", "HeadKey", "Name", "Story", "CreatedAt") SELECT uuid_generate_v4(), 'Bunny', 'Bunny', 'Hippo', 'Iepuripotix', 'Iepuripotix s-a nscut din visul a doi iepuri care au cerut fora unui hipopotam pentru a-i apra prietenii. Copacul Luminii le-a unit sufletele. El este un spirit jucu dar protector, aducnd curaj celor mici i linite celor rtcii.', now() at time zone 'utc' WHERE NOT EXISTS (SELECT 1 FROM "alchimalia_schema"."BestiaryItems" b WHERE b."ArmsKey" = 'Bunny' AND b."BodyKey" = 'Bunny' AND b."HeadKey" = 'Hippo');
INSERT INTO "alchimalia_schema"."BestiaryItems" ("Id", "ArmsKey", "BodyKey", "HeadKey", "Name", "Story", "CreatedAt") SELECT uuid_generate_v4(), 'Hippo', 'Hippo', 'Bunny', 'Hiponelix', 'Hiponelix a aprut cnd doi hipopotami au jurat s protejeze un iepure. Copacul Luminii le-a unit ntr-un singur trup. El este un spirit al blndeii i al forei, aducnd pace ntre lumi.', now() at time zone 'utc' WHERE NOT EXISTS (SELECT 1 FROM "alchimalia_schema"."BestiaryItems" b WHERE b."ArmsKey" = 'Hippo' AND b."BodyKey" = 'Hippo' AND b."HeadKey" = 'Bunny');
INSERT INTO "alchimalia_schema"."BestiaryItems" ("Id", "ArmsKey", "BodyKey", "HeadKey", "Name", "Story", "CreatedAt") SELECT uuid_generate_v4(), 'Hippo', 'Hippo', 'Giraffe', 'Hipogafix', 'Hipogafix s-a nscut atunci cnd doi hipopotami au cutat nelepciunea unei girafe. Copacul Luminii i-a unit ntr-un spirit al stabilitii i claritii. El vegheaz asupra ramurilor, aducnd echilibru ntre ap i cer.', now() at time zone 'utc' WHERE NOT EXISTS (SELECT 1 FROM "alchimalia_schema"."BestiaryItems" b WHERE b."ArmsKey" = 'Hippo' AND b."BodyKey" = 'Hippo' AND b."HeadKey" = 'Giraffe');
INSERT INTO "alchimalia_schema"."BestiaryItems" ("Id", "ArmsKey", "BodyKey", "HeadKey", "Name", "Story", "CreatedAt") SELECT uuid_generate_v4(), 'Giraffe', 'Hippo', 'Hippo', 'Girafopotix', 'Girafopotix a aprut cnd o giraf a jurat s vegheze doi hipopotami n mijlocul unei furtuni. Copacul Luminii le-a unit ntr-un singur trup. El este un spirit al proteciei i al prieteniei, purtnd n el puterea apelor i viziunea cerului.', now() at time zone 'utc' WHERE NOT EXISTS (SELECT 1 FROM "alchimalia_schema"."BestiaryItems" b WHERE b."ArmsKey" = 'Giraffe' AND b."BodyKey" = 'Hippo' AND b."HeadKey" = 'Hippo');
INSERT INTO "alchimalia_schema"."BestiaryItems" ("Id", "ArmsKey", "BodyKey", "HeadKey", "Name", "Story", "CreatedAt") SELECT uuid_generate_v4(), 'Bunny', 'Hippo', 'Hippo', 'Iepopotix', 'Iepopotix s-a nscut cnd un iepure a adus bucurie a doi hipopotami. Copacul Luminii le-a unit ntr-o fiin protectoare i vesel. El este un spirit al prieteniei i al curajului, aducnd lumin n ntuneric.', now() at time zone 'utc' WHERE NOT EXISTS (SELECT 1 FROM "alchimalia_schema"."BestiaryItems" b WHERE b."ArmsKey" = 'Bunny' AND b."BodyKey" = 'Hippo' AND b."HeadKey" = 'Hippo');
INSERT INTO "alchimalia_schema"."BestiaryItems" ("Id", "ArmsKey", "BodyKey", "HeadKey", "Name", "Story", "CreatedAt") SELECT uuid_generate_v4(), 'Bunny', 'Giraffe', 'Giraffe', 'Iepurogaf', 'Iepurogaf a aprut cnd un iepure a dorit s mprteasc jocul su cu dou girafe. Copacul Luminii le-a unit ntr-o singur fiin. El este un spirit al curiozitii i al prieteniei, unind agerimea cu mreia.', now() at time zone 'utc' WHERE NOT EXISTS (SELECT 1 FROM "alchimalia_schema"."BestiaryItems" b WHERE b."ArmsKey" = 'Bunny' AND b."BodyKey" = 'Giraffe' AND b."HeadKey" = 'Giraffe');
INSERT INTO "alchimalia_schema"."BestiaryItems" ("Id", "ArmsKey", "BodyKey", "HeadKey", "Name", "Story", "CreatedAt") SELECT uuid_generate_v4(), 'Hippo', 'Giraffe', 'Giraffe', 'Hipogirafox', 'Hipogirafox s-a ivit atunci cnd un hipopotam i dou girafe au vegheat mpreun o ramur a copacului. Din prietenia lor s-a nscut aceast fiin unic, un spirit al echilibrului i al nelepciunii.', now() at time zone 'utc' WHERE NOT EXISTS (SELECT 1 FROM "alchimalia_schema"."BestiaryItems" b WHERE b."ArmsKey" = 'Hippo' AND b."BodyKey" = 'Giraffe' AND b."HeadKey" = 'Giraffe');
INSERT INTO "alchimalia_schema"."BestiaryItems" ("Id", "ArmsKey", "BodyKey", "HeadKey", "Name", "Story", "CreatedAt") SELECT uuid_generate_v4(), 'Hippo', 'Bunny', 'Bunny', 'Hiponepix', 'Hiponepix s-a nscut cnd un hipopotam a protejat doi iepuri nfricoai de ntuneric. Copacul Luminii le-a unit ntr-un trup comun. El este un spirit al bucuriei i al rezistenei, aducnd speran celor mici.', now() at time zone 'utc' WHERE NOT EXISTS (SELECT 1 FROM "alchimalia_schema"."BestiaryItems" b WHERE b."ArmsKey" = 'Hippo' AND b."BodyKey" = 'Bunny' AND b."HeadKey" = 'Bunny');
INSERT INTO "alchimalia_schema"."BestiaryItems" ("Id", "ArmsKey", "BodyKey", "HeadKey", "Name", "Story", "CreatedAt") SELECT uuid_generate_v4(), 'Giraffe', 'Bunny', 'Bunny', 'Girafonix', 'Girafonix a aprut atunci cnd o giraf a mbriat doi iepuri. Copacul Luminii le-a unit ntr-o singur fiin. El este un spirit al compasiunii i al jocului, aducnd veselie n ramurile lumilor.', now() at time zone 'utc' WHERE NOT EXISTS (SELECT 1 FROM "alchimalia_schema"."BestiaryItems" b WHERE b."ArmsKey" = 'Giraffe' AND b."BodyKey" = 'Bunny' AND b."HeadKey" = 'Bunny');
INSERT INTO "alchimalia_schema"."BestiaryItems" ("Id", "ArmsKey", "BodyKey", "HeadKey", "Name", "Story", "CreatedAt") SELECT uuid_generate_v4(), 'Bunny', 'Hippo', 'Bunny', 'Iepopoturel', 'Iepopoturel s-a nscut atunci cnd un iepure a cerut prietenia unui hipopotam, iar Copacul Luminii le-a unit destinele. Cu brae agile i cap jucu, dar trup solid, el este un spirit al echilibrului ntre fragilitate i putere, aducnd veselie i protecie n ramurile lumilor.', now() at time zone 'utc' WHERE NOT EXISTS (SELECT 1 FROM "alchimalia_schema"."BestiaryItems" b WHERE b."ArmsKey" = 'Bunny' AND b."BodyKey" = 'Hippo' AND b."HeadKey" = 'Bunny');
INSERT INTO "alchimalia_schema"."BestiaryItems" ("Id", "ArmsKey", "BodyKey", "HeadKey", "Name", "Story", "CreatedAt") SELECT uuid_generate_v4(), 'Bunny', 'Giraffe', 'Bunny', 'Iepurafonix', 'Iepurafonix s-a ivit atunci cnd doi iepuri i-au dorit s vad lumea de sus. Copacul Luminii a rspuns i le-a oferit trupul unei girafe, dar i-a pstrat inimile i chipurile jucue. El este un spirit al viselor i al speranei, purtnd lumina copilriei n ochii si.', now() at time zone 'utc' WHERE NOT EXISTS (SELECT 1 FROM "alchimalia_schema"."BestiaryItems" b WHERE b."ArmsKey" = 'Bunny' AND b."BodyKey" = 'Giraffe' AND b."HeadKey" = 'Bunny');
INSERT INTO "alchimalia_schema"."BestiaryItems" ("Id", "ArmsKey", "BodyKey", "HeadKey", "Name", "Story", "CreatedAt") SELECT uuid_generate_v4(), 'Giraffe', 'Hippo', 'Giraffe', 'Girafopotrel', 'Girafopotrel a aprut atunci cnd dou girafe au vegheat un hipopotam rtcit sub lumina stelelor. Copacul Luminii le-a unit pentru a pstra echilibrul ntre cer i ap. El este un spirit al proteciei i al claritii, aducnd viziune i putere blnd.', now() at time zone 'utc' WHERE NOT EXISTS (SELECT 1 FROM "alchimalia_schema"."BestiaryItems" b WHERE b."ArmsKey" = 'Giraffe' AND b."BodyKey" = 'Hippo' AND b."HeadKey" = 'Giraffe');
INSERT INTO "alchimalia_schema"."BestiaryItems" ("Id", "ArmsKey", "BodyKey", "HeadKey", "Name", "Story", "CreatedAt") SELECT uuid_generate_v4(), 'Giraffe', 'Bunny', 'Giraffe', 'Girafiepix', 'Girafiepix s-a nscut atunci cnd dou girafe au protejat un iepure mic. Copacul Luminii i-a unit ntr-un singur trup, druindu-le agilitatea pmntului i viziunea cerului. El este un spirit al prieteniei i al nelepciunii, capabil s uneasc lumi opuse.', now() at time zone 'utc' WHERE NOT EXISTS (SELECT 1 FROM "alchimalia_schema"."BestiaryItems" b WHERE b."ArmsKey" = 'Giraffe' AND b."BodyKey" = 'Bunny' AND b."HeadKey" = 'Giraffe');
INSERT INTO "alchimalia_schema"."BestiaryItems" ("Id", "ArmsKey", "BodyKey", "HeadKey", "Name", "Story", "CreatedAt") SELECT uuid_generate_v4(), 'Hippo', 'Bunny', 'Hippo', 'Hipopoturel', 'Hipopoturel a aprut atunci cnd doi hipopotami au dorit s protejeze un iepure fragil. Copacul Luminii i-a unit ntr-un trup comun, mic dar puternic. El este un spirit al proteciei i al curajului, aducnd echilibru ntre joac i for.', now() at time zone 'utc' WHERE NOT EXISTS (SELECT 1 FROM "alchimalia_schema"."BestiaryItems" b WHERE b."ArmsKey" = 'Hippo' AND b."BodyKey" = 'Bunny' AND b."HeadKey" = 'Hippo');
INSERT INTO "alchimalia_schema"."BestiaryItems" ("Id", "ArmsKey", "BodyKey", "HeadKey", "Name", "Story", "CreatedAt") SELECT uuid_generate_v4(), 'Hippo', 'Giraffe', 'Hippo', 'Hipogafon', 'Hipogafon s-a nscut atunci cnd doi hipopotami i o giraf i-au mprit un vis comun: s uneasc apele i cerul. Copacul Luminii i-a unit ntr-un singur trup. El este un spirit al stabilitii i al nelepciunii, aducnd claritate n mijlocul furtunii.', now() at time zone 'utc' WHERE NOT EXISTS (SELECT 1 FROM "alchimalia_schema"."BestiaryItems" b WHERE b."ArmsKey" = 'Hippo' AND b."BodyKey" = 'Giraffe' AND b."HeadKey" = 'Hippo');

-- Discovery Hybrid Animals (seeded from discovery bestiary)
INSERT INTO "alchimalia_schema"."Regions" ("Id", "Name") VALUES ('10000000-0000-0000-0000-000000000008', 'Discovery') ON CONFLICT ("Id") DO NOTHING;
INSERT INTO "alchimalia_schema"."AnimalDefinitions" ("Id", "Label", "Src", "IsHybrid", "RegionId", "Status", "Version", "BaseVersion", "LastPublishedVersion", "PublishedByUserId", "CreatedAt", "UpdatedAt", "PublishedAtUtc") VALUES (uuid_generate_v5('00000000-0000-0000-0000-000000000000', 'BunnyGiraffeNone'), 'Bunniraffe', 'images/bestiary/discovery/BunnyGiraffeNone.jpg', true, '10000000-0000-0000-0000-000000000008', 'published', 1, 0, 0, NULL, now() at time zone 'utc', now() at time zone 'utc', now() at time zone 'utc') ON CONFLICT ("Id") DO NOTHING;
INSERT INTO "alchimalia_schema"."AnimalCrafts" ("Id", "PublishedDefinitionId", "Label", "Src", "IsHybrid", "RegionId", "Status", "BaseVersion", "LastDraftVersion", "CreatedByUserId", "AssignedReviewerUserId", "ReviewedByUserId", "ApprovedByUserId", "ReviewNotes", "ReviewStartedAt", "ReviewEndedAt", "CreatedAt", "UpdatedAt") VALUES (uuid_generate_v5('00000000-0000-0000-0000-000000000000', 'BunnyGiraffeNone'), uuid_generate_v5('00000000-0000-0000-0000-000000000000', 'BunnyGiraffeNone'), 'Bunniraffe', 'images/bestiary/discovery/BunnyGiraffeNone.jpg', true, '10000000-0000-0000-0000-000000000008', 'published', 0, 0, NULL, NULL, NULL, NULL, NULL, NULL, NULL, now() at time zone 'utc', now() at time zone 'utc') ON CONFLICT ("Id") DO NOTHING;
INSERT INTO "alchimalia_schema"."AnimalDefinitionTranslations" ("Id", "AnimalDefinitionId", "LanguageCode", "Label") VALUES (uuid_generate_v4(), uuid_generate_v5('00000000-0000-0000-0000-000000000000', 'BunnyGiraffeNone'), 'ro-ro', 'Iepurafa') ON CONFLICT ("AnimalDefinitionId", "LanguageCode") DO NOTHING;
INSERT INTO "alchimalia_schema"."AnimalDefinitionTranslations" ("Id", "AnimalDefinitionId", "LanguageCode", "Label") VALUES (uuid_generate_v4(), uuid_generate_v5('00000000-0000-0000-0000-000000000000', 'BunnyGiraffeNone'), 'en-us', 'Bunniraffe') ON CONFLICT ("AnimalDefinitionId", "LanguageCode") DO NOTHING;
INSERT INTO "alchimalia_schema"."AnimalCraftTranslations" ("Id", "AnimalCraftId", "LanguageCode", "Label") VALUES (uuid_generate_v4(), uuid_generate_v5('00000000-0000-0000-0000-000000000000', 'BunnyGiraffeNone'), 'ro-ro', 'Iepurafa') ON CONFLICT ("AnimalCraftId", "LanguageCode") DO NOTHING;
INSERT INTO "alchimalia_schema"."AnimalCraftTranslations" ("Id", "AnimalCraftId", "LanguageCode", "Label") VALUES (uuid_generate_v4(), uuid_generate_v5('00000000-0000-0000-0000-000000000000', 'BunnyGiraffeNone'), 'en-us', 'Bunniraffe') ON CONFLICT ("AnimalCraftId", "LanguageCode") DO NOTHING;
INSERT INTO "alchimalia_schema"."AnimalDefinitions" ("Id", "Label", "Src", "IsHybrid", "RegionId", "Status", "Version", "BaseVersion", "LastPublishedVersion", "PublishedByUserId", "CreatedAt", "UpdatedAt", "PublishedAtUtc") VALUES (uuid_generate_v5('00000000-0000-0000-0000-000000000000', 'BunnyHippoNone'), 'Bunnyppo', 'images/bestiary/discovery/BunnyHippoNone.jpg', true, '10000000-0000-0000-0000-000000000008', 'published', 1, 0, 0, NULL, now() at time zone 'utc', now() at time zone 'utc', now() at time zone 'utc') ON CONFLICT ("Id") DO NOTHING;
INSERT INTO "alchimalia_schema"."AnimalCrafts" ("Id", "PublishedDefinitionId", "Label", "Src", "IsHybrid", "RegionId", "Status", "BaseVersion", "LastDraftVersion", "CreatedByUserId", "AssignedReviewerUserId", "ReviewedByUserId", "ApprovedByUserId", "ReviewNotes", "ReviewStartedAt", "ReviewEndedAt", "CreatedAt", "UpdatedAt") VALUES (uuid_generate_v5('00000000-0000-0000-0000-000000000000', 'BunnyHippoNone'), uuid_generate_v5('00000000-0000-0000-0000-000000000000', 'BunnyHippoNone'), 'Bunnyppo', 'images/bestiary/discovery/BunnyHippoNone.jpg', true, '10000000-0000-0000-0000-000000000008', 'published', 0, 0, NULL, NULL, NULL, NULL, NULL, NULL, NULL, now() at time zone 'utc', now() at time zone 'utc') ON CONFLICT ("Id") DO NOTHING;
INSERT INTO "alchimalia_schema"."AnimalDefinitionTranslations" ("Id", "AnimalDefinitionId", "LanguageCode", "Label") VALUES (uuid_generate_v4(), uuid_generate_v5('00000000-0000-0000-0000-000000000000', 'BunnyHippoNone'), 'ro-ro', 'Iepopotam') ON CONFLICT ("AnimalDefinitionId", "LanguageCode") DO NOTHING;
INSERT INTO "alchimalia_schema"."AnimalDefinitionTranslations" ("Id", "AnimalDefinitionId", "LanguageCode", "Label") VALUES (uuid_generate_v4(), uuid_generate_v5('00000000-0000-0000-0000-000000000000', 'BunnyHippoNone'), 'en-us', 'Bunnyppo') ON CONFLICT ("AnimalDefinitionId", "LanguageCode") DO NOTHING;
INSERT INTO "alchimalia_schema"."AnimalCraftTranslations" ("Id", "AnimalCraftId", "LanguageCode", "Label") VALUES (uuid_generate_v4(), uuid_generate_v5('00000000-0000-0000-0000-000000000000', 'BunnyHippoNone'), 'ro-ro', 'Iepopotam') ON CONFLICT ("AnimalCraftId", "LanguageCode") DO NOTHING;
INSERT INTO "alchimalia_schema"."AnimalCraftTranslations" ("Id", "AnimalCraftId", "LanguageCode", "Label") VALUES (uuid_generate_v4(), uuid_generate_v5('00000000-0000-0000-0000-000000000000', 'BunnyHippoNone'), 'en-us', 'Bunnyppo') ON CONFLICT ("AnimalCraftId", "LanguageCode") DO NOTHING;
INSERT INTO "alchimalia_schema"."AnimalDefinitions" ("Id", "Label", "Src", "IsHybrid", "RegionId", "Status", "Version", "BaseVersion", "LastPublishedVersion", "PublishedByUserId", "CreatedAt", "UpdatedAt", "PublishedAtUtc") VALUES (uuid_generate_v5('00000000-0000-0000-0000-000000000000', 'GiraffeHippoNone'), 'Giraffoppo', 'images/bestiary/discovery/GiraffeHippoNone.jpg', true, '10000000-0000-0000-0000-000000000008', 'published', 1, 0, 0, NULL, now() at time zone 'utc', now() at time zone 'utc', now() at time zone 'utc') ON CONFLICT ("Id") DO NOTHING;
INSERT INTO "alchimalia_schema"."AnimalCrafts" ("Id", "PublishedDefinitionId", "Label", "Src", "IsHybrid", "RegionId", "Status", "BaseVersion", "LastDraftVersion", "CreatedByUserId", "AssignedReviewerUserId", "ReviewedByUserId", "ApprovedByUserId", "ReviewNotes", "ReviewStartedAt", "ReviewEndedAt", "CreatedAt", "UpdatedAt") VALUES (uuid_generate_v5('00000000-0000-0000-0000-000000000000', 'GiraffeHippoNone'), uuid_generate_v5('00000000-0000-0000-0000-000000000000', 'GiraffeHippoNone'), 'Giraffoppo', 'images/bestiary/discovery/GiraffeHippoNone.jpg', true, '10000000-0000-0000-0000-000000000008', 'published', 0, 0, NULL, NULL, NULL, NULL, NULL, NULL, NULL, now() at time zone 'utc', now() at time zone 'utc') ON CONFLICT ("Id") DO NOTHING;
INSERT INTO "alchimalia_schema"."AnimalDefinitionTranslations" ("Id", "AnimalDefinitionId", "LanguageCode", "Label") VALUES (uuid_generate_v4(), uuid_generate_v5('00000000-0000-0000-0000-000000000000', 'GiraffeHippoNone'), 'ro-ro', 'Girafopotam') ON CONFLICT ("AnimalDefinitionId", "LanguageCode") DO NOTHING;
INSERT INTO "alchimalia_schema"."AnimalDefinitionTranslations" ("Id", "AnimalDefinitionId", "LanguageCode", "Label") VALUES (uuid_generate_v4(), uuid_generate_v5('00000000-0000-0000-0000-000000000000', 'GiraffeHippoNone'), 'en-us', 'Giraffoppo') ON CONFLICT ("AnimalDefinitionId", "LanguageCode") DO NOTHING;
INSERT INTO "alchimalia_schema"."AnimalCraftTranslations" ("Id", "AnimalCraftId", "LanguageCode", "Label") VALUES (uuid_generate_v4(), uuid_generate_v5('00000000-0000-0000-0000-000000000000', 'GiraffeHippoNone'), 'ro-ro', 'Girafopotam') ON CONFLICT ("AnimalCraftId", "LanguageCode") DO NOTHING;
INSERT INTO "alchimalia_schema"."AnimalCraftTranslations" ("Id", "AnimalCraftId", "LanguageCode", "Label") VALUES (uuid_generate_v4(), uuid_generate_v5('00000000-0000-0000-0000-000000000000', 'GiraffeHippoNone'), 'en-us', 'Giraffoppo') ON CONFLICT ("AnimalCraftId", "LanguageCode") DO NOTHING;
INSERT INTO "alchimalia_schema"."AnimalDefinitions" ("Id", "Label", "Src", "IsHybrid", "RegionId", "Status", "Version", "BaseVersion", "LastPublishedVersion", "PublishedByUserId", "CreatedAt", "UpdatedAt", "PublishedAtUtc") VALUES (uuid_generate_v5('00000000-0000-0000-0000-000000000000', 'BunnyGiraffeHippo'), 'Bunniraffoppo', 'images/bestiary/discovery/BunnyGiraffeHippo.jpg', true, '10000000-0000-0000-0000-000000000008', 'published', 1, 0, 0, NULL, now() at time zone 'utc', now() at time zone 'utc', now() at time zone 'utc') ON CONFLICT ("Id") DO NOTHING;
INSERT INTO "alchimalia_schema"."AnimalCrafts" ("Id", "PublishedDefinitionId", "Label", "Src", "IsHybrid", "RegionId", "Status", "BaseVersion", "LastDraftVersion", "CreatedByUserId", "AssignedReviewerUserId", "ReviewedByUserId", "ApprovedByUserId", "ReviewNotes", "ReviewStartedAt", "ReviewEndedAt", "CreatedAt", "UpdatedAt") VALUES (uuid_generate_v5('00000000-0000-0000-0000-000000000000', 'BunnyGiraffeHippo'), uuid_generate_v5('00000000-0000-0000-0000-000000000000', 'BunnyGiraffeHippo'), 'Bunniraffoppo', 'images/bestiary/discovery/BunnyGiraffeHippo.jpg', true, '10000000-0000-0000-0000-000000000008', 'published', 0, 0, NULL, NULL, NULL, NULL, NULL, NULL, NULL, now() at time zone 'utc', now() at time zone 'utc') ON CONFLICT ("Id") DO NOTHING;
INSERT INTO "alchimalia_schema"."AnimalDefinitionTranslations" ("Id", "AnimalDefinitionId", "LanguageCode", "Label") VALUES (uuid_generate_v4(), uuid_generate_v5('00000000-0000-0000-0000-000000000000', 'BunnyGiraffeHippo'), 'ro-ro', 'Iepurafopotam') ON CONFLICT ("AnimalDefinitionId", "LanguageCode") DO NOTHING;
INSERT INTO "alchimalia_schema"."AnimalDefinitionTranslations" ("Id", "AnimalDefinitionId", "LanguageCode", "Label") VALUES (uuid_generate_v4(), uuid_generate_v5('00000000-0000-0000-0000-000000000000', 'BunnyGiraffeHippo'), 'en-us', 'Bunniraffoppo') ON CONFLICT ("AnimalDefinitionId", "LanguageCode") DO NOTHING;
INSERT INTO "alchimalia_schema"."AnimalCraftTranslations" ("Id", "AnimalCraftId", "LanguageCode", "Label") VALUES (uuid_generate_v4(), uuid_generate_v5('00000000-0000-0000-0000-000000000000', 'BunnyGiraffeHippo'), 'ro-ro', 'Iepurafopotam') ON CONFLICT ("AnimalCraftId", "LanguageCode") DO NOTHING;
INSERT INTO "alchimalia_schema"."AnimalCraftTranslations" ("Id", "AnimalCraftId", "LanguageCode", "Label") VALUES (uuid_generate_v4(), uuid_generate_v5('00000000-0000-0000-0000-000000000000', 'BunnyGiraffeHippo'), 'en-us', 'Bunniraffoppo') ON CONFLICT ("AnimalCraftId", "LanguageCode") DO NOTHING;
INSERT INTO "alchimalia_schema"."AnimalDefinitions" ("Id", "Label", "Src", "IsHybrid", "RegionId", "Status", "Version", "BaseVersion", "LastPublishedVersion", "PublishedByUserId", "CreatedAt", "UpdatedAt", "PublishedAtUtc") VALUES (uuid_generate_v5('00000000-0000-0000-0000-000000000000', 'GiraffeBunnyNone'), 'Girabbit', 'images/bestiary/discovery/GiraffeBunnyNone.jpg', true, '10000000-0000-0000-0000-000000000008', 'published', 1, 0, 0, NULL, now() at time zone 'utc', now() at time zone 'utc', now() at time zone 'utc') ON CONFLICT ("Id") DO NOTHING;
INSERT INTO "alchimalia_schema"."AnimalCrafts" ("Id", "PublishedDefinitionId", "Label", "Src", "IsHybrid", "RegionId", "Status", "BaseVersion", "LastDraftVersion", "CreatedByUserId", "AssignedReviewerUserId", "ReviewedByUserId", "ApprovedByUserId", "ReviewNotes", "ReviewStartedAt", "ReviewEndedAt", "CreatedAt", "UpdatedAt") VALUES (uuid_generate_v5('00000000-0000-0000-0000-000000000000', 'GiraffeBunnyNone'), uuid_generate_v5('00000000-0000-0000-0000-000000000000', 'GiraffeBunnyNone'), 'Girabbit', 'images/bestiary/discovery/GiraffeBunnyNone.jpg', true, '10000000-0000-0000-0000-000000000008', 'published', 0, 0, NULL, NULL, NULL, NULL, NULL, NULL, NULL, now() at time zone 'utc', now() at time zone 'utc') ON CONFLICT ("Id") DO NOTHING;
INSERT INTO "alchimalia_schema"."AnimalDefinitionTranslations" ("Id", "AnimalDefinitionId", "LanguageCode", "Label") VALUES (uuid_generate_v4(), uuid_generate_v5('00000000-0000-0000-0000-000000000000', 'GiraffeBunnyNone'), 'ro-ro', 'Girafon') ON CONFLICT ("AnimalDefinitionId", "LanguageCode") DO NOTHING;
INSERT INTO "alchimalia_schema"."AnimalDefinitionTranslations" ("Id", "AnimalDefinitionId", "LanguageCode", "Label") VALUES (uuid_generate_v4(), uuid_generate_v5('00000000-0000-0000-0000-000000000000', 'GiraffeBunnyNone'), 'en-us', 'Girabbit') ON CONFLICT ("AnimalDefinitionId", "LanguageCode") DO NOTHING;
INSERT INTO "alchimalia_schema"."AnimalCraftTranslations" ("Id", "AnimalCraftId", "LanguageCode", "Label") VALUES (uuid_generate_v4(), uuid_generate_v5('00000000-0000-0000-0000-000000000000', 'GiraffeBunnyNone'), 'ro-ro', 'Girafon') ON CONFLICT ("AnimalCraftId", "LanguageCode") DO NOTHING;
INSERT INTO "alchimalia_schema"."AnimalCraftTranslations" ("Id", "AnimalCraftId", "LanguageCode", "Label") VALUES (uuid_generate_v4(), uuid_generate_v5('00000000-0000-0000-0000-000000000000', 'GiraffeBunnyNone'), 'en-us', 'Girabbit') ON CONFLICT ("AnimalCraftId", "LanguageCode") DO NOTHING;
INSERT INTO "alchimalia_schema"."AnimalDefinitions" ("Id", "Label", "Src", "IsHybrid", "RegionId", "Status", "Version", "BaseVersion", "LastPublishedVersion", "PublishedByUserId", "CreatedAt", "UpdatedAt", "PublishedAtUtc") VALUES (uuid_generate_v5('00000000-0000-0000-0000-000000000000', 'GiraffeHippoBunny'), 'Giraffoppit', 'images/bestiary/discovery/GiraffeHippoBunny.jpg', true, '10000000-0000-0000-0000-000000000008', 'published', 1, 0, 0, NULL, now() at time zone 'utc', now() at time zone 'utc', now() at time zone 'utc') ON CONFLICT ("Id") DO NOTHING;
INSERT INTO "alchimalia_schema"."AnimalCrafts" ("Id", "PublishedDefinitionId", "Label", "Src", "IsHybrid", "RegionId", "Status", "BaseVersion", "LastDraftVersion", "CreatedByUserId", "AssignedReviewerUserId", "ReviewedByUserId", "ApprovedByUserId", "ReviewNotes", "ReviewStartedAt", "ReviewEndedAt", "CreatedAt", "UpdatedAt") VALUES (uuid_generate_v5('00000000-0000-0000-0000-000000000000', 'GiraffeHippoBunny'), uuid_generate_v5('00000000-0000-0000-0000-000000000000', 'GiraffeHippoBunny'), 'Giraffoppit', 'images/bestiary/discovery/GiraffeHippoBunny.jpg', true, '10000000-0000-0000-0000-000000000008', 'published', 0, 0, NULL, NULL, NULL, NULL, NULL, NULL, NULL, now() at time zone 'utc', now() at time zone 'utc') ON CONFLICT ("Id") DO NOTHING;
INSERT INTO "alchimalia_schema"."AnimalDefinitionTranslations" ("Id", "AnimalDefinitionId", "LanguageCode", "Label") VALUES (uuid_generate_v4(), uuid_generate_v5('00000000-0000-0000-0000-000000000000', 'GiraffeHippoBunny'), 'ro-ro', 'Girafopotaniu') ON CONFLICT ("AnimalDefinitionId", "LanguageCode") DO NOTHING;
INSERT INTO "alchimalia_schema"."AnimalDefinitionTranslations" ("Id", "AnimalDefinitionId", "LanguageCode", "Label") VALUES (uuid_generate_v4(), uuid_generate_v5('00000000-0000-0000-0000-000000000000', 'GiraffeHippoBunny'), 'en-us', 'Giraffoppit') ON CONFLICT ("AnimalDefinitionId", "LanguageCode") DO NOTHING;
INSERT INTO "alchimalia_schema"."AnimalCraftTranslations" ("Id", "AnimalCraftId", "LanguageCode", "Label") VALUES (uuid_generate_v4(), uuid_generate_v5('00000000-0000-0000-0000-000000000000', 'GiraffeHippoBunny'), 'ro-ro', 'Girafopotaniu') ON CONFLICT ("AnimalCraftId", "LanguageCode") DO NOTHING;
INSERT INTO "alchimalia_schema"."AnimalCraftTranslations" ("Id", "AnimalCraftId", "LanguageCode", "Label") VALUES (uuid_generate_v4(), uuid_generate_v5('00000000-0000-0000-0000-000000000000', 'GiraffeHippoBunny'), 'en-us', 'Giraffoppit') ON CONFLICT ("AnimalCraftId", "LanguageCode") DO NOTHING;
INSERT INTO "alchimalia_schema"."AnimalDefinitions" ("Id", "Label", "Src", "IsHybrid", "RegionId", "Status", "Version", "BaseVersion", "LastPublishedVersion", "PublishedByUserId", "CreatedAt", "UpdatedAt", "PublishedAtUtc") VALUES (uuid_generate_v5('00000000-0000-0000-0000-000000000000', 'HippoBunnyNone'), 'Hippityhop', 'images/bestiary/discovery/HippoBunnyNone.jpg', true, '10000000-0000-0000-0000-000000000008', 'published', 1, 0, 0, NULL, now() at time zone 'utc', now() at time zone 'utc', now() at time zone 'utc') ON CONFLICT ("Id") DO NOTHING;
INSERT INTO "alchimalia_schema"."AnimalCrafts" ("Id", "PublishedDefinitionId", "Label", "Src", "IsHybrid", "RegionId", "Status", "BaseVersion", "LastDraftVersion", "CreatedByUserId", "AssignedReviewerUserId", "ReviewedByUserId", "ApprovedByUserId", "ReviewNotes", "ReviewStartedAt", "ReviewEndedAt", "CreatedAt", "UpdatedAt") VALUES (uuid_generate_v5('00000000-0000-0000-0000-000000000000', 'HippoBunnyNone'), uuid_generate_v5('00000000-0000-0000-0000-000000000000', 'HippoBunnyNone'), 'Hippityhop', 'images/bestiary/discovery/HippoBunnyNone.jpg', true, '10000000-0000-0000-0000-000000000008', 'published', 0, 0, NULL, NULL, NULL, NULL, NULL, NULL, NULL, now() at time zone 'utc', now() at time zone 'utc') ON CONFLICT ("Id") DO NOTHING;
INSERT INTO "alchimalia_schema"."AnimalDefinitionTranslations" ("Id", "AnimalDefinitionId", "LanguageCode", "Label") VALUES (uuid_generate_v4(), uuid_generate_v5('00000000-0000-0000-0000-000000000000', 'HippoBunnyNone'), 'ro-ro', 'Hipuril') ON CONFLICT ("AnimalDefinitionId", "LanguageCode") DO NOTHING;
INSERT INTO "alchimalia_schema"."AnimalDefinitionTranslations" ("Id", "AnimalDefinitionId", "LanguageCode", "Label") VALUES (uuid_generate_v4(), uuid_generate_v5('00000000-0000-0000-0000-000000000000', 'HippoBunnyNone'), 'en-us', 'Hippityhop') ON CONFLICT ("AnimalDefinitionId", "LanguageCode") DO NOTHING;
INSERT INTO "alchimalia_schema"."AnimalCraftTranslations" ("Id", "AnimalCraftId", "LanguageCode", "Label") VALUES (uuid_generate_v4(), uuid_generate_v5('00000000-0000-0000-0000-000000000000', 'HippoBunnyNone'), 'ro-ro', 'Hipuril') ON CONFLICT ("AnimalCraftId", "LanguageCode") DO NOTHING;
INSERT INTO "alchimalia_schema"."AnimalCraftTranslations" ("Id", "AnimalCraftId", "LanguageCode", "Label") VALUES (uuid_generate_v4(), uuid_generate_v5('00000000-0000-0000-0000-000000000000', 'HippoBunnyNone'), 'en-us', 'Hippityhop') ON CONFLICT ("AnimalCraftId", "LanguageCode") DO NOTHING;
INSERT INTO "alchimalia_schema"."AnimalDefinitions" ("Id", "Label", "Src", "IsHybrid", "RegionId", "Status", "Version", "BaseVersion", "LastPublishedVersion", "PublishedByUserId", "CreatedAt", "UpdatedAt", "PublishedAtUtc") VALUES (uuid_generate_v5('00000000-0000-0000-0000-000000000000', 'HippoGiraffeNone'), 'Hippiraffe', 'images/bestiary/discovery/HippoGiraffeNone.jpg', true, '10000000-0000-0000-0000-000000000008', 'published', 1, 0, 0, NULL, now() at time zone 'utc', now() at time zone 'utc', now() at time zone 'utc') ON CONFLICT ("Id") DO NOTHING;
INSERT INTO "alchimalia_schema"."AnimalCrafts" ("Id", "PublishedDefinitionId", "Label", "Src", "IsHybrid", "RegionId", "Status", "BaseVersion", "LastDraftVersion", "CreatedByUserId", "AssignedReviewerUserId", "ReviewedByUserId", "ApprovedByUserId", "ReviewNotes", "ReviewStartedAt", "ReviewEndedAt", "CreatedAt", "UpdatedAt") VALUES (uuid_generate_v5('00000000-0000-0000-0000-000000000000', 'HippoGiraffeNone'), uuid_generate_v5('00000000-0000-0000-0000-000000000000', 'HippoGiraffeNone'), 'Hippiraffe', 'images/bestiary/discovery/HippoGiraffeNone.jpg', true, '10000000-0000-0000-0000-000000000008', 'published', 0, 0, NULL, NULL, NULL, NULL, NULL, NULL, NULL, now() at time zone 'utc', now() at time zone 'utc') ON CONFLICT ("Id") DO NOTHING;
INSERT INTO "alchimalia_schema"."AnimalDefinitionTranslations" ("Id", "AnimalDefinitionId", "LanguageCode", "Label") VALUES (uuid_generate_v4(), uuid_generate_v5('00000000-0000-0000-0000-000000000000', 'HippoGiraffeNone'), 'ro-ro', 'Hipogira') ON CONFLICT ("AnimalDefinitionId", "LanguageCode") DO NOTHING;
INSERT INTO "alchimalia_schema"."AnimalDefinitionTranslations" ("Id", "AnimalDefinitionId", "LanguageCode", "Label") VALUES (uuid_generate_v4(), uuid_generate_v5('00000000-0000-0000-0000-000000000000', 'HippoGiraffeNone'), 'en-us', 'Hippiraffe') ON CONFLICT ("AnimalDefinitionId", "LanguageCode") DO NOTHING;
INSERT INTO "alchimalia_schema"."AnimalCraftTranslations" ("Id", "AnimalCraftId", "LanguageCode", "Label") VALUES (uuid_generate_v4(), uuid_generate_v5('00000000-0000-0000-0000-000000000000', 'HippoGiraffeNone'), 'ro-ro', 'Hipogira') ON CONFLICT ("AnimalCraftId", "LanguageCode") DO NOTHING;
INSERT INTO "alchimalia_schema"."AnimalCraftTranslations" ("Id", "AnimalCraftId", "LanguageCode", "Label") VALUES (uuid_generate_v4(), uuid_generate_v5('00000000-0000-0000-0000-000000000000', 'HippoGiraffeNone'), 'en-us', 'Hippiraffe') ON CONFLICT ("AnimalCraftId", "LanguageCode") DO NOTHING;
INSERT INTO "alchimalia_schema"."AnimalDefinitions" ("Id", "Label", "Src", "IsHybrid", "RegionId", "Status", "Version", "BaseVersion", "LastPublishedVersion", "PublishedByUserId", "CreatedAt", "UpdatedAt", "PublishedAtUtc") VALUES (uuid_generate_v5('00000000-0000-0000-0000-000000000000', 'HippoBunnyGiraffe'), 'Hippiraffit', 'images/bestiary/discovery/HippoBunnyGiraffe.jpg', true, '10000000-0000-0000-0000-000000000008', 'published', 1, 0, 0, NULL, now() at time zone 'utc', now() at time zone 'utc', now() at time zone 'utc') ON CONFLICT ("Id") DO NOTHING;
INSERT INTO "alchimalia_schema"."AnimalCrafts" ("Id", "PublishedDefinitionId", "Label", "Src", "IsHybrid", "RegionId", "Status", "BaseVersion", "LastDraftVersion", "CreatedByUserId", "AssignedReviewerUserId", "ReviewedByUserId", "ApprovedByUserId", "ReviewNotes", "ReviewStartedAt", "ReviewEndedAt", "CreatedAt", "UpdatedAt") VALUES (uuid_generate_v5('00000000-0000-0000-0000-000000000000', 'HippoBunnyGiraffe'), uuid_generate_v5('00000000-0000-0000-0000-000000000000', 'HippoBunnyGiraffe'), 'Hippiraffit', 'images/bestiary/discovery/HippoBunnyGiraffe.jpg', true, '10000000-0000-0000-0000-000000000008', 'published', 0, 0, NULL, NULL, NULL, NULL, NULL, NULL, NULL, now() at time zone 'utc', now() at time zone 'utc') ON CONFLICT ("Id") DO NOTHING;
INSERT INTO "alchimalia_schema"."AnimalDefinitionTranslations" ("Id", "AnimalDefinitionId", "LanguageCode", "Label") VALUES (uuid_generate_v4(), uuid_generate_v5('00000000-0000-0000-0000-000000000000', 'HippoBunnyGiraffe'), 'ro-ro', 'Hipurafon') ON CONFLICT ("AnimalDefinitionId", "LanguageCode") DO NOTHING;
INSERT INTO "alchimalia_schema"."AnimalDefinitionTranslations" ("Id", "AnimalDefinitionId", "LanguageCode", "Label") VALUES (uuid_generate_v4(), uuid_generate_v5('00000000-0000-0000-0000-000000000000', 'HippoBunnyGiraffe'), 'en-us', 'Hippiraffit') ON CONFLICT ("AnimalDefinitionId", "LanguageCode") DO NOTHING;
INSERT INTO "alchimalia_schema"."AnimalCraftTranslations" ("Id", "AnimalCraftId", "LanguageCode", "Label") VALUES (uuid_generate_v4(), uuid_generate_v5('00000000-0000-0000-0000-000000000000', 'HippoBunnyGiraffe'), 'ro-ro', 'Hipurafon') ON CONFLICT ("AnimalCraftId", "LanguageCode") DO NOTHING;
INSERT INTO "alchimalia_schema"."AnimalCraftTranslations" ("Id", "AnimalCraftId", "LanguageCode", "Label") VALUES (uuid_generate_v4(), uuid_generate_v5('00000000-0000-0000-0000-000000000000', 'HippoBunnyGiraffe'), 'en-us', 'Hippiraffit') ON CONFLICT ("AnimalCraftId", "LanguageCode") DO NOTHING;
INSERT INTO "alchimalia_schema"."AnimalDefinitions" ("Id", "Label", "Src", "IsHybrid", "RegionId", "Status", "Version", "BaseVersion", "LastPublishedVersion", "PublishedByUserId", "CreatedAt", "UpdatedAt", "PublishedAtUtc") VALUES (uuid_generate_v5('00000000-0000-0000-0000-000000000000', 'BunnyHippoGiraffe'), 'Bunnypporaffe', 'images/bestiary/discovery/BunnyHippoGiraffe.jpg', true, '10000000-0000-0000-0000-000000000008', 'published', 1, 0, 0, NULL, now() at time zone 'utc', now() at time zone 'utc', now() at time zone 'utc') ON CONFLICT ("Id") DO NOTHING;
INSERT INTO "alchimalia_schema"."AnimalCrafts" ("Id", "PublishedDefinitionId", "Label", "Src", "IsHybrid", "RegionId", "Status", "BaseVersion", "LastDraftVersion", "CreatedByUserId", "AssignedReviewerUserId", "ReviewedByUserId", "ApprovedByUserId", "ReviewNotes", "ReviewStartedAt", "ReviewEndedAt", "CreatedAt", "UpdatedAt") VALUES (uuid_generate_v5('00000000-0000-0000-0000-000000000000', 'BunnyHippoGiraffe'), uuid_generate_v5('00000000-0000-0000-0000-000000000000', 'BunnyHippoGiraffe'), 'Bunnypporaffe', 'images/bestiary/discovery/BunnyHippoGiraffe.jpg', true, '10000000-0000-0000-0000-000000000008', 'published', 0, 0, NULL, NULL, NULL, NULL, NULL, NULL, NULL, now() at time zone 'utc', now() at time zone 'utc') ON CONFLICT ("Id") DO NOTHING;
INSERT INTO "alchimalia_schema"."AnimalDefinitionTranslations" ("Id", "AnimalDefinitionId", "LanguageCode", "Label") VALUES (uuid_generate_v4(), uuid_generate_v5('00000000-0000-0000-0000-000000000000', 'BunnyHippoGiraffe'), 'ro-ro', 'Iepopotira') ON CONFLICT ("AnimalDefinitionId", "LanguageCode") DO NOTHING;
INSERT INTO "alchimalia_schema"."AnimalDefinitionTranslations" ("Id", "AnimalDefinitionId", "LanguageCode", "Label") VALUES (uuid_generate_v4(), uuid_generate_v5('00000000-0000-0000-0000-000000000000', 'BunnyHippoGiraffe'), 'en-us', 'Bunnypporaffe') ON CONFLICT ("AnimalDefinitionId", "LanguageCode") DO NOTHING;
INSERT INTO "alchimalia_schema"."AnimalCraftTranslations" ("Id", "AnimalCraftId", "LanguageCode", "Label") VALUES (uuid_generate_v4(), uuid_generate_v5('00000000-0000-0000-0000-000000000000', 'BunnyHippoGiraffe'), 'ro-ro', 'Iepopotira') ON CONFLICT ("AnimalCraftId", "LanguageCode") DO NOTHING;
INSERT INTO "alchimalia_schema"."AnimalCraftTranslations" ("Id", "AnimalCraftId", "LanguageCode", "Label") VALUES (uuid_generate_v4(), uuid_generate_v5('00000000-0000-0000-0000-000000000000', 'BunnyHippoGiraffe'), 'en-us', 'Bunnypporaffe') ON CONFLICT ("AnimalCraftId", "LanguageCode") DO NOTHING;
INSERT INTO "alchimalia_schema"."AnimalDefinitions" ("Id", "Label", "Src", "IsHybrid", "RegionId", "Status", "Version", "BaseVersion", "LastPublishedVersion", "PublishedByUserId", "CreatedAt", "UpdatedAt", "PublishedAtUtc") VALUES (uuid_generate_v5('00000000-0000-0000-0000-000000000000', 'GiraffeNoneHippo'), 'Giraffopotir', 'images/bestiary/discovery/GiraffeNoneHippo.jpg', true, '10000000-0000-0000-0000-000000000008', 'published', 1, 0, 0, NULL, now() at time zone 'utc', now() at time zone 'utc', now() at time zone 'utc') ON CONFLICT ("Id") DO NOTHING;
INSERT INTO "alchimalia_schema"."AnimalCrafts" ("Id", "PublishedDefinitionId", "Label", "Src", "IsHybrid", "RegionId", "Status", "BaseVersion", "LastDraftVersion", "CreatedByUserId", "AssignedReviewerUserId", "ReviewedByUserId", "ApprovedByUserId", "ReviewNotes", "ReviewStartedAt", "ReviewEndedAt", "CreatedAt", "UpdatedAt") VALUES (uuid_generate_v5('00000000-0000-0000-0000-000000000000', 'GiraffeNoneHippo'), uuid_generate_v5('00000000-0000-0000-0000-000000000000', 'GiraffeNoneHippo'), 'Giraffopotir', 'images/bestiary/discovery/GiraffeNoneHippo.jpg', true, '10000000-0000-0000-0000-000000000008', 'published', 0, 0, NULL, NULL, NULL, NULL, NULL, NULL, NULL, now() at time zone 'utc', now() at time zone 'utc') ON CONFLICT ("Id") DO NOTHING;
INSERT INTO "alchimalia_schema"."AnimalDefinitionTranslations" ("Id", "AnimalDefinitionId", "LanguageCode", "Label") VALUES (uuid_generate_v4(), uuid_generate_v5('00000000-0000-0000-0000-000000000000', 'GiraffeNoneHippo'), 'ro-ro', 'Girafopotir') ON CONFLICT ("AnimalDefinitionId", "LanguageCode") DO NOTHING;
INSERT INTO "alchimalia_schema"."AnimalDefinitionTranslations" ("Id", "AnimalDefinitionId", "LanguageCode", "Label") VALUES (uuid_generate_v4(), uuid_generate_v5('00000000-0000-0000-0000-000000000000', 'GiraffeNoneHippo'), 'en-us', 'Giraffopotir') ON CONFLICT ("AnimalDefinitionId", "LanguageCode") DO NOTHING;
INSERT INTO "alchimalia_schema"."AnimalCraftTranslations" ("Id", "AnimalCraftId", "LanguageCode", "Label") VALUES (uuid_generate_v4(), uuid_generate_v5('00000000-0000-0000-0000-000000000000', 'GiraffeNoneHippo'), 'ro-ro', 'Girafopotir') ON CONFLICT ("AnimalCraftId", "LanguageCode") DO NOTHING;
INSERT INTO "alchimalia_schema"."AnimalCraftTranslations" ("Id", "AnimalCraftId", "LanguageCode", "Label") VALUES (uuid_generate_v4(), uuid_generate_v5('00000000-0000-0000-0000-000000000000', 'GiraffeNoneHippo'), 'en-us', 'Giraffopotir') ON CONFLICT ("AnimalCraftId", "LanguageCode") DO NOTHING;
INSERT INTO "alchimalia_schema"."AnimalDefinitions" ("Id", "Label", "Src", "IsHybrid", "RegionId", "Status", "Version", "BaseVersion", "LastPublishedVersion", "PublishedByUserId", "CreatedAt", "UpdatedAt", "PublishedAtUtc") VALUES (uuid_generate_v5('00000000-0000-0000-0000-000000000000', 'BunnyNoneHippo'), 'Bunnypotam', 'images/bestiary/discovery/BunnyNoneHippo.jpg', true, '10000000-0000-0000-0000-000000000008', 'published', 1, 0, 0, NULL, now() at time zone 'utc', now() at time zone 'utc', now() at time zone 'utc') ON CONFLICT ("Id") DO NOTHING;
INSERT INTO "alchimalia_schema"."AnimalCrafts" ("Id", "PublishedDefinitionId", "Label", "Src", "IsHybrid", "RegionId", "Status", "BaseVersion", "LastDraftVersion", "CreatedByUserId", "AssignedReviewerUserId", "ReviewedByUserId", "ApprovedByUserId", "ReviewNotes", "ReviewStartedAt", "ReviewEndedAt", "CreatedAt", "UpdatedAt") VALUES (uuid_generate_v5('00000000-0000-0000-0000-000000000000', 'BunnyNoneHippo'), uuid_generate_v5('00000000-0000-0000-0000-000000000000', 'BunnyNoneHippo'), 'Bunnypotam', 'images/bestiary/discovery/BunnyNoneHippo.jpg', true, '10000000-0000-0000-0000-000000000008', 'published', 0, 0, NULL, NULL, NULL, NULL, NULL, NULL, NULL, now() at time zone 'utc', now() at time zone 'utc') ON CONFLICT ("Id") DO NOTHING;
INSERT INTO "alchimalia_schema"."AnimalDefinitionTranslations" ("Id", "AnimalDefinitionId", "LanguageCode", "Label") VALUES (uuid_generate_v4(), uuid_generate_v5('00000000-0000-0000-0000-000000000000', 'BunnyNoneHippo'), 'ro-ro', 'Iepurotam') ON CONFLICT ("AnimalDefinitionId", "LanguageCode") DO NOTHING;
INSERT INTO "alchimalia_schema"."AnimalDefinitionTranslations" ("Id", "AnimalDefinitionId", "LanguageCode", "Label") VALUES (uuid_generate_v4(), uuid_generate_v5('00000000-0000-0000-0000-000000000000', 'BunnyNoneHippo'), 'en-us', 'Bunnypotam') ON CONFLICT ("AnimalDefinitionId", "LanguageCode") DO NOTHING;
INSERT INTO "alchimalia_schema"."AnimalCraftTranslations" ("Id", "AnimalCraftId", "LanguageCode", "Label") VALUES (uuid_generate_v4(), uuid_generate_v5('00000000-0000-0000-0000-000000000000', 'BunnyNoneHippo'), 'ro-ro', 'Iepurotam') ON CONFLICT ("AnimalCraftId", "LanguageCode") DO NOTHING;
INSERT INTO "alchimalia_schema"."AnimalCraftTranslations" ("Id", "AnimalCraftId", "LanguageCode", "Label") VALUES (uuid_generate_v4(), uuid_generate_v5('00000000-0000-0000-0000-000000000000', 'BunnyNoneHippo'), 'en-us', 'Bunnypotam') ON CONFLICT ("AnimalCraftId", "LanguageCode") DO NOTHING;
INSERT INTO "alchimalia_schema"."AnimalDefinitions" ("Id", "Label", "Src", "IsHybrid", "RegionId", "Status", "Version", "BaseVersion", "LastPublishedVersion", "PublishedByUserId", "CreatedAt", "UpdatedAt", "PublishedAtUtc") VALUES (uuid_generate_v5('00000000-0000-0000-0000-000000000000', 'HippoNoneBunny'), 'Hipponel', 'images/bestiary/discovery/HippoNoneBunny.jpg', true, '10000000-0000-0000-0000-000000000008', 'published', 1, 0, 0, NULL, now() at time zone 'utc', now() at time zone 'utc', now() at time zone 'utc') ON CONFLICT ("Id") DO NOTHING;
INSERT INTO "alchimalia_schema"."AnimalCrafts" ("Id", "PublishedDefinitionId", "Label", "Src", "IsHybrid", "RegionId", "Status", "BaseVersion", "LastDraftVersion", "CreatedByUserId", "AssignedReviewerUserId", "ReviewedByUserId", "ApprovedByUserId", "ReviewNotes", "ReviewStartedAt", "ReviewEndedAt", "CreatedAt", "UpdatedAt") VALUES (uuid_generate_v5('00000000-0000-0000-0000-000000000000', 'HippoNoneBunny'), uuid_generate_v5('00000000-0000-0000-0000-000000000000', 'HippoNoneBunny'), 'Hipponel', 'images/bestiary/discovery/HippoNoneBunny.jpg', true, '10000000-0000-0000-0000-000000000008', 'published', 0, 0, NULL, NULL, NULL, NULL, NULL, NULL, NULL, now() at time zone 'utc', now() at time zone 'utc') ON CONFLICT ("Id") DO NOTHING;
INSERT INTO "alchimalia_schema"."AnimalDefinitionTranslations" ("Id", "AnimalDefinitionId", "LanguageCode", "Label") VALUES (uuid_generate_v4(), uuid_generate_v5('00000000-0000-0000-0000-000000000000', 'HippoNoneBunny'), 'ro-ro', 'Hiponel') ON CONFLICT ("AnimalDefinitionId", "LanguageCode") DO NOTHING;
INSERT INTO "alchimalia_schema"."AnimalDefinitionTranslations" ("Id", "AnimalDefinitionId", "LanguageCode", "Label") VALUES (uuid_generate_v4(), uuid_generate_v5('00000000-0000-0000-0000-000000000000', 'HippoNoneBunny'), 'en-us', 'Hipponel') ON CONFLICT ("AnimalDefinitionId", "LanguageCode") DO NOTHING;
INSERT INTO "alchimalia_schema"."AnimalCraftTranslations" ("Id", "AnimalCraftId", "LanguageCode", "Label") VALUES (uuid_generate_v4(), uuid_generate_v5('00000000-0000-0000-0000-000000000000', 'HippoNoneBunny'), 'ro-ro', 'Hiponel') ON CONFLICT ("AnimalCraftId", "LanguageCode") DO NOTHING;
INSERT INTO "alchimalia_schema"."AnimalCraftTranslations" ("Id", "AnimalCraftId", "LanguageCode", "Label") VALUES (uuid_generate_v4(), uuid_generate_v5('00000000-0000-0000-0000-000000000000', 'HippoNoneBunny'), 'en-us', 'Hipponel') ON CONFLICT ("AnimalCraftId", "LanguageCode") DO NOTHING;
INSERT INTO "alchimalia_schema"."AnimalDefinitions" ("Id", "Label", "Src", "IsHybrid", "RegionId", "Status", "Version", "BaseVersion", "LastPublishedVersion", "PublishedByUserId", "CreatedAt", "UpdatedAt", "PublishedAtUtc") VALUES (uuid_generate_v5('00000000-0000-0000-0000-000000000000', 'NoneBunnyHippo'), 'Bunnyppos', 'images/bestiary/discovery/NoneBunnyHippo.jpg', true, '10000000-0000-0000-0000-000000000008', 'published', 1, 0, 0, NULL, now() at time zone 'utc', now() at time zone 'utc', now() at time zone 'utc') ON CONFLICT ("Id") DO NOTHING;
INSERT INTO "alchimalia_schema"."AnimalCrafts" ("Id", "PublishedDefinitionId", "Label", "Src", "IsHybrid", "RegionId", "Status", "BaseVersion", "LastDraftVersion", "CreatedByUserId", "AssignedReviewerUserId", "ReviewedByUserId", "ApprovedByUserId", "ReviewNotes", "ReviewStartedAt", "ReviewEndedAt", "CreatedAt", "UpdatedAt") VALUES (uuid_generate_v5('00000000-0000-0000-0000-000000000000', 'NoneBunnyHippo'), uuid_generate_v5('00000000-0000-0000-0000-000000000000', 'NoneBunnyHippo'), 'Bunnyppos', 'images/bestiary/discovery/NoneBunnyHippo.jpg', true, '10000000-0000-0000-0000-000000000008', 'published', 0, 0, NULL, NULL, NULL, NULL, NULL, NULL, NULL, now() at time zone 'utc', now() at time zone 'utc') ON CONFLICT ("Id") DO NOTHING;
INSERT INTO "alchimalia_schema"."AnimalDefinitionTranslations" ("Id", "AnimalDefinitionId", "LanguageCode", "Label") VALUES (uuid_generate_v4(), uuid_generate_v5('00000000-0000-0000-0000-000000000000', 'NoneBunnyHippo'), 'ro-ro', 'Iepuripos') ON CONFLICT ("AnimalDefinitionId", "LanguageCode") DO NOTHING;
INSERT INTO "alchimalia_schema"."AnimalDefinitionTranslations" ("Id", "AnimalDefinitionId", "LanguageCode", "Label") VALUES (uuid_generate_v4(), uuid_generate_v5('00000000-0000-0000-0000-000000000000', 'NoneBunnyHippo'), 'en-us', 'Bunnyppos') ON CONFLICT ("AnimalDefinitionId", "LanguageCode") DO NOTHING;
INSERT INTO "alchimalia_schema"."AnimalCraftTranslations" ("Id", "AnimalCraftId", "LanguageCode", "Label") VALUES (uuid_generate_v4(), uuid_generate_v5('00000000-0000-0000-0000-000000000000', 'NoneBunnyHippo'), 'ro-ro', 'Iepuripos') ON CONFLICT ("AnimalCraftId", "LanguageCode") DO NOTHING;
INSERT INTO "alchimalia_schema"."AnimalCraftTranslations" ("Id", "AnimalCraftId", "LanguageCode", "Label") VALUES (uuid_generate_v4(), uuid_generate_v5('00000000-0000-0000-0000-000000000000', 'NoneBunnyHippo'), 'en-us', 'Bunnyppos') ON CONFLICT ("AnimalCraftId", "LanguageCode") DO NOTHING;
INSERT INTO "alchimalia_schema"."AnimalDefinitions" ("Id", "Label", "Src", "IsHybrid", "RegionId", "Status", "Version", "BaseVersion", "LastPublishedVersion", "PublishedByUserId", "CreatedAt", "UpdatedAt", "PublishedAtUtc") VALUES (uuid_generate_v5('00000000-0000-0000-0000-000000000000', 'NoneGiraffeHippo'), 'Giraffotam', 'images/bestiary/discovery/NoneGiraffeHippo.jpg', true, '10000000-0000-0000-0000-000000000008', 'published', 1, 0, 0, NULL, now() at time zone 'utc', now() at time zone 'utc', now() at time zone 'utc') ON CONFLICT ("Id") DO NOTHING;
INSERT INTO "alchimalia_schema"."AnimalCrafts" ("Id", "PublishedDefinitionId", "Label", "Src", "IsHybrid", "RegionId", "Status", "BaseVersion", "LastDraftVersion", "CreatedByUserId", "AssignedReviewerUserId", "ReviewedByUserId", "ApprovedByUserId", "ReviewNotes", "ReviewStartedAt", "ReviewEndedAt", "CreatedAt", "UpdatedAt") VALUES (uuid_generate_v5('00000000-0000-0000-0000-000000000000', 'NoneGiraffeHippo'), uuid_generate_v5('00000000-0000-0000-0000-000000000000', 'NoneGiraffeHippo'), 'Giraffotam', 'images/bestiary/discovery/NoneGiraffeHippo.jpg', true, '10000000-0000-0000-0000-000000000008', 'published', 0, 0, NULL, NULL, NULL, NULL, NULL, NULL, NULL, now() at time zone 'utc', now() at time zone 'utc') ON CONFLICT ("Id") DO NOTHING;
INSERT INTO "alchimalia_schema"."AnimalDefinitionTranslations" ("Id", "AnimalDefinitionId", "LanguageCode", "Label") VALUES (uuid_generate_v4(), uuid_generate_v5('00000000-0000-0000-0000-000000000000', 'NoneGiraffeHippo'), 'ro-ro', 'Girafotam') ON CONFLICT ("AnimalDefinitionId", "LanguageCode") DO NOTHING;
INSERT INTO "alchimalia_schema"."AnimalDefinitionTranslations" ("Id", "AnimalDefinitionId", "LanguageCode", "Label") VALUES (uuid_generate_v4(), uuid_generate_v5('00000000-0000-0000-0000-000000000000', 'NoneGiraffeHippo'), 'en-us', 'Giraffotam') ON CONFLICT ("AnimalDefinitionId", "LanguageCode") DO NOTHING;
INSERT INTO "alchimalia_schema"."AnimalCraftTranslations" ("Id", "AnimalCraftId", "LanguageCode", "Label") VALUES (uuid_generate_v4(), uuid_generate_v5('00000000-0000-0000-0000-000000000000', 'NoneGiraffeHippo'), 'ro-ro', 'Girafotam') ON CONFLICT ("AnimalCraftId", "LanguageCode") DO NOTHING;
INSERT INTO "alchimalia_schema"."AnimalCraftTranslations" ("Id", "AnimalCraftId", "LanguageCode", "Label") VALUES (uuid_generate_v4(), uuid_generate_v5('00000000-0000-0000-0000-000000000000', 'NoneGiraffeHippo'), 'en-us', 'Giraffotam') ON CONFLICT ("AnimalCraftId", "LanguageCode") DO NOTHING;
INSERT INTO "alchimalia_schema"."AnimalDefinitions" ("Id", "Label", "Src", "IsHybrid", "RegionId", "Status", "Version", "BaseVersion", "LastPublishedVersion", "PublishedByUserId", "CreatedAt", "UpdatedAt", "PublishedAtUtc") VALUES (uuid_generate_v5('00000000-0000-0000-0000-000000000000', 'NoneHippoGiraffe'), 'Hippogiraffe', 'images/bestiary/discovery/NoneHippoGiraffe.jpg', true, '10000000-0000-0000-0000-000000000008', 'published', 1, 0, 0, NULL, now() at time zone 'utc', now() at time zone 'utc', now() at time zone 'utc') ON CONFLICT ("Id") DO NOTHING;
INSERT INTO "alchimalia_schema"."AnimalCrafts" ("Id", "PublishedDefinitionId", "Label", "Src", "IsHybrid", "RegionId", "Status", "BaseVersion", "LastDraftVersion", "CreatedByUserId", "AssignedReviewerUserId", "ReviewedByUserId", "ApprovedByUserId", "ReviewNotes", "ReviewStartedAt", "ReviewEndedAt", "CreatedAt", "UpdatedAt") VALUES (uuid_generate_v5('00000000-0000-0000-0000-000000000000', 'NoneHippoGiraffe'), uuid_generate_v5('00000000-0000-0000-0000-000000000000', 'NoneHippoGiraffe'), 'Hippogiraffe', 'images/bestiary/discovery/NoneHippoGiraffe.jpg', true, '10000000-0000-0000-0000-000000000008', 'published', 0, 0, NULL, NULL, NULL, NULL, NULL, NULL, NULL, now() at time zone 'utc', now() at time zone 'utc') ON CONFLICT ("Id") DO NOTHING;
INSERT INTO "alchimalia_schema"."AnimalDefinitionTranslations" ("Id", "AnimalDefinitionId", "LanguageCode", "Label") VALUES (uuid_generate_v4(), uuid_generate_v5('00000000-0000-0000-0000-000000000000', 'NoneHippoGiraffe'), 'ro-ro', 'Hipogirafon') ON CONFLICT ("AnimalDefinitionId", "LanguageCode") DO NOTHING;
INSERT INTO "alchimalia_schema"."AnimalDefinitionTranslations" ("Id", "AnimalDefinitionId", "LanguageCode", "Label") VALUES (uuid_generate_v4(), uuid_generate_v5('00000000-0000-0000-0000-000000000000', 'NoneHippoGiraffe'), 'en-us', 'Hippogiraffe') ON CONFLICT ("AnimalDefinitionId", "LanguageCode") DO NOTHING;
INSERT INTO "alchimalia_schema"."AnimalCraftTranslations" ("Id", "AnimalCraftId", "LanguageCode", "Label") VALUES (uuid_generate_v4(), uuid_generate_v5('00000000-0000-0000-0000-000000000000', 'NoneHippoGiraffe'), 'ro-ro', 'Hipogirafon') ON CONFLICT ("AnimalCraftId", "LanguageCode") DO NOTHING;
INSERT INTO "alchimalia_schema"."AnimalCraftTranslations" ("Id", "AnimalCraftId", "LanguageCode", "Label") VALUES (uuid_generate_v4(), uuid_generate_v5('00000000-0000-0000-0000-000000000000', 'NoneHippoGiraffe'), 'en-us', 'Hippogiraffe') ON CONFLICT ("AnimalCraftId", "LanguageCode") DO NOTHING;
INSERT INTO "alchimalia_schema"."AnimalDefinitions" ("Id", "Label", "Src", "IsHybrid", "RegionId", "Status", "Version", "BaseVersion", "LastPublishedVersion", "PublishedByUserId", "CreatedAt", "UpdatedAt", "PublishedAtUtc") VALUES (uuid_generate_v5('00000000-0000-0000-0000-000000000000', 'BunnyNoneGiraffe'), 'Bunniraffe', 'images/bestiary/discovery/BunnyNoneGiraffe.jpg', true, '10000000-0000-0000-0000-000000000008', 'published', 1, 0, 0, NULL, now() at time zone 'utc', now() at time zone 'utc', now() at time zone 'utc') ON CONFLICT ("Id") DO NOTHING;
INSERT INTO "alchimalia_schema"."AnimalCrafts" ("Id", "PublishedDefinitionId", "Label", "Src", "IsHybrid", "RegionId", "Status", "BaseVersion", "LastDraftVersion", "CreatedByUserId", "AssignedReviewerUserId", "ReviewedByUserId", "ApprovedByUserId", "ReviewNotes", "ReviewStartedAt", "ReviewEndedAt", "CreatedAt", "UpdatedAt") VALUES (uuid_generate_v5('00000000-0000-0000-0000-000000000000', 'BunnyNoneGiraffe'), uuid_generate_v5('00000000-0000-0000-0000-000000000000', 'BunnyNoneGiraffe'), 'Bunniraffe', 'images/bestiary/discovery/BunnyNoneGiraffe.jpg', true, '10000000-0000-0000-0000-000000000008', 'published', 0, 0, NULL, NULL, NULL, NULL, NULL, NULL, NULL, now() at time zone 'utc', now() at time zone 'utc') ON CONFLICT ("Id") DO NOTHING;
INSERT INTO "alchimalia_schema"."AnimalDefinitionTranslations" ("Id", "AnimalDefinitionId", "LanguageCode", "Label") VALUES (uuid_generate_v4(), uuid_generate_v5('00000000-0000-0000-0000-000000000000', 'BunnyNoneGiraffe'), 'ro-ro', 'Iepurafon') ON CONFLICT ("AnimalDefinitionId", "LanguageCode") DO NOTHING;
INSERT INTO "alchimalia_schema"."AnimalDefinitionTranslations" ("Id", "AnimalDefinitionId", "LanguageCode", "Label") VALUES (uuid_generate_v4(), uuid_generate_v5('00000000-0000-0000-0000-000000000000', 'BunnyNoneGiraffe'), 'en-us', 'Bunniraffe') ON CONFLICT ("AnimalDefinitionId", "LanguageCode") DO NOTHING;
INSERT INTO "alchimalia_schema"."AnimalCraftTranslations" ("Id", "AnimalCraftId", "LanguageCode", "Label") VALUES (uuid_generate_v4(), uuid_generate_v5('00000000-0000-0000-0000-000000000000', 'BunnyNoneGiraffe'), 'ro-ro', 'Iepurafon') ON CONFLICT ("AnimalCraftId", "LanguageCode") DO NOTHING;
INSERT INTO "alchimalia_schema"."AnimalCraftTranslations" ("Id", "AnimalCraftId", "LanguageCode", "Label") VALUES (uuid_generate_v4(), uuid_generate_v5('00000000-0000-0000-0000-000000000000', 'BunnyNoneGiraffe'), 'en-us', 'Bunniraffe') ON CONFLICT ("AnimalCraftId", "LanguageCode") DO NOTHING;
INSERT INTO "alchimalia_schema"."AnimalDefinitions" ("Id", "Label", "Src", "IsHybrid", "RegionId", "Status", "Version", "BaseVersion", "LastPublishedVersion", "PublishedByUserId", "CreatedAt", "UpdatedAt", "PublishedAtUtc") VALUES (uuid_generate_v5('00000000-0000-0000-0000-000000000000', 'GiraffeNoneBunny'), 'Giraffit', 'images/bestiary/discovery/GiraffeNoneBunny.jpg', true, '10000000-0000-0000-0000-000000000008', 'published', 1, 0, 0, NULL, now() at time zone 'utc', now() at time zone 'utc', now() at time zone 'utc') ON CONFLICT ("Id") DO NOTHING;
INSERT INTO "alchimalia_schema"."AnimalCrafts" ("Id", "PublishedDefinitionId", "Label", "Src", "IsHybrid", "RegionId", "Status", "BaseVersion", "LastDraftVersion", "CreatedByUserId", "AssignedReviewerUserId", "ReviewedByUserId", "ApprovedByUserId", "ReviewNotes", "ReviewStartedAt", "ReviewEndedAt", "CreatedAt", "UpdatedAt") VALUES (uuid_generate_v5('00000000-0000-0000-0000-000000000000', 'GiraffeNoneBunny'), uuid_generate_v5('00000000-0000-0000-0000-000000000000', 'GiraffeNoneBunny'), 'Giraffit', 'images/bestiary/discovery/GiraffeNoneBunny.jpg', true, '10000000-0000-0000-0000-000000000008', 'published', 0, 0, NULL, NULL, NULL, NULL, NULL, NULL, NULL, now() at time zone 'utc', now() at time zone 'utc') ON CONFLICT ("Id") DO NOTHING;
INSERT INTO "alchimalia_schema"."AnimalDefinitionTranslations" ("Id", "AnimalDefinitionId", "LanguageCode", "Label") VALUES (uuid_generate_v4(), uuid_generate_v5('00000000-0000-0000-0000-000000000000', 'GiraffeNoneBunny'), 'ro-ro', 'Girafurel') ON CONFLICT ("AnimalDefinitionId", "LanguageCode") DO NOTHING;
INSERT INTO "alchimalia_schema"."AnimalDefinitionTranslations" ("Id", "AnimalDefinitionId", "LanguageCode", "Label") VALUES (uuid_generate_v4(), uuid_generate_v5('00000000-0000-0000-0000-000000000000', 'GiraffeNoneBunny'), 'en-us', 'Giraffit') ON CONFLICT ("AnimalDefinitionId", "LanguageCode") DO NOTHING;
INSERT INTO "alchimalia_schema"."AnimalCraftTranslations" ("Id", "AnimalCraftId", "LanguageCode", "Label") VALUES (uuid_generate_v4(), uuid_generate_v5('00000000-0000-0000-0000-000000000000', 'GiraffeNoneBunny'), 'ro-ro', 'Girafurel') ON CONFLICT ("AnimalCraftId", "LanguageCode") DO NOTHING;
INSERT INTO "alchimalia_schema"."AnimalCraftTranslations" ("Id", "AnimalCraftId", "LanguageCode", "Label") VALUES (uuid_generate_v4(), uuid_generate_v5('00000000-0000-0000-0000-000000000000', 'GiraffeNoneBunny'), 'en-us', 'Giraffit') ON CONFLICT ("AnimalCraftId", "LanguageCode") DO NOTHING;
INSERT INTO "alchimalia_schema"."AnimalDefinitions" ("Id", "Label", "Src", "IsHybrid", "RegionId", "Status", "Version", "BaseVersion", "LastPublishedVersion", "PublishedByUserId", "CreatedAt", "UpdatedAt", "PublishedAtUtc") VALUES (uuid_generate_v5('00000000-0000-0000-0000-000000000000', 'HippoNoneGiraffe'), 'Hippiraf', 'images/bestiary/discovery/HippoNoneGiraffe.jpg', true, '10000000-0000-0000-0000-000000000008', 'published', 1, 0, 0, NULL, now() at time zone 'utc', now() at time zone 'utc', now() at time zone 'utc') ON CONFLICT ("Id") DO NOTHING;
INSERT INTO "alchimalia_schema"."AnimalCrafts" ("Id", "PublishedDefinitionId", "Label", "Src", "IsHybrid", "RegionId", "Status", "BaseVersion", "LastDraftVersion", "CreatedByUserId", "AssignedReviewerUserId", "ReviewedByUserId", "ApprovedByUserId", "ReviewNotes", "ReviewStartedAt", "ReviewEndedAt", "CreatedAt", "UpdatedAt") VALUES (uuid_generate_v5('00000000-0000-0000-0000-000000000000', 'HippoNoneGiraffe'), uuid_generate_v5('00000000-0000-0000-0000-000000000000', 'HippoNoneGiraffe'), 'Hippiraf', 'images/bestiary/discovery/HippoNoneGiraffe.jpg', true, '10000000-0000-0000-0000-000000000008', 'published', 0, 0, NULL, NULL, NULL, NULL, NULL, NULL, NULL, now() at time zone 'utc', now() at time zone 'utc') ON CONFLICT ("Id") DO NOTHING;
INSERT INTO "alchimalia_schema"."AnimalDefinitionTranslations" ("Id", "AnimalDefinitionId", "LanguageCode", "Label") VALUES (uuid_generate_v4(), uuid_generate_v5('00000000-0000-0000-0000-000000000000', 'HippoNoneGiraffe'), 'ro-ro', 'Hipofiraf') ON CONFLICT ("AnimalDefinitionId", "LanguageCode") DO NOTHING;
INSERT INTO "alchimalia_schema"."AnimalDefinitionTranslations" ("Id", "AnimalDefinitionId", "LanguageCode", "Label") VALUES (uuid_generate_v4(), uuid_generate_v5('00000000-0000-0000-0000-000000000000', 'HippoNoneGiraffe'), 'en-us', 'Hippiraf') ON CONFLICT ("AnimalDefinitionId", "LanguageCode") DO NOTHING;
INSERT INTO "alchimalia_schema"."AnimalCraftTranslations" ("Id", "AnimalCraftId", "LanguageCode", "Label") VALUES (uuid_generate_v4(), uuid_generate_v5('00000000-0000-0000-0000-000000000000', 'HippoNoneGiraffe'), 'ro-ro', 'Hipofiraf') ON CONFLICT ("AnimalCraftId", "LanguageCode") DO NOTHING;
INSERT INTO "alchimalia_schema"."AnimalCraftTranslations" ("Id", "AnimalCraftId", "LanguageCode", "Label") VALUES (uuid_generate_v4(), uuid_generate_v5('00000000-0000-0000-0000-000000000000', 'HippoNoneGiraffe'), 'en-us', 'Hippiraf') ON CONFLICT ("AnimalCraftId", "LanguageCode") DO NOTHING;
INSERT INTO "alchimalia_schema"."AnimalDefinitions" ("Id", "Label", "Src", "IsHybrid", "RegionId", "Status", "Version", "BaseVersion", "LastPublishedVersion", "PublishedByUserId", "CreatedAt", "UpdatedAt", "PublishedAtUtc") VALUES (uuid_generate_v5('00000000-0000-0000-0000-000000000000', 'NoneHippoBunny'), 'Hippuriel', 'images/bestiary/discovery/NoneHippoBunny.jpg', true, '10000000-0000-0000-0000-000000000008', 'published', 1, 0, 0, NULL, now() at time zone 'utc', now() at time zone 'utc', now() at time zone 'utc') ON CONFLICT ("Id") DO NOTHING;
INSERT INTO "alchimalia_schema"."AnimalCrafts" ("Id", "PublishedDefinitionId", "Label", "Src", "IsHybrid", "RegionId", "Status", "BaseVersion", "LastDraftVersion", "CreatedByUserId", "AssignedReviewerUserId", "ReviewedByUserId", "ApprovedByUserId", "ReviewNotes", "ReviewStartedAt", "ReviewEndedAt", "CreatedAt", "UpdatedAt") VALUES (uuid_generate_v5('00000000-0000-0000-0000-000000000000', 'NoneHippoBunny'), uuid_generate_v5('00000000-0000-0000-0000-000000000000', 'NoneHippoBunny'), 'Hippuriel', 'images/bestiary/discovery/NoneHippoBunny.jpg', true, '10000000-0000-0000-0000-000000000008', 'published', 0, 0, NULL, NULL, NULL, NULL, NULL, NULL, NULL, now() at time zone 'utc', now() at time zone 'utc') ON CONFLICT ("Id") DO NOTHING;
INSERT INTO "alchimalia_schema"."AnimalDefinitionTranslations" ("Id", "AnimalDefinitionId", "LanguageCode", "Label") VALUES (uuid_generate_v4(), uuid_generate_v5('00000000-0000-0000-0000-000000000000', 'NoneHippoBunny'), 'ro-ro', 'Hiponelu') ON CONFLICT ("AnimalDefinitionId", "LanguageCode") DO NOTHING;
INSERT INTO "alchimalia_schema"."AnimalDefinitionTranslations" ("Id", "AnimalDefinitionId", "LanguageCode", "Label") VALUES (uuid_generate_v4(), uuid_generate_v5('00000000-0000-0000-0000-000000000000', 'NoneHippoBunny'), 'en-us', 'Hippuriel') ON CONFLICT ("AnimalDefinitionId", "LanguageCode") DO NOTHING;
INSERT INTO "alchimalia_schema"."AnimalCraftTranslations" ("Id", "AnimalCraftId", "LanguageCode", "Label") VALUES (uuid_generate_v4(), uuid_generate_v5('00000000-0000-0000-0000-000000000000', 'NoneHippoBunny'), 'ro-ro', 'Hiponelu') ON CONFLICT ("AnimalCraftId", "LanguageCode") DO NOTHING;
INSERT INTO "alchimalia_schema"."AnimalCraftTranslations" ("Id", "AnimalCraftId", "LanguageCode", "Label") VALUES (uuid_generate_v4(), uuid_generate_v5('00000000-0000-0000-0000-000000000000', 'NoneHippoBunny'), 'en-us', 'Hippuriel') ON CONFLICT ("AnimalCraftId", "LanguageCode") DO NOTHING;
INSERT INTO "alchimalia_schema"."AnimalDefinitions" ("Id", "Label", "Src", "IsHybrid", "RegionId", "Status", "Version", "BaseVersion", "LastPublishedVersion", "PublishedByUserId", "CreatedAt", "UpdatedAt", "PublishedAtUtc") VALUES (uuid_generate_v5('00000000-0000-0000-0000-000000000000', 'NoneBunnyGiraffe'), 'Bunnygiraf', 'images/bestiary/discovery/NoneBunnyGiraffe.jpg', true, '10000000-0000-0000-0000-000000000008', 'published', 1, 0, 0, NULL, now() at time zone 'utc', now() at time zone 'utc', now() at time zone 'utc') ON CONFLICT ("Id") DO NOTHING;
INSERT INTO "alchimalia_schema"."AnimalCrafts" ("Id", "PublishedDefinitionId", "Label", "Src", "IsHybrid", "RegionId", "Status", "BaseVersion", "LastDraftVersion", "CreatedByUserId", "AssignedReviewerUserId", "ReviewedByUserId", "ApprovedByUserId", "ReviewNotes", "ReviewStartedAt", "ReviewEndedAt", "CreatedAt", "UpdatedAt") VALUES (uuid_generate_v5('00000000-0000-0000-0000-000000000000', 'NoneBunnyGiraffe'), uuid_generate_v5('00000000-0000-0000-0000-000000000000', 'NoneBunnyGiraffe'), 'Bunnygiraf', 'images/bestiary/discovery/NoneBunnyGiraffe.jpg', true, '10000000-0000-0000-0000-000000000008', 'published', 0, 0, NULL, NULL, NULL, NULL, NULL, NULL, NULL, now() at time zone 'utc', now() at time zone 'utc') ON CONFLICT ("Id") DO NOTHING;
INSERT INTO "alchimalia_schema"."AnimalDefinitionTranslations" ("Id", "AnimalDefinitionId", "LanguageCode", "Label") VALUES (uuid_generate_v4(), uuid_generate_v5('00000000-0000-0000-0000-000000000000', 'NoneBunnyGiraffe'), 'ro-ro', 'Iepurafira') ON CONFLICT ("AnimalDefinitionId", "LanguageCode") DO NOTHING;
INSERT INTO "alchimalia_schema"."AnimalDefinitionTranslations" ("Id", "AnimalDefinitionId", "LanguageCode", "Label") VALUES (uuid_generate_v4(), uuid_generate_v5('00000000-0000-0000-0000-000000000000', 'NoneBunnyGiraffe'), 'en-us', 'Bunnygiraf') ON CONFLICT ("AnimalDefinitionId", "LanguageCode") DO NOTHING;
INSERT INTO "alchimalia_schema"."AnimalCraftTranslations" ("Id", "AnimalCraftId", "LanguageCode", "Label") VALUES (uuid_generate_v4(), uuid_generate_v5('00000000-0000-0000-0000-000000000000', 'NoneBunnyGiraffe'), 'ro-ro', 'Iepurafira') ON CONFLICT ("AnimalCraftId", "LanguageCode") DO NOTHING;
INSERT INTO "alchimalia_schema"."AnimalCraftTranslations" ("Id", "AnimalCraftId", "LanguageCode", "Label") VALUES (uuid_generate_v4(), uuid_generate_v5('00000000-0000-0000-0000-000000000000', 'NoneBunnyGiraffe'), 'en-us', 'Bunnygiraf') ON CONFLICT ("AnimalCraftId", "LanguageCode") DO NOTHING;
INSERT INTO "alchimalia_schema"."AnimalDefinitions" ("Id", "Label", "Src", "IsHybrid", "RegionId", "Status", "Version", "BaseVersion", "LastPublishedVersion", "PublishedByUserId", "CreatedAt", "UpdatedAt", "PublishedAtUtc") VALUES (uuid_generate_v5('00000000-0000-0000-0000-000000000000', 'BunnyHippoGiraffe'), 'Bunnypporaffe', 'images/bestiary/discovery/BunnyHippoGiraffe.jpg', true, '10000000-0000-0000-0000-000000000008', 'published', 1, 0, 0, NULL, now() at time zone 'utc', now() at time zone 'utc', now() at time zone 'utc') ON CONFLICT ("Id") DO NOTHING;
INSERT INTO "alchimalia_schema"."AnimalCrafts" ("Id", "PublishedDefinitionId", "Label", "Src", "IsHybrid", "RegionId", "Status", "BaseVersion", "LastDraftVersion", "CreatedByUserId", "AssignedReviewerUserId", "ReviewedByUserId", "ApprovedByUserId", "ReviewNotes", "ReviewStartedAt", "ReviewEndedAt", "CreatedAt", "UpdatedAt") VALUES (uuid_generate_v5('00000000-0000-0000-0000-000000000000', 'BunnyHippoGiraffe'), uuid_generate_v5('00000000-0000-0000-0000-000000000000', 'BunnyHippoGiraffe'), 'Bunnypporaffe', 'images/bestiary/discovery/BunnyHippoGiraffe.jpg', true, '10000000-0000-0000-0000-000000000008', 'published', 0, 0, NULL, NULL, NULL, NULL, NULL, NULL, NULL, now() at time zone 'utc', now() at time zone 'utc') ON CONFLICT ("Id") DO NOTHING;
INSERT INTO "alchimalia_schema"."AnimalDefinitionTranslations" ("Id", "AnimalDefinitionId", "LanguageCode", "Label") VALUES (uuid_generate_v4(), uuid_generate_v5('00000000-0000-0000-0000-000000000000', 'BunnyHippoGiraffe'), 'ro-ro', 'Iepogiraf') ON CONFLICT ("AnimalDefinitionId", "LanguageCode") DO NOTHING;
INSERT INTO "alchimalia_schema"."AnimalDefinitionTranslations" ("Id", "AnimalDefinitionId", "LanguageCode", "Label") VALUES (uuid_generate_v4(), uuid_generate_v5('00000000-0000-0000-0000-000000000000', 'BunnyHippoGiraffe'), 'en-us', 'Bunnypporaffe') ON CONFLICT ("AnimalDefinitionId", "LanguageCode") DO NOTHING;
INSERT INTO "alchimalia_schema"."AnimalCraftTranslations" ("Id", "AnimalCraftId", "LanguageCode", "Label") VALUES (uuid_generate_v4(), uuid_generate_v5('00000000-0000-0000-0000-000000000000', 'BunnyHippoGiraffe'), 'ro-ro', 'Iepogiraf') ON CONFLICT ("AnimalCraftId", "LanguageCode") DO NOTHING;
INSERT INTO "alchimalia_schema"."AnimalCraftTranslations" ("Id", "AnimalCraftId", "LanguageCode", "Label") VALUES (uuid_generate_v4(), uuid_generate_v5('00000000-0000-0000-0000-000000000000', 'BunnyHippoGiraffe'), 'en-us', 'Bunnypporaffe') ON CONFLICT ("AnimalCraftId", "LanguageCode") DO NOTHING;
INSERT INTO "alchimalia_schema"."AnimalDefinitions" ("Id", "Label", "Src", "IsHybrid", "RegionId", "Status", "Version", "BaseVersion", "LastPublishedVersion", "PublishedByUserId", "CreatedAt", "UpdatedAt", "PublishedAtUtc") VALUES (uuid_generate_v5('00000000-0000-0000-0000-000000000000', 'HippoGiraffeBunny'), 'Hippogirabbit', 'images/bestiary/discovery/HippoGiraffeBunny.jpg', true, '10000000-0000-0000-0000-000000000008', 'published', 1, 0, 0, NULL, now() at time zone 'utc', now() at time zone 'utc', now() at time zone 'utc') ON CONFLICT ("Id") DO NOTHING;
INSERT INTO "alchimalia_schema"."AnimalCrafts" ("Id", "PublishedDefinitionId", "Label", "Src", "IsHybrid", "RegionId", "Status", "BaseVersion", "LastDraftVersion", "CreatedByUserId", "AssignedReviewerUserId", "ReviewedByUserId", "ApprovedByUserId", "ReviewNotes", "ReviewStartedAt", "ReviewEndedAt", "CreatedAt", "UpdatedAt") VALUES (uuid_generate_v5('00000000-0000-0000-0000-000000000000', 'HippoGiraffeBunny'), uuid_generate_v5('00000000-0000-0000-0000-000000000000', 'HippoGiraffeBunny'), 'Hippogirabbit', 'images/bestiary/discovery/HippoGiraffeBunny.jpg', true, '10000000-0000-0000-0000-000000000008', 'published', 0, 0, NULL, NULL, NULL, NULL, NULL, NULL, NULL, now() at time zone 'utc', now() at time zone 'utc') ON CONFLICT ("Id") DO NOTHING;
INSERT INTO "alchimalia_schema"."AnimalDefinitionTranslations" ("Id", "AnimalDefinitionId", "LanguageCode", "Label") VALUES (uuid_generate_v4(), uuid_generate_v5('00000000-0000-0000-0000-000000000000', 'HippoGiraffeBunny'), 'ro-ro', 'Hipogiriel') ON CONFLICT ("AnimalDefinitionId", "LanguageCode") DO NOTHING;
INSERT INTO "alchimalia_schema"."AnimalDefinitionTranslations" ("Id", "AnimalDefinitionId", "LanguageCode", "Label") VALUES (uuid_generate_v4(), uuid_generate_v5('00000000-0000-0000-0000-000000000000', 'HippoGiraffeBunny'), 'en-us', 'Hippogirabbit') ON CONFLICT ("AnimalDefinitionId", "LanguageCode") DO NOTHING;
INSERT INTO "alchimalia_schema"."AnimalCraftTranslations" ("Id", "AnimalCraftId", "LanguageCode", "Label") VALUES (uuid_generate_v4(), uuid_generate_v5('00000000-0000-0000-0000-000000000000', 'HippoGiraffeBunny'), 'ro-ro', 'Hipogiriel') ON CONFLICT ("AnimalCraftId", "LanguageCode") DO NOTHING;
INSERT INTO "alchimalia_schema"."AnimalCraftTranslations" ("Id", "AnimalCraftId", "LanguageCode", "Label") VALUES (uuid_generate_v4(), uuid_generate_v5('00000000-0000-0000-0000-000000000000', 'HippoGiraffeBunny'), 'en-us', 'Hippogirabbit') ON CONFLICT ("AnimalCraftId", "LanguageCode") DO NOTHING;
INSERT INTO "alchimalia_schema"."AnimalDefinitions" ("Id", "Label", "Src", "IsHybrid", "RegionId", "Status", "Version", "BaseVersion", "LastPublishedVersion", "PublishedByUserId", "CreatedAt", "UpdatedAt", "PublishedAtUtc") VALUES (uuid_generate_v5('00000000-0000-0000-0000-000000000000', 'GiraffeBunnyHippo'), 'Giraffoppam', 'images/bestiary/discovery/GiraffeBunnyHippo.jpg', true, '10000000-0000-0000-0000-000000000008', 'published', 1, 0, 0, NULL, now() at time zone 'utc', now() at time zone 'utc', now() at time zone 'utc') ON CONFLICT ("Id") DO NOTHING;
INSERT INTO "alchimalia_schema"."AnimalCrafts" ("Id", "PublishedDefinitionId", "Label", "Src", "IsHybrid", "RegionId", "Status", "BaseVersion", "LastDraftVersion", "CreatedByUserId", "AssignedReviewerUserId", "ReviewedByUserId", "ApprovedByUserId", "ReviewNotes", "ReviewStartedAt", "ReviewEndedAt", "CreatedAt", "UpdatedAt") VALUES (uuid_generate_v5('00000000-0000-0000-0000-000000000000', 'GiraffeBunnyHippo'), uuid_generate_v5('00000000-0000-0000-0000-000000000000', 'GiraffeBunnyHippo'), 'Giraffoppam', 'images/bestiary/discovery/GiraffeBunnyHippo.jpg', true, '10000000-0000-0000-0000-000000000008', 'published', 0, 0, NULL, NULL, NULL, NULL, NULL, NULL, NULL, now() at time zone 'utc', now() at time zone 'utc') ON CONFLICT ("Id") DO NOTHING;
INSERT INTO "alchimalia_schema"."AnimalDefinitionTranslations" ("Id", "AnimalDefinitionId", "LanguageCode", "Label") VALUES (uuid_generate_v4(), uuid_generate_v5('00000000-0000-0000-0000-000000000000', 'GiraffeBunnyHippo'), 'ro-ro', 'Girafopam') ON CONFLICT ("AnimalDefinitionId", "LanguageCode") DO NOTHING;
INSERT INTO "alchimalia_schema"."AnimalDefinitionTranslations" ("Id", "AnimalDefinitionId", "LanguageCode", "Label") VALUES (uuid_generate_v4(), uuid_generate_v5('00000000-0000-0000-0000-000000000000', 'GiraffeBunnyHippo'), 'en-us', 'Giraffoppam') ON CONFLICT ("AnimalDefinitionId", "LanguageCode") DO NOTHING;
INSERT INTO "alchimalia_schema"."AnimalCraftTranslations" ("Id", "AnimalCraftId", "LanguageCode", "Label") VALUES (uuid_generate_v4(), uuid_generate_v5('00000000-0000-0000-0000-000000000000', 'GiraffeBunnyHippo'), 'ro-ro', 'Girafopam') ON CONFLICT ("AnimalCraftId", "LanguageCode") DO NOTHING;
INSERT INTO "alchimalia_schema"."AnimalCraftTranslations" ("Id", "AnimalCraftId", "LanguageCode", "Label") VALUES (uuid_generate_v4(), uuid_generate_v5('00000000-0000-0000-0000-000000000000', 'GiraffeBunnyHippo'), 'en-us', 'Giraffoppam') ON CONFLICT ("AnimalCraftId", "LanguageCode") DO NOTHING;
INSERT INTO "alchimalia_schema"."AnimalDefinitions" ("Id", "Label", "Src", "IsHybrid", "RegionId", "Status", "Version", "BaseVersion", "LastPublishedVersion", "PublishedByUserId", "CreatedAt", "UpdatedAt", "PublishedAtUtc") VALUES (uuid_generate_v5('00000000-0000-0000-0000-000000000000', 'NoneHippoGiraffe'), 'Hippogiraffe', 'images/bestiary/discovery/NoneHippoGiraffe.jpg', true, '10000000-0000-0000-0000-000000000008', 'published', 1, 0, 0, NULL, now() at time zone 'utc', now() at time zone 'utc', now() at time zone 'utc') ON CONFLICT ("Id") DO NOTHING;
INSERT INTO "alchimalia_schema"."AnimalCrafts" ("Id", "PublishedDefinitionId", "Label", "Src", "IsHybrid", "RegionId", "Status", "BaseVersion", "LastDraftVersion", "CreatedByUserId", "AssignedReviewerUserId", "ReviewedByUserId", "ApprovedByUserId", "ReviewNotes", "ReviewStartedAt", "ReviewEndedAt", "CreatedAt", "UpdatedAt") VALUES (uuid_generate_v5('00000000-0000-0000-0000-000000000000', 'NoneHippoGiraffe'), uuid_generate_v5('00000000-0000-0000-0000-000000000000', 'NoneHippoGiraffe'), 'Hippogiraffe', 'images/bestiary/discovery/NoneHippoGiraffe.jpg', true, '10000000-0000-0000-0000-000000000008', 'published', 0, 0, NULL, NULL, NULL, NULL, NULL, NULL, NULL, now() at time zone 'utc', now() at time zone 'utc') ON CONFLICT ("Id") DO NOTHING;
INSERT INTO "alchimalia_schema"."AnimalDefinitionTranslations" ("Id", "AnimalDefinitionId", "LanguageCode", "Label") VALUES (uuid_generate_v4(), uuid_generate_v5('00000000-0000-0000-0000-000000000000', 'NoneHippoGiraffe'), 'ro-ro', 'Hiporaf') ON CONFLICT ("AnimalDefinitionId", "LanguageCode") DO NOTHING;
INSERT INTO "alchimalia_schema"."AnimalDefinitionTranslations" ("Id", "AnimalDefinitionId", "LanguageCode", "Label") VALUES (uuid_generate_v4(), uuid_generate_v5('00000000-0000-0000-0000-000000000000', 'NoneHippoGiraffe'), 'en-us', 'Hippogiraffe') ON CONFLICT ("AnimalDefinitionId", "LanguageCode") DO NOTHING;
INSERT INTO "alchimalia_schema"."AnimalCraftTranslations" ("Id", "AnimalCraftId", "LanguageCode", "Label") VALUES (uuid_generate_v4(), uuid_generate_v5('00000000-0000-0000-0000-000000000000', 'NoneHippoGiraffe'), 'ro-ro', 'Hiporaf') ON CONFLICT ("AnimalCraftId", "LanguageCode") DO NOTHING;
INSERT INTO "alchimalia_schema"."AnimalCraftTranslations" ("Id", "AnimalCraftId", "LanguageCode", "Label") VALUES (uuid_generate_v4(), uuid_generate_v5('00000000-0000-0000-0000-000000000000', 'NoneHippoGiraffe'), 'en-us', 'Hippogiraffe') ON CONFLICT ("AnimalCraftId", "LanguageCode") DO NOTHING;
INSERT INTO "alchimalia_schema"."AnimalDefinitions" ("Id", "Label", "Src", "IsHybrid", "RegionId", "Status", "Version", "BaseVersion", "LastPublishedVersion", "PublishedByUserId", "CreatedAt", "UpdatedAt", "PublishedAtUtc") VALUES (uuid_generate_v5('00000000-0000-0000-0000-000000000000', 'HippoGiraffeNone'), 'Hippiraffe', 'images/bestiary/discovery/HippoGiraffeNone.jpg', true, '10000000-0000-0000-0000-000000000008', 'published', 1, 0, 0, NULL, now() at time zone 'utc', now() at time zone 'utc', now() at time zone 'utc') ON CONFLICT ("Id") DO NOTHING;
INSERT INTO "alchimalia_schema"."AnimalCrafts" ("Id", "PublishedDefinitionId", "Label", "Src", "IsHybrid", "RegionId", "Status", "BaseVersion", "LastDraftVersion", "CreatedByUserId", "AssignedReviewerUserId", "ReviewedByUserId", "ApprovedByUserId", "ReviewNotes", "ReviewStartedAt", "ReviewEndedAt", "CreatedAt", "UpdatedAt") VALUES (uuid_generate_v5('00000000-0000-0000-0000-000000000000', 'HippoGiraffeNone'), uuid_generate_v5('00000000-0000-0000-0000-000000000000', 'HippoGiraffeNone'), 'Hippiraffe', 'images/bestiary/discovery/HippoGiraffeNone.jpg', true, '10000000-0000-0000-0000-000000000008', 'published', 0, 0, NULL, NULL, NULL, NULL, NULL, NULL, NULL, now() at time zone 'utc', now() at time zone 'utc') ON CONFLICT ("Id") DO NOTHING;
INSERT INTO "alchimalia_schema"."AnimalDefinitionTranslations" ("Id", "AnimalDefinitionId", "LanguageCode", "Label") VALUES (uuid_generate_v4(), uuid_generate_v5('00000000-0000-0000-0000-000000000000', 'HippoGiraffeNone'), 'ro-ro', 'Hipogaf') ON CONFLICT ("AnimalDefinitionId", "LanguageCode") DO NOTHING;
INSERT INTO "alchimalia_schema"."AnimalDefinitionTranslations" ("Id", "AnimalDefinitionId", "LanguageCode", "Label") VALUES (uuid_generate_v4(), uuid_generate_v5('00000000-0000-0000-0000-000000000000', 'HippoGiraffeNone'), 'en-us', 'Hippiraffe') ON CONFLICT ("AnimalDefinitionId", "LanguageCode") DO NOTHING;
INSERT INTO "alchimalia_schema"."AnimalCraftTranslations" ("Id", "AnimalCraftId", "LanguageCode", "Label") VALUES (uuid_generate_v4(), uuid_generate_v5('00000000-0000-0000-0000-000000000000', 'HippoGiraffeNone'), 'ro-ro', 'Hipogaf') ON CONFLICT ("AnimalCraftId", "LanguageCode") DO NOTHING;
INSERT INTO "alchimalia_schema"."AnimalCraftTranslations" ("Id", "AnimalCraftId", "LanguageCode", "Label") VALUES (uuid_generate_v4(), uuid_generate_v5('00000000-0000-0000-0000-000000000000', 'HippoGiraffeNone'), 'en-us', 'Hippiraffe') ON CONFLICT ("AnimalCraftId", "LanguageCode") DO NOTHING;
INSERT INTO "alchimalia_schema"."AnimalDefinitions" ("Id", "Label", "Src", "IsHybrid", "RegionId", "Status", "Version", "BaseVersion", "LastPublishedVersion", "PublishedByUserId", "CreatedAt", "UpdatedAt", "PublishedAtUtc") VALUES (uuid_generate_v5('00000000-0000-0000-0000-000000000000', 'BunnyNoneGiraffe'), 'Bunniraffe', 'images/bestiary/discovery/BunnyNoneGiraffe.jpg', true, '10000000-0000-0000-0000-000000000008', 'published', 1, 0, 0, NULL, now() at time zone 'utc', now() at time zone 'utc', now() at time zone 'utc') ON CONFLICT ("Id") DO NOTHING;
INSERT INTO "alchimalia_schema"."AnimalCrafts" ("Id", "PublishedDefinitionId", "Label", "Src", "IsHybrid", "RegionId", "Status", "BaseVersion", "LastDraftVersion", "CreatedByUserId", "AssignedReviewerUserId", "ReviewedByUserId", "ApprovedByUserId", "ReviewNotes", "ReviewStartedAt", "ReviewEndedAt", "CreatedAt", "UpdatedAt") VALUES (uuid_generate_v5('00000000-0000-0000-0000-000000000000', 'BunnyNoneGiraffe'), uuid_generate_v5('00000000-0000-0000-0000-000000000000', 'BunnyNoneGiraffe'), 'Bunniraffe', 'images/bestiary/discovery/BunnyNoneGiraffe.jpg', true, '10000000-0000-0000-0000-000000000008', 'published', 0, 0, NULL, NULL, NULL, NULL, NULL, NULL, NULL, now() at time zone 'utc', now() at time zone 'utc') ON CONFLICT ("Id") DO NOTHING;
INSERT INTO "alchimalia_schema"."AnimalDefinitionTranslations" ("Id", "AnimalDefinitionId", "LanguageCode", "Label") VALUES (uuid_generate_v4(), uuid_generate_v5('00000000-0000-0000-0000-000000000000', 'BunnyNoneGiraffe'), 'ro-ro', 'Iepugaf') ON CONFLICT ("AnimalDefinitionId", "LanguageCode") DO NOTHING;
INSERT INTO "alchimalia_schema"."AnimalDefinitionTranslations" ("Id", "AnimalDefinitionId", "LanguageCode", "Label") VALUES (uuid_generate_v4(), uuid_generate_v5('00000000-0000-0000-0000-000000000000', 'BunnyNoneGiraffe'), 'en-us', 'Bunniraffe') ON CONFLICT ("AnimalDefinitionId", "LanguageCode") DO NOTHING;
INSERT INTO "alchimalia_schema"."AnimalCraftTranslations" ("Id", "AnimalCraftId", "LanguageCode", "Label") VALUES (uuid_generate_v4(), uuid_generate_v5('00000000-0000-0000-0000-000000000000', 'BunnyNoneGiraffe'), 'ro-ro', 'Iepugaf') ON CONFLICT ("AnimalCraftId", "LanguageCode") DO NOTHING;
INSERT INTO "alchimalia_schema"."AnimalCraftTranslations" ("Id", "AnimalCraftId", "LanguageCode", "Label") VALUES (uuid_generate_v4(), uuid_generate_v5('00000000-0000-0000-0000-000000000000', 'BunnyNoneGiraffe'), 'en-us', 'Bunniraffe') ON CONFLICT ("AnimalCraftId", "LanguageCode") DO NOTHING;
INSERT INTO "alchimalia_schema"."AnimalDefinitions" ("Id", "Label", "Src", "IsHybrid", "RegionId", "Status", "Version", "BaseVersion", "LastPublishedVersion", "PublishedByUserId", "CreatedAt", "UpdatedAt", "PublishedAtUtc") VALUES (uuid_generate_v5('00000000-0000-0000-0000-000000000000', 'NoneGiraffeBunny'), 'Giraffunny', 'images/bestiary/discovery/NoneGiraffeBunny.jpg', true, '10000000-0000-0000-0000-000000000008', 'published', 1, 0, 0, NULL, now() at time zone 'utc', now() at time zone 'utc', now() at time zone 'utc') ON CONFLICT ("Id") DO NOTHING;
INSERT INTO "alchimalia_schema"."AnimalCrafts" ("Id", "PublishedDefinitionId", "Label", "Src", "IsHybrid", "RegionId", "Status", "BaseVersion", "LastDraftVersion", "CreatedByUserId", "AssignedReviewerUserId", "ReviewedByUserId", "ApprovedByUserId", "ReviewNotes", "ReviewStartedAt", "ReviewEndedAt", "CreatedAt", "UpdatedAt") VALUES (uuid_generate_v5('00000000-0000-0000-0000-000000000000', 'NoneGiraffeBunny'), uuid_generate_v5('00000000-0000-0000-0000-000000000000', 'NoneGiraffeBunny'), 'Giraffunny', 'images/bestiary/discovery/NoneGiraffeBunny.jpg', true, '10000000-0000-0000-0000-000000000008', 'published', 0, 0, NULL, NULL, NULL, NULL, NULL, NULL, NULL, now() at time zone 'utc', now() at time zone 'utc') ON CONFLICT ("Id") DO NOTHING;
INSERT INTO "alchimalia_schema"."AnimalDefinitionTranslations" ("Id", "AnimalDefinitionId", "LanguageCode", "Label") VALUES (uuid_generate_v4(), uuid_generate_v5('00000000-0000-0000-0000-000000000000', 'NoneGiraffeBunny'), 'ro-ro', 'Girafunel') ON CONFLICT ("AnimalDefinitionId", "LanguageCode") DO NOTHING;
INSERT INTO "alchimalia_schema"."AnimalDefinitionTranslations" ("Id", "AnimalDefinitionId", "LanguageCode", "Label") VALUES (uuid_generate_v4(), uuid_generate_v5('00000000-0000-0000-0000-000000000000', 'NoneGiraffeBunny'), 'en-us', 'Giraffunny') ON CONFLICT ("AnimalDefinitionId", "LanguageCode") DO NOTHING;
INSERT INTO "alchimalia_schema"."AnimalCraftTranslations" ("Id", "AnimalCraftId", "LanguageCode", "Label") VALUES (uuid_generate_v4(), uuid_generate_v5('00000000-0000-0000-0000-000000000000', 'NoneGiraffeBunny'), 'ro-ro', 'Girafunel') ON CONFLICT ("AnimalCraftId", "LanguageCode") DO NOTHING;
INSERT INTO "alchimalia_schema"."AnimalCraftTranslations" ("Id", "AnimalCraftId", "LanguageCode", "Label") VALUES (uuid_generate_v4(), uuid_generate_v5('00000000-0000-0000-0000-000000000000', 'NoneGiraffeBunny'), 'en-us', 'Giraffunny') ON CONFLICT ("AnimalCraftId", "LanguageCode") DO NOTHING;
INSERT INTO "alchimalia_schema"."AnimalDefinitions" ("Id", "Label", "Src", "IsHybrid", "RegionId", "Status", "Version", "BaseVersion", "LastPublishedVersion", "PublishedByUserId", "CreatedAt", "UpdatedAt", "PublishedAtUtc") VALUES (uuid_generate_v5('00000000-0000-0000-0000-000000000000', 'HippoBunnyGiraffe'), 'Hippiraffit', 'images/bestiary/discovery/HippoBunnyGiraffe.jpg', true, '10000000-0000-0000-0000-000000000008', 'published', 1, 0, 0, NULL, now() at time zone 'utc', now() at time zone 'utc', now() at time zone 'utc') ON CONFLICT ("Id") DO NOTHING;
INSERT INTO "alchimalia_schema"."AnimalCrafts" ("Id", "PublishedDefinitionId", "Label", "Src", "IsHybrid", "RegionId", "Status", "BaseVersion", "LastDraftVersion", "CreatedByUserId", "AssignedReviewerUserId", "ReviewedByUserId", "ApprovedByUserId", "ReviewNotes", "ReviewStartedAt", "ReviewEndedAt", "CreatedAt", "UpdatedAt") VALUES (uuid_generate_v5('00000000-0000-0000-0000-000000000000', 'HippoBunnyGiraffe'), uuid_generate_v5('00000000-0000-0000-0000-000000000000', 'HippoBunnyGiraffe'), 'Hippiraffit', 'images/bestiary/discovery/HippoBunnyGiraffe.jpg', true, '10000000-0000-0000-0000-000000000008', 'published', 0, 0, NULL, NULL, NULL, NULL, NULL, NULL, NULL, now() at time zone 'utc', now() at time zone 'utc') ON CONFLICT ("Id") DO NOTHING;
INSERT INTO "alchimalia_schema"."AnimalDefinitionTranslations" ("Id", "AnimalDefinitionId", "LanguageCode", "Label") VALUES (uuid_generate_v4(), uuid_generate_v5('00000000-0000-0000-0000-000000000000', 'HippoBunnyGiraffe'), 'ro-ro', 'Hiponaf') ON CONFLICT ("AnimalDefinitionId", "LanguageCode") DO NOTHING;
INSERT INTO "alchimalia_schema"."AnimalDefinitionTranslations" ("Id", "AnimalDefinitionId", "LanguageCode", "Label") VALUES (uuid_generate_v4(), uuid_generate_v5('00000000-0000-0000-0000-000000000000', 'HippoBunnyGiraffe'), 'en-us', 'Hippiraffit') ON CONFLICT ("AnimalDefinitionId", "LanguageCode") DO NOTHING;
INSERT INTO "alchimalia_schema"."AnimalCraftTranslations" ("Id", "AnimalCraftId", "LanguageCode", "Label") VALUES (uuid_generate_v4(), uuid_generate_v5('00000000-0000-0000-0000-000000000000', 'HippoBunnyGiraffe'), 'ro-ro', 'Hiponaf') ON CONFLICT ("AnimalCraftId", "LanguageCode") DO NOTHING;
INSERT INTO "alchimalia_schema"."AnimalCraftTranslations" ("Id", "AnimalCraftId", "LanguageCode", "Label") VALUES (uuid_generate_v4(), uuid_generate_v5('00000000-0000-0000-0000-000000000000', 'HippoBunnyGiraffe'), 'en-us', 'Hippiraffit') ON CONFLICT ("AnimalCraftId", "LanguageCode") DO NOTHING;
INSERT INTO "alchimalia_schema"."AnimalDefinitions" ("Id", "Label", "Src", "IsHybrid", "RegionId", "Status", "Version", "BaseVersion", "LastPublishedVersion", "PublishedByUserId", "CreatedAt", "UpdatedAt", "PublishedAtUtc") VALUES (uuid_generate_v5('00000000-0000-0000-0000-000000000000', 'GiraffeHippoBunny'), 'Giraffoppit', 'images/bestiary/discovery/GiraffeHippoBunny.jpg', true, '10000000-0000-0000-0000-000000000008', 'published', 1, 0, 0, NULL, now() at time zone 'utc', now() at time zone 'utc', now() at time zone 'utc') ON CONFLICT ("Id") DO NOTHING;
INSERT INTO "alchimalia_schema"."AnimalCrafts" ("Id", "PublishedDefinitionId", "Label", "Src", "IsHybrid", "RegionId", "Status", "BaseVersion", "LastDraftVersion", "CreatedByUserId", "AssignedReviewerUserId", "ReviewedByUserId", "ApprovedByUserId", "ReviewNotes", "ReviewStartedAt", "ReviewEndedAt", "CreatedAt", "UpdatedAt") VALUES (uuid_generate_v5('00000000-0000-0000-0000-000000000000', 'GiraffeHippoBunny'), uuid_generate_v5('00000000-0000-0000-0000-000000000000', 'GiraffeHippoBunny'), 'Giraffoppit', 'images/bestiary/discovery/GiraffeHippoBunny.jpg', true, '10000000-0000-0000-0000-000000000008', 'published', 0, 0, NULL, NULL, NULL, NULL, NULL, NULL, NULL, now() at time zone 'utc', now() at time zone 'utc') ON CONFLICT ("Id") DO NOTHING;
INSERT INTO "alchimalia_schema"."AnimalDefinitionTranslations" ("Id", "AnimalDefinitionId", "LanguageCode", "Label") VALUES (uuid_generate_v4(), uuid_generate_v5('00000000-0000-0000-0000-000000000000', 'GiraffeHippoBunny'), 'ro-ro', 'Girafotinel') ON CONFLICT ("AnimalDefinitionId", "LanguageCode") DO NOTHING;
INSERT INTO "alchimalia_schema"."AnimalDefinitionTranslations" ("Id", "AnimalDefinitionId", "LanguageCode", "Label") VALUES (uuid_generate_v4(), uuid_generate_v5('00000000-0000-0000-0000-000000000000', 'GiraffeHippoBunny'), 'en-us', 'Giraffoppit') ON CONFLICT ("AnimalDefinitionId", "LanguageCode") DO NOTHING;
INSERT INTO "alchimalia_schema"."AnimalCraftTranslations" ("Id", "AnimalCraftId", "LanguageCode", "Label") VALUES (uuid_generate_v4(), uuid_generate_v5('00000000-0000-0000-0000-000000000000', 'GiraffeHippoBunny'), 'ro-ro', 'Girafotinel') ON CONFLICT ("AnimalCraftId", "LanguageCode") DO NOTHING;
INSERT INTO "alchimalia_schema"."AnimalCraftTranslations" ("Id", "AnimalCraftId", "LanguageCode", "Label") VALUES (uuid_generate_v4(), uuid_generate_v5('00000000-0000-0000-0000-000000000000', 'GiraffeHippoBunny'), 'en-us', 'Giraffoppit') ON CONFLICT ("AnimalCraftId", "LanguageCode") DO NOTHING;
INSERT INTO "alchimalia_schema"."AnimalDefinitions" ("Id", "Label", "Src", "IsHybrid", "RegionId", "Status", "Version", "BaseVersion", "LastPublishedVersion", "PublishedByUserId", "CreatedAt", "UpdatedAt", "PublishedAtUtc") VALUES (uuid_generate_v5('00000000-0000-0000-0000-000000000000', 'BunnyGiraffeHippo'), 'Bunniraffoppo', 'images/bestiary/discovery/BunnyGiraffeHippo.jpg', true, '10000000-0000-0000-0000-000000000008', 'published', 1, 0, 0, NULL, now() at time zone 'utc', now() at time zone 'utc', now() at time zone 'utc') ON CONFLICT ("Id") DO NOTHING;
INSERT INTO "alchimalia_schema"."AnimalCrafts" ("Id", "PublishedDefinitionId", "Label", "Src", "IsHybrid", "RegionId", "Status", "BaseVersion", "LastDraftVersion", "CreatedByUserId", "AssignedReviewerUserId", "ReviewedByUserId", "ApprovedByUserId", "ReviewNotes", "ReviewStartedAt", "ReviewEndedAt", "CreatedAt", "UpdatedAt") VALUES (uuid_generate_v5('00000000-0000-0000-0000-000000000000', 'BunnyGiraffeHippo'), uuid_generate_v5('00000000-0000-0000-0000-000000000000', 'BunnyGiraffeHippo'), 'Bunniraffoppo', 'images/bestiary/discovery/BunnyGiraffeHippo.jpg', true, '10000000-0000-0000-0000-000000000008', 'published', 0, 0, NULL, NULL, NULL, NULL, NULL, NULL, NULL, now() at time zone 'utc', now() at time zone 'utc') ON CONFLICT ("Id") DO NOTHING;
INSERT INTO "alchimalia_schema"."AnimalDefinitionTranslations" ("Id", "AnimalDefinitionId", "LanguageCode", "Label") VALUES (uuid_generate_v4(), uuid_generate_v5('00000000-0000-0000-0000-000000000000', 'BunnyGiraffeHippo'), 'ro-ro', 'Iepogafotam') ON CONFLICT ("AnimalDefinitionId", "LanguageCode") DO NOTHING;
INSERT INTO "alchimalia_schema"."AnimalDefinitionTranslations" ("Id", "AnimalDefinitionId", "LanguageCode", "Label") VALUES (uuid_generate_v4(), uuid_generate_v5('00000000-0000-0000-0000-000000000000', 'BunnyGiraffeHippo'), 'en-us', 'Bunniraffoppo') ON CONFLICT ("AnimalDefinitionId", "LanguageCode") DO NOTHING;
INSERT INTO "alchimalia_schema"."AnimalCraftTranslations" ("Id", "AnimalCraftId", "LanguageCode", "Label") VALUES (uuid_generate_v4(), uuid_generate_v5('00000000-0000-0000-0000-000000000000', 'BunnyGiraffeHippo'), 'ro-ro', 'Iepogafotam') ON CONFLICT ("AnimalCraftId", "LanguageCode") DO NOTHING;
INSERT INTO "alchimalia_schema"."AnimalCraftTranslations" ("Id", "AnimalCraftId", "LanguageCode", "Label") VALUES (uuid_generate_v4(), uuid_generate_v5('00000000-0000-0000-0000-000000000000', 'BunnyGiraffeHippo'), 'en-us', 'Bunniraffoppo') ON CONFLICT ("AnimalCraftId", "LanguageCode") DO NOTHING;
INSERT INTO "alchimalia_schema"."AnimalDefinitions" ("Id", "Label", "Src", "IsHybrid", "RegionId", "Status", "Version", "BaseVersion", "LastPublishedVersion", "PublishedByUserId", "CreatedAt", "UpdatedAt", "PublishedAtUtc") VALUES (uuid_generate_v5('00000000-0000-0000-0000-000000000000', 'NoneBunnyHippo'), 'Bunnyppos', 'images/bestiary/discovery/NoneBunnyHippo.jpg', true, '10000000-0000-0000-0000-000000000008', 'published', 1, 0, 0, NULL, now() at time zone 'utc', now() at time zone 'utc', now() at time zone 'utc') ON CONFLICT ("Id") DO NOTHING;
INSERT INTO "alchimalia_schema"."AnimalCrafts" ("Id", "PublishedDefinitionId", "Label", "Src", "IsHybrid", "RegionId", "Status", "BaseVersion", "LastDraftVersion", "CreatedByUserId", "AssignedReviewerUserId", "ReviewedByUserId", "ApprovedByUserId", "ReviewNotes", "ReviewStartedAt", "ReviewEndedAt", "CreatedAt", "UpdatedAt") VALUES (uuid_generate_v5('00000000-0000-0000-0000-000000000000', 'NoneBunnyHippo'), uuid_generate_v5('00000000-0000-0000-0000-000000000000', 'NoneBunnyHippo'), 'Bunnyppos', 'images/bestiary/discovery/NoneBunnyHippo.jpg', true, '10000000-0000-0000-0000-000000000008', 'published', 0, 0, NULL, NULL, NULL, NULL, NULL, NULL, NULL, now() at time zone 'utc', now() at time zone 'utc') ON CONFLICT ("Id") DO NOTHING;
INSERT INTO "alchimalia_schema"."AnimalDefinitionTranslations" ("Id", "AnimalDefinitionId", "LanguageCode", "Label") VALUES (uuid_generate_v4(), uuid_generate_v5('00000000-0000-0000-0000-000000000000', 'NoneBunnyHippo'), 'ro-ro', 'Iepuripotam') ON CONFLICT ("AnimalDefinitionId", "LanguageCode") DO NOTHING;
INSERT INTO "alchimalia_schema"."AnimalDefinitionTranslations" ("Id", "AnimalDefinitionId", "LanguageCode", "Label") VALUES (uuid_generate_v4(), uuid_generate_v5('00000000-0000-0000-0000-000000000000', 'NoneBunnyHippo'), 'en-us', 'Bunnyppos') ON CONFLICT ("AnimalDefinitionId", "LanguageCode") DO NOTHING;
INSERT INTO "alchimalia_schema"."AnimalCraftTranslations" ("Id", "AnimalCraftId", "LanguageCode", "Label") VALUES (uuid_generate_v4(), uuid_generate_v5('00000000-0000-0000-0000-000000000000', 'NoneBunnyHippo'), 'ro-ro', 'Iepuripotam') ON CONFLICT ("AnimalCraftId", "LanguageCode") DO NOTHING;
INSERT INTO "alchimalia_schema"."AnimalCraftTranslations" ("Id", "AnimalCraftId", "LanguageCode", "Label") VALUES (uuid_generate_v4(), uuid_generate_v5('00000000-0000-0000-0000-000000000000', 'NoneBunnyHippo'), 'en-us', 'Bunnyppos') ON CONFLICT ("AnimalCraftId", "LanguageCode") DO NOTHING;
INSERT INTO "alchimalia_schema"."AnimalDefinitions" ("Id", "Label", "Src", "IsHybrid", "RegionId", "Status", "Version", "BaseVersion", "LastPublishedVersion", "PublishedByUserId", "CreatedAt", "UpdatedAt", "PublishedAtUtc") VALUES (uuid_generate_v5('00000000-0000-0000-0000-000000000000', 'GiraffeNoneHippo'), 'Giraffopotir', 'images/bestiary/discovery/GiraffeNoneHippo.jpg', true, '10000000-0000-0000-0000-000000000008', 'published', 1, 0, 0, NULL, now() at time zone 'utc', now() at time zone 'utc', now() at time zone 'utc') ON CONFLICT ("Id") DO NOTHING;
INSERT INTO "alchimalia_schema"."AnimalCrafts" ("Id", "PublishedDefinitionId", "Label", "Src", "IsHybrid", "RegionId", "Status", "BaseVersion", "LastDraftVersion", "CreatedByUserId", "AssignedReviewerUserId", "ReviewedByUserId", "ApprovedByUserId", "ReviewNotes", "ReviewStartedAt", "ReviewEndedAt", "CreatedAt", "UpdatedAt") VALUES (uuid_generate_v5('00000000-0000-0000-0000-000000000000', 'GiraffeNoneHippo'), uuid_generate_v5('00000000-0000-0000-0000-000000000000', 'GiraffeNoneHippo'), 'Giraffopotir', 'images/bestiary/discovery/GiraffeNoneHippo.jpg', true, '10000000-0000-0000-0000-000000000008', 'published', 0, 0, NULL, NULL, NULL, NULL, NULL, NULL, NULL, now() at time zone 'utc', now() at time zone 'utc') ON CONFLICT ("Id") DO NOTHING;
INSERT INTO "alchimalia_schema"."AnimalDefinitionTranslations" ("Id", "AnimalDefinitionId", "LanguageCode", "Label") VALUES (uuid_generate_v4(), uuid_generate_v5('00000000-0000-0000-0000-000000000000', 'GiraffeNoneHippo'), 'ro-ro', 'Girafotamiel') ON CONFLICT ("AnimalDefinitionId", "LanguageCode") DO NOTHING;
INSERT INTO "alchimalia_schema"."AnimalDefinitionTranslations" ("Id", "AnimalDefinitionId", "LanguageCode", "Label") VALUES (uuid_generate_v4(), uuid_generate_v5('00000000-0000-0000-0000-000000000000', 'GiraffeNoneHippo'), 'en-us', 'Giraffopotir') ON CONFLICT ("AnimalDefinitionId", "LanguageCode") DO NOTHING;
INSERT INTO "alchimalia_schema"."AnimalCraftTranslations" ("Id", "AnimalCraftId", "LanguageCode", "Label") VALUES (uuid_generate_v4(), uuid_generate_v5('00000000-0000-0000-0000-000000000000', 'GiraffeNoneHippo'), 'ro-ro', 'Girafotamiel') ON CONFLICT ("AnimalCraftId", "LanguageCode") DO NOTHING;
INSERT INTO "alchimalia_schema"."AnimalCraftTranslations" ("Id", "AnimalCraftId", "LanguageCode", "Label") VALUES (uuid_generate_v4(), uuid_generate_v5('00000000-0000-0000-0000-000000000000', 'GiraffeNoneHippo'), 'en-us', 'Giraffopotir') ON CONFLICT ("AnimalCraftId", "LanguageCode") DO NOTHING;
INSERT INTO "alchimalia_schema"."AnimalDefinitions" ("Id", "Label", "Src", "IsHybrid", "RegionId", "Status", "Version", "BaseVersion", "LastPublishedVersion", "PublishedByUserId", "CreatedAt", "UpdatedAt", "PublishedAtUtc") VALUES (uuid_generate_v5('00000000-0000-0000-0000-000000000000', 'HippoNoneBunny'), 'Hipponel', 'images/bestiary/discovery/HippoNoneBunny.jpg', true, '10000000-0000-0000-0000-000000000008', 'published', 1, 0, 0, NULL, now() at time zone 'utc', now() at time zone 'utc', now() at time zone 'utc') ON CONFLICT ("Id") DO NOTHING;
INSERT INTO "alchimalia_schema"."AnimalCrafts" ("Id", "PublishedDefinitionId", "Label", "Src", "IsHybrid", "RegionId", "Status", "BaseVersion", "LastDraftVersion", "CreatedByUserId", "AssignedReviewerUserId", "ReviewedByUserId", "ApprovedByUserId", "ReviewNotes", "ReviewStartedAt", "ReviewEndedAt", "CreatedAt", "UpdatedAt") VALUES (uuid_generate_v5('00000000-0000-0000-0000-000000000000', 'HippoNoneBunny'), uuid_generate_v5('00000000-0000-0000-0000-000000000000', 'HippoNoneBunny'), 'Hipponel', 'images/bestiary/discovery/HippoNoneBunny.jpg', true, '10000000-0000-0000-0000-000000000008', 'published', 0, 0, NULL, NULL, NULL, NULL, NULL, NULL, NULL, now() at time zone 'utc', now() at time zone 'utc') ON CONFLICT ("Id") DO NOTHING;
INSERT INTO "alchimalia_schema"."AnimalDefinitionTranslations" ("Id", "AnimalDefinitionId", "LanguageCode", "Label") VALUES (uuid_generate_v4(), uuid_generate_v5('00000000-0000-0000-0000-000000000000', 'HippoNoneBunny'), 'ro-ro', 'Hipopurel') ON CONFLICT ("AnimalDefinitionId", "LanguageCode") DO NOTHING;
INSERT INTO "alchimalia_schema"."AnimalDefinitionTranslations" ("Id", "AnimalDefinitionId", "LanguageCode", "Label") VALUES (uuid_generate_v4(), uuid_generate_v5('00000000-0000-0000-0000-000000000000', 'HippoNoneBunny'), 'en-us', 'Hipponel') ON CONFLICT ("AnimalDefinitionId", "LanguageCode") DO NOTHING;
INSERT INTO "alchimalia_schema"."AnimalCraftTranslations" ("Id", "AnimalCraftId", "LanguageCode", "Label") VALUES (uuid_generate_v4(), uuid_generate_v5('00000000-0000-0000-0000-000000000000', 'HippoNoneBunny'), 'ro-ro', 'Hipopurel') ON CONFLICT ("AnimalCraftId", "LanguageCode") DO NOTHING;
INSERT INTO "alchimalia_schema"."AnimalCraftTranslations" ("Id", "AnimalCraftId", "LanguageCode", "Label") VALUES (uuid_generate_v4(), uuid_generate_v5('00000000-0000-0000-0000-000000000000', 'HippoNoneBunny'), 'en-us', 'Hipponel') ON CONFLICT ("AnimalCraftId", "LanguageCode") DO NOTHING;
INSERT INTO "alchimalia_schema"."AnimalDefinitions" ("Id", "Label", "Src", "IsHybrid", "RegionId", "Status", "Version", "BaseVersion", "LastPublishedVersion", "PublishedByUserId", "CreatedAt", "UpdatedAt", "PublishedAtUtc") VALUES (uuid_generate_v5('00000000-0000-0000-0000-000000000000', 'NoneGiraffeHippo'), 'Giraffotam', 'images/bestiary/discovery/NoneGiraffeHippo.jpg', true, '10000000-0000-0000-0000-000000000008', 'published', 1, 0, 0, NULL, now() at time zone 'utc', now() at time zone 'utc', now() at time zone 'utc') ON CONFLICT ("Id") DO NOTHING;
INSERT INTO "alchimalia_schema"."AnimalCrafts" ("Id", "PublishedDefinitionId", "Label", "Src", "IsHybrid", "RegionId", "Status", "BaseVersion", "LastDraftVersion", "CreatedByUserId", "AssignedReviewerUserId", "ReviewedByUserId", "ApprovedByUserId", "ReviewNotes", "ReviewStartedAt", "ReviewEndedAt", "CreatedAt", "UpdatedAt") VALUES (uuid_generate_v5('00000000-0000-0000-0000-000000000000', 'NoneGiraffeHippo'), uuid_generate_v5('00000000-0000-0000-0000-000000000000', 'NoneGiraffeHippo'), 'Giraffotam', 'images/bestiary/discovery/NoneGiraffeHippo.jpg', true, '10000000-0000-0000-0000-000000000008', 'published', 0, 0, NULL, NULL, NULL, NULL, NULL, NULL, NULL, now() at time zone 'utc', now() at time zone 'utc') ON CONFLICT ("Id") DO NOTHING;
INSERT INTO "alchimalia_schema"."AnimalDefinitionTranslations" ("Id", "AnimalDefinitionId", "LanguageCode", "Label") VALUES (uuid_generate_v4(), uuid_generate_v5('00000000-0000-0000-0000-000000000000', 'NoneGiraffeHippo'), 'ro-ro', 'Girafopotir') ON CONFLICT ("AnimalDefinitionId", "LanguageCode") DO NOTHING;
INSERT INTO "alchimalia_schema"."AnimalDefinitionTranslations" ("Id", "AnimalDefinitionId", "LanguageCode", "Label") VALUES (uuid_generate_v4(), uuid_generate_v5('00000000-0000-0000-0000-000000000000', 'NoneGiraffeHippo'), 'en-us', 'Giraffotam') ON CONFLICT ("AnimalDefinitionId", "LanguageCode") DO NOTHING;
INSERT INTO "alchimalia_schema"."AnimalCraftTranslations" ("Id", "AnimalCraftId", "LanguageCode", "Label") VALUES (uuid_generate_v4(), uuid_generate_v5('00000000-0000-0000-0000-000000000000', 'NoneGiraffeHippo'), 'ro-ro', 'Girafopotir') ON CONFLICT ("AnimalCraftId", "LanguageCode") DO NOTHING;
INSERT INTO "alchimalia_schema"."AnimalCraftTranslations" ("Id", "AnimalCraftId", "LanguageCode", "Label") VALUES (uuid_generate_v4(), uuid_generate_v5('00000000-0000-0000-0000-000000000000', 'NoneGiraffeHippo'), 'en-us', 'Giraffotam') ON CONFLICT ("AnimalCraftId", "LanguageCode") DO NOTHING;
INSERT INTO "alchimalia_schema"."AnimalDefinitions" ("Id", "Label", "Src", "IsHybrid", "RegionId", "Status", "Version", "BaseVersion", "LastPublishedVersion", "PublishedByUserId", "CreatedAt", "UpdatedAt", "PublishedAtUtc") VALUES (uuid_generate_v5('00000000-0000-0000-0000-000000000000', 'HippoBunnyNone'), 'Hippityhop', 'images/bestiary/discovery/HippoBunnyNone.jpg', true, '10000000-0000-0000-0000-000000000008', 'published', 1, 0, 0, NULL, now() at time zone 'utc', now() at time zone 'utc', now() at time zone 'utc') ON CONFLICT ("Id") DO NOTHING;
INSERT INTO "alchimalia_schema"."AnimalCrafts" ("Id", "PublishedDefinitionId", "Label", "Src", "IsHybrid", "RegionId", "Status", "BaseVersion", "LastDraftVersion", "CreatedByUserId", "AssignedReviewerUserId", "ReviewedByUserId", "ApprovedByUserId", "ReviewNotes", "ReviewStartedAt", "ReviewEndedAt", "CreatedAt", "UpdatedAt") VALUES (uuid_generate_v5('00000000-0000-0000-0000-000000000000', 'HippoBunnyNone'), uuid_generate_v5('00000000-0000-0000-0000-000000000000', 'HippoBunnyNone'), 'Hippityhop', 'images/bestiary/discovery/HippoBunnyNone.jpg', true, '10000000-0000-0000-0000-000000000008', 'published', 0, 0, NULL, NULL, NULL, NULL, NULL, NULL, NULL, now() at time zone 'utc', now() at time zone 'utc') ON CONFLICT ("Id") DO NOTHING;
INSERT INTO "alchimalia_schema"."AnimalDefinitionTranslations" ("Id", "AnimalDefinitionId", "LanguageCode", "Label") VALUES (uuid_generate_v4(), uuid_generate_v5('00000000-0000-0000-0000-000000000000', 'HippoBunnyNone'), 'ro-ro', 'Hiponelus') ON CONFLICT ("AnimalDefinitionId", "LanguageCode") DO NOTHING;
INSERT INTO "alchimalia_schema"."AnimalDefinitionTranslations" ("Id", "AnimalDefinitionId", "LanguageCode", "Label") VALUES (uuid_generate_v4(), uuid_generate_v5('00000000-0000-0000-0000-000000000000', 'HippoBunnyNone'), 'en-us', 'Hippityhop') ON CONFLICT ("AnimalDefinitionId", "LanguageCode") DO NOTHING;
INSERT INTO "alchimalia_schema"."AnimalCraftTranslations" ("Id", "AnimalCraftId", "LanguageCode", "Label") VALUES (uuid_generate_v4(), uuid_generate_v5('00000000-0000-0000-0000-000000000000', 'HippoBunnyNone'), 'ro-ro', 'Hiponelus') ON CONFLICT ("AnimalCraftId", "LanguageCode") DO NOTHING;
INSERT INTO "alchimalia_schema"."AnimalCraftTranslations" ("Id", "AnimalCraftId", "LanguageCode", "Label") VALUES (uuid_generate_v4(), uuid_generate_v5('00000000-0000-0000-0000-000000000000', 'HippoBunnyNone'), 'en-us', 'Hippityhop') ON CONFLICT ("AnimalCraftId", "LanguageCode") DO NOTHING;
INSERT INTO "alchimalia_schema"."AnimalDefinitions" ("Id", "Label", "Src", "IsHybrid", "RegionId", "Status", "Version", "BaseVersion", "LastPublishedVersion", "PublishedByUserId", "CreatedAt", "UpdatedAt", "PublishedAtUtc") VALUES (uuid_generate_v5('00000000-0000-0000-0000-000000000000', 'NoneHippoBunny'), 'Hippuriel', 'images/bestiary/discovery/NoneHippoBunny.jpg', true, '10000000-0000-0000-0000-000000000008', 'published', 1, 0, 0, NULL, now() at time zone 'utc', now() at time zone 'utc', now() at time zone 'utc') ON CONFLICT ("Id") DO NOTHING;
INSERT INTO "alchimalia_schema"."AnimalCrafts" ("Id", "PublishedDefinitionId", "Label", "Src", "IsHybrid", "RegionId", "Status", "BaseVersion", "LastDraftVersion", "CreatedByUserId", "AssignedReviewerUserId", "ReviewedByUserId", "ApprovedByUserId", "ReviewNotes", "ReviewStartedAt", "ReviewEndedAt", "CreatedAt", "UpdatedAt") VALUES (uuid_generate_v5('00000000-0000-0000-0000-000000000000', 'NoneHippoBunny'), uuid_generate_v5('00000000-0000-0000-0000-000000000000', 'NoneHippoBunny'), 'Hippuriel', 'images/bestiary/discovery/NoneHippoBunny.jpg', true, '10000000-0000-0000-0000-000000000008', 'published', 0, 0, NULL, NULL, NULL, NULL, NULL, NULL, NULL, now() at time zone 'utc', now() at time zone 'utc') ON CONFLICT ("Id") DO NOTHING;
INSERT INTO "alchimalia_schema"."AnimalDefinitionTranslations" ("Id", "AnimalDefinitionId", "LanguageCode", "Label") VALUES (uuid_generate_v4(), uuid_generate_v5('00000000-0000-0000-0000-000000000000', 'NoneHippoBunny'), 'ro-ro', 'Hipuriel') ON CONFLICT ("AnimalDefinitionId", "LanguageCode") DO NOTHING;
INSERT INTO "alchimalia_schema"."AnimalDefinitionTranslations" ("Id", "AnimalDefinitionId", "LanguageCode", "Label") VALUES (uuid_generate_v4(), uuid_generate_v5('00000000-0000-0000-0000-000000000000', 'NoneHippoBunny'), 'en-us', 'Hippuriel') ON CONFLICT ("AnimalDefinitionId", "LanguageCode") DO NOTHING;
INSERT INTO "alchimalia_schema"."AnimalCraftTranslations" ("Id", "AnimalCraftId", "LanguageCode", "Label") VALUES (uuid_generate_v4(), uuid_generate_v5('00000000-0000-0000-0000-000000000000', 'NoneHippoBunny'), 'ro-ro', 'Hipuriel') ON CONFLICT ("AnimalCraftId", "LanguageCode") DO NOTHING;
INSERT INTO "alchimalia_schema"."AnimalCraftTranslations" ("Id", "AnimalCraftId", "LanguageCode", "Label") VALUES (uuid_generate_v4(), uuid_generate_v5('00000000-0000-0000-0000-000000000000', 'NoneHippoBunny'), 'en-us', 'Hippuriel') ON CONFLICT ("AnimalCraftId", "LanguageCode") DO NOTHING;
INSERT INTO "alchimalia_schema"."AnimalDefinitions" ("Id", "Label", "Src", "IsHybrid", "RegionId", "Status", "Version", "BaseVersion", "LastPublishedVersion", "PublishedByUserId", "CreatedAt", "UpdatedAt", "PublishedAtUtc") VALUES (uuid_generate_v5('00000000-0000-0000-0000-000000000000', 'GiraffeHippoNone'), 'Giraffoppo', 'images/bestiary/discovery/GiraffeHippoNone.jpg', true, '10000000-0000-0000-0000-000000000008', 'published', 1, 0, 0, NULL, now() at time zone 'utc', now() at time zone 'utc', now() at time zone 'utc') ON CONFLICT ("Id") DO NOTHING;
INSERT INTO "alchimalia_schema"."AnimalCrafts" ("Id", "PublishedDefinitionId", "Label", "Src", "IsHybrid", "RegionId", "Status", "BaseVersion", "LastDraftVersion", "CreatedByUserId", "AssignedReviewerUserId", "ReviewedByUserId", "ApprovedByUserId", "ReviewNotes", "ReviewStartedAt", "ReviewEndedAt", "CreatedAt", "UpdatedAt") VALUES (uuid_generate_v5('00000000-0000-0000-0000-000000000000', 'GiraffeHippoNone'), uuid_generate_v5('00000000-0000-0000-0000-000000000000', 'GiraffeHippoNone'), 'Giraffoppo', 'images/bestiary/discovery/GiraffeHippoNone.jpg', true, '10000000-0000-0000-0000-000000000008', 'published', 0, 0, NULL, NULL, NULL, NULL, NULL, NULL, NULL, now() at time zone 'utc', now() at time zone 'utc') ON CONFLICT ("Id") DO NOTHING;
INSERT INTO "alchimalia_schema"."AnimalDefinitionTranslations" ("Id", "AnimalDefinitionId", "LanguageCode", "Label") VALUES (uuid_generate_v4(), uuid_generate_v5('00000000-0000-0000-0000-000000000000', 'GiraffeHippoNone'), 'ro-ro', 'Girafopot') ON CONFLICT ("AnimalDefinitionId", "LanguageCode") DO NOTHING;
INSERT INTO "alchimalia_schema"."AnimalDefinitionTranslations" ("Id", "AnimalDefinitionId", "LanguageCode", "Label") VALUES (uuid_generate_v4(), uuid_generate_v5('00000000-0000-0000-0000-000000000000', 'GiraffeHippoNone'), 'en-us', 'Giraffoppo') ON CONFLICT ("AnimalDefinitionId", "LanguageCode") DO NOTHING;
INSERT INTO "alchimalia_schema"."AnimalCraftTranslations" ("Id", "AnimalCraftId", "LanguageCode", "Label") VALUES (uuid_generate_v4(), uuid_generate_v5('00000000-0000-0000-0000-000000000000', 'GiraffeHippoNone'), 'ro-ro', 'Girafopot') ON CONFLICT ("AnimalCraftId", "LanguageCode") DO NOTHING;
INSERT INTO "alchimalia_schema"."AnimalCraftTranslations" ("Id", "AnimalCraftId", "LanguageCode", "Label") VALUES (uuid_generate_v4(), uuid_generate_v5('00000000-0000-0000-0000-000000000000', 'GiraffeHippoNone'), 'en-us', 'Giraffoppo') ON CONFLICT ("AnimalCraftId", "LanguageCode") DO NOTHING;
INSERT INTO "alchimalia_schema"."AnimalDefinitions" ("Id", "Label", "Src", "IsHybrid", "RegionId", "Status", "Version", "BaseVersion", "LastPublishedVersion", "PublishedByUserId", "CreatedAt", "UpdatedAt", "PublishedAtUtc") VALUES (uuid_generate_v5('00000000-0000-0000-0000-000000000000', 'BunnyGiraffeNone'), 'Bunniraffe', 'images/bestiary/discovery/BunnyGiraffeNone.jpg', true, '10000000-0000-0000-0000-000000000008', 'published', 1, 0, 0, NULL, now() at time zone 'utc', now() at time zone 'utc', now() at time zone 'utc') ON CONFLICT ("Id") DO NOTHING;
INSERT INTO "alchimalia_schema"."AnimalCrafts" ("Id", "PublishedDefinitionId", "Label", "Src", "IsHybrid", "RegionId", "Status", "BaseVersion", "LastDraftVersion", "CreatedByUserId", "AssignedReviewerUserId", "ReviewedByUserId", "ApprovedByUserId", "ReviewNotes", "ReviewStartedAt", "ReviewEndedAt", "CreatedAt", "UpdatedAt") VALUES (uuid_generate_v5('00000000-0000-0000-0000-000000000000', 'BunnyGiraffeNone'), uuid_generate_v5('00000000-0000-0000-0000-000000000000', 'BunnyGiraffeNone'), 'Bunniraffe', 'images/bestiary/discovery/BunnyGiraffeNone.jpg', true, '10000000-0000-0000-0000-000000000008', 'published', 0, 0, NULL, NULL, NULL, NULL, NULL, NULL, NULL, now() at time zone 'utc', now() at time zone 'utc') ON CONFLICT ("Id") DO NOTHING;
INSERT INTO "alchimalia_schema"."AnimalDefinitionTranslations" ("Id", "AnimalDefinitionId", "LanguageCode", "Label") VALUES (uuid_generate_v4(), uuid_generate_v5('00000000-0000-0000-0000-000000000000', 'BunnyGiraffeNone'), 'ro-ro', 'Iepurafonel') ON CONFLICT ("AnimalDefinitionId", "LanguageCode") DO NOTHING;
INSERT INTO "alchimalia_schema"."AnimalDefinitionTranslations" ("Id", "AnimalDefinitionId", "LanguageCode", "Label") VALUES (uuid_generate_v4(), uuid_generate_v5('00000000-0000-0000-0000-000000000000', 'BunnyGiraffeNone'), 'en-us', 'Bunniraffe') ON CONFLICT ("AnimalDefinitionId", "LanguageCode") DO NOTHING;
INSERT INTO "alchimalia_schema"."AnimalCraftTranslations" ("Id", "AnimalCraftId", "LanguageCode", "Label") VALUES (uuid_generate_v4(), uuid_generate_v5('00000000-0000-0000-0000-000000000000', 'BunnyGiraffeNone'), 'ro-ro', 'Iepurafonel') ON CONFLICT ("AnimalCraftId", "LanguageCode") DO NOTHING;
INSERT INTO "alchimalia_schema"."AnimalCraftTranslations" ("Id", "AnimalCraftId", "LanguageCode", "Label") VALUES (uuid_generate_v4(), uuid_generate_v5('00000000-0000-0000-0000-000000000000', 'BunnyGiraffeNone'), 'en-us', 'Bunniraffe') ON CONFLICT ("AnimalCraftId", "LanguageCode") DO NOTHING;
INSERT INTO "alchimalia_schema"."AnimalDefinitions" ("Id", "Label", "Src", "IsHybrid", "RegionId", "Status", "Version", "BaseVersion", "LastPublishedVersion", "PublishedByUserId", "CreatedAt", "UpdatedAt", "PublishedAtUtc") VALUES (uuid_generate_v5('00000000-0000-0000-0000-000000000000', 'NoneBunnyGiraffe'), 'Bunnygiraf', 'images/bestiary/discovery/NoneBunnyGiraffe.jpg', true, '10000000-0000-0000-0000-000000000008', 'published', 1, 0, 0, NULL, now() at time zone 'utc', now() at time zone 'utc', now() at time zone 'utc') ON CONFLICT ("Id") DO NOTHING;
INSERT INTO "alchimalia_schema"."AnimalCrafts" ("Id", "PublishedDefinitionId", "Label", "Src", "IsHybrid", "RegionId", "Status", "BaseVersion", "LastDraftVersion", "CreatedByUserId", "AssignedReviewerUserId", "ReviewedByUserId", "ApprovedByUserId", "ReviewNotes", "ReviewStartedAt", "ReviewEndedAt", "CreatedAt", "UpdatedAt") VALUES (uuid_generate_v5('00000000-0000-0000-0000-000000000000', 'NoneBunnyGiraffe'), uuid_generate_v5('00000000-0000-0000-0000-000000000000', 'NoneBunnyGiraffe'), 'Bunnygiraf', 'images/bestiary/discovery/NoneBunnyGiraffe.jpg', true, '10000000-0000-0000-0000-000000000008', 'published', 0, 0, NULL, NULL, NULL, NULL, NULL, NULL, NULL, now() at time zone 'utc', now() at time zone 'utc') ON CONFLICT ("Id") DO NOTHING;
INSERT INTO "alchimalia_schema"."AnimalDefinitionTranslations" ("Id", "AnimalDefinitionId", "LanguageCode", "Label") VALUES (uuid_generate_v4(), uuid_generate_v5('00000000-0000-0000-0000-000000000000', 'NoneBunnyGiraffe'), 'ro-ro', 'Iepuragiraf') ON CONFLICT ("AnimalDefinitionId", "LanguageCode") DO NOTHING;
INSERT INTO "alchimalia_schema"."AnimalDefinitionTranslations" ("Id", "AnimalDefinitionId", "LanguageCode", "Label") VALUES (uuid_generate_v4(), uuid_generate_v5('00000000-0000-0000-0000-000000000000', 'NoneBunnyGiraffe'), 'en-us', 'Bunnygiraf') ON CONFLICT ("AnimalDefinitionId", "LanguageCode") DO NOTHING;
INSERT INTO "alchimalia_schema"."AnimalCraftTranslations" ("Id", "AnimalCraftId", "LanguageCode", "Label") VALUES (uuid_generate_v4(), uuid_generate_v5('00000000-0000-0000-0000-000000000000', 'NoneBunnyGiraffe'), 'ro-ro', 'Iepuragiraf') ON CONFLICT ("AnimalCraftId", "LanguageCode") DO NOTHING;
INSERT INTO "alchimalia_schema"."AnimalCraftTranslations" ("Id", "AnimalCraftId", "LanguageCode", "Label") VALUES (uuid_generate_v4(), uuid_generate_v5('00000000-0000-0000-0000-000000000000', 'NoneBunnyGiraffe'), 'en-us', 'Bunnygiraf') ON CONFLICT ("AnimalCraftId", "LanguageCode") DO NOTHING;
INSERT INTO "alchimalia_schema"."AnimalDefinitions" ("Id", "Label", "Src", "IsHybrid", "RegionId", "Status", "Version", "BaseVersion", "LastPublishedVersion", "PublishedByUserId", "CreatedAt", "UpdatedAt", "PublishedAtUtc") VALUES (uuid_generate_v5('00000000-0000-0000-0000-000000000000', 'HippoNoneGiraffe'), 'Hippiraf', 'images/bestiary/discovery/HippoNoneGiraffe.jpg', true, '10000000-0000-0000-0000-000000000008', 'published', 1, 0, 0, NULL, now() at time zone 'utc', now() at time zone 'utc', now() at time zone 'utc') ON CONFLICT ("Id") DO NOTHING;
INSERT INTO "alchimalia_schema"."AnimalCrafts" ("Id", "PublishedDefinitionId", "Label", "Src", "IsHybrid", "RegionId", "Status", "BaseVersion", "LastDraftVersion", "CreatedByUserId", "AssignedReviewerUserId", "ReviewedByUserId", "ApprovedByUserId", "ReviewNotes", "ReviewStartedAt", "ReviewEndedAt", "CreatedAt", "UpdatedAt") VALUES (uuid_generate_v5('00000000-0000-0000-0000-000000000000', 'HippoNoneGiraffe'), uuid_generate_v5('00000000-0000-0000-0000-000000000000', 'HippoNoneGiraffe'), 'Hippiraf', 'images/bestiary/discovery/HippoNoneGiraffe.jpg', true, '10000000-0000-0000-0000-000000000008', 'published', 0, 0, NULL, NULL, NULL, NULL, NULL, NULL, NULL, now() at time zone 'utc', now() at time zone 'utc') ON CONFLICT ("Id") DO NOTHING;
INSERT INTO "alchimalia_schema"."AnimalDefinitionTranslations" ("Id", "AnimalDefinitionId", "LanguageCode", "Label") VALUES (uuid_generate_v4(), uuid_generate_v5('00000000-0000-0000-0000-000000000000', 'HippoNoneGiraffe'), 'ro-ro', 'Hipogiraf') ON CONFLICT ("AnimalDefinitionId", "LanguageCode") DO NOTHING;
INSERT INTO "alchimalia_schema"."AnimalDefinitionTranslations" ("Id", "AnimalDefinitionId", "LanguageCode", "Label") VALUES (uuid_generate_v4(), uuid_generate_v5('00000000-0000-0000-0000-000000000000', 'HippoNoneGiraffe'), 'en-us', 'Hippiraf') ON CONFLICT ("AnimalDefinitionId", "LanguageCode") DO NOTHING;
INSERT INTO "alchimalia_schema"."AnimalCraftTranslations" ("Id", "AnimalCraftId", "LanguageCode", "Label") VALUES (uuid_generate_v4(), uuid_generate_v5('00000000-0000-0000-0000-000000000000', 'HippoNoneGiraffe'), 'ro-ro', 'Hipogiraf') ON CONFLICT ("AnimalCraftId", "LanguageCode") DO NOTHING;
INSERT INTO "alchimalia_schema"."AnimalCraftTranslations" ("Id", "AnimalCraftId", "LanguageCode", "Label") VALUES (uuid_generate_v4(), uuid_generate_v5('00000000-0000-0000-0000-000000000000', 'HippoNoneGiraffe'), 'en-us', 'Hippiraf') ON CONFLICT ("AnimalCraftId", "LanguageCode") DO NOTHING;
INSERT INTO "alchimalia_schema"."AnimalDefinitions" ("Id", "Label", "Src", "IsHybrid", "RegionId", "Status", "Version", "BaseVersion", "LastPublishedVersion", "PublishedByUserId", "CreatedAt", "UpdatedAt", "PublishedAtUtc") VALUES (uuid_generate_v5('00000000-0000-0000-0000-000000000000', 'GiraffeNoneBunny'), 'Giraffit', 'images/bestiary/discovery/GiraffeNoneBunny.jpg', true, '10000000-0000-0000-0000-000000000008', 'published', 1, 0, 0, NULL, now() at time zone 'utc', now() at time zone 'utc', now() at time zone 'utc') ON CONFLICT ("Id") DO NOTHING;
INSERT INTO "alchimalia_schema"."AnimalCrafts" ("Id", "PublishedDefinitionId", "Label", "Src", "IsHybrid", "RegionId", "Status", "BaseVersion", "LastDraftVersion", "CreatedByUserId", "AssignedReviewerUserId", "ReviewedByUserId", "ApprovedByUserId", "ReviewNotes", "ReviewStartedAt", "ReviewEndedAt", "CreatedAt", "UpdatedAt") VALUES (uuid_generate_v5('00000000-0000-0000-0000-000000000000', 'GiraffeNoneBunny'), uuid_generate_v5('00000000-0000-0000-0000-000000000000', 'GiraffeNoneBunny'), 'Giraffit', 'images/bestiary/discovery/GiraffeNoneBunny.jpg', true, '10000000-0000-0000-0000-000000000008', 'published', 0, 0, NULL, NULL, NULL, NULL, NULL, NULL, NULL, now() at time zone 'utc', now() at time zone 'utc') ON CONFLICT ("Id") DO NOTHING;
INSERT INTO "alchimalia_schema"."AnimalDefinitionTranslations" ("Id", "AnimalDefinitionId", "LanguageCode", "Label") VALUES (uuid_generate_v4(), uuid_generate_v5('00000000-0000-0000-0000-000000000000', 'GiraffeNoneBunny'), 'ro-ro', 'Girafiep') ON CONFLICT ("AnimalDefinitionId", "LanguageCode") DO NOTHING;
INSERT INTO "alchimalia_schema"."AnimalDefinitionTranslations" ("Id", "AnimalDefinitionId", "LanguageCode", "Label") VALUES (uuid_generate_v4(), uuid_generate_v5('00000000-0000-0000-0000-000000000000', 'GiraffeNoneBunny'), 'en-us', 'Giraffit') ON CONFLICT ("AnimalDefinitionId", "LanguageCode") DO NOTHING;
INSERT INTO "alchimalia_schema"."AnimalCraftTranslations" ("Id", "AnimalCraftId", "LanguageCode", "Label") VALUES (uuid_generate_v4(), uuid_generate_v5('00000000-0000-0000-0000-000000000000', 'GiraffeNoneBunny'), 'ro-ro', 'Girafiep') ON CONFLICT ("AnimalCraftId", "LanguageCode") DO NOTHING;
INSERT INTO "alchimalia_schema"."AnimalCraftTranslations" ("Id", "AnimalCraftId", "LanguageCode", "Label") VALUES (uuid_generate_v4(), uuid_generate_v5('00000000-0000-0000-0000-000000000000', 'GiraffeNoneBunny'), 'en-us', 'Giraffit') ON CONFLICT ("AnimalCraftId", "LanguageCode") DO NOTHING;
INSERT INTO "alchimalia_schema"."AnimalDefinitions" ("Id", "Label", "Src", "IsHybrid", "RegionId", "Status", "Version", "BaseVersion", "LastPublishedVersion", "PublishedByUserId", "CreatedAt", "UpdatedAt", "PublishedAtUtc") VALUES (uuid_generate_v5('00000000-0000-0000-0000-000000000000', 'GiraffeGiraffeHippo'), 'Doublegiraffo', 'images/bestiary/discovery/GiraffeGiraffeHippo.jpg', true, '10000000-0000-0000-0000-000000000008', 'published', 1, 0, 0, NULL, now() at time zone 'utc', now() at time zone 'utc', now() at time zone 'utc') ON CONFLICT ("Id") DO NOTHING;
INSERT INTO "alchimalia_schema"."AnimalCrafts" ("Id", "PublishedDefinitionId", "Label", "Src", "IsHybrid", "RegionId", "Status", "BaseVersion", "LastDraftVersion", "CreatedByUserId", "AssignedReviewerUserId", "ReviewedByUserId", "ApprovedByUserId", "ReviewNotes", "ReviewStartedAt", "ReviewEndedAt", "CreatedAt", "UpdatedAt") VALUES (uuid_generate_v5('00000000-0000-0000-0000-000000000000', 'GiraffeGiraffeHippo'), uuid_generate_v5('00000000-0000-0000-0000-000000000000', 'GiraffeGiraffeHippo'), 'Doublegiraffo', 'images/bestiary/discovery/GiraffeGiraffeHippo.jpg', true, '10000000-0000-0000-0000-000000000008', 'published', 0, 0, NULL, NULL, NULL, NULL, NULL, NULL, NULL, now() at time zone 'utc', now() at time zone 'utc') ON CONFLICT ("Id") DO NOTHING;
INSERT INTO "alchimalia_schema"."AnimalDefinitionTranslations" ("Id", "AnimalDefinitionId", "LanguageCode", "Label") VALUES (uuid_generate_v4(), uuid_generate_v5('00000000-0000-0000-0000-000000000000', 'GiraffeGiraffeHippo'), 'ro-ro', 'Girafodublu') ON CONFLICT ("AnimalDefinitionId", "LanguageCode") DO NOTHING;
INSERT INTO "alchimalia_schema"."AnimalDefinitionTranslations" ("Id", "AnimalDefinitionId", "LanguageCode", "Label") VALUES (uuid_generate_v4(), uuid_generate_v5('00000000-0000-0000-0000-000000000000', 'GiraffeGiraffeHippo'), 'en-us', 'Doublegiraffo') ON CONFLICT ("AnimalDefinitionId", "LanguageCode") DO NOTHING;
INSERT INTO "alchimalia_schema"."AnimalCraftTranslations" ("Id", "AnimalCraftId", "LanguageCode", "Label") VALUES (uuid_generate_v4(), uuid_generate_v5('00000000-0000-0000-0000-000000000000', 'GiraffeGiraffeHippo'), 'ro-ro', 'Girafodublu') ON CONFLICT ("AnimalCraftId", "LanguageCode") DO NOTHING;
INSERT INTO "alchimalia_schema"."AnimalCraftTranslations" ("Id", "AnimalCraftId", "LanguageCode", "Label") VALUES (uuid_generate_v4(), uuid_generate_v5('00000000-0000-0000-0000-000000000000', 'GiraffeGiraffeHippo'), 'en-us', 'Doublegiraffo') ON CONFLICT ("AnimalCraftId", "LanguageCode") DO NOTHING;
INSERT INTO "alchimalia_schema"."AnimalDefinitions" ("Id", "Label", "Src", "IsHybrid", "RegionId", "Status", "Version", "BaseVersion", "LastPublishedVersion", "PublishedByUserId", "CreatedAt", "UpdatedAt", "PublishedAtUtc") VALUES (uuid_generate_v5('00000000-0000-0000-0000-000000000000', 'GiraffeGiraffeBunny'), 'Giraffunnix', 'images/bestiary/discovery/GiraffeGiraffeBunny.jpg', true, '10000000-0000-0000-0000-000000000008', 'published', 1, 0, 0, NULL, now() at time zone 'utc', now() at time zone 'utc', now() at time zone 'utc') ON CONFLICT ("Id") DO NOTHING;
INSERT INTO "alchimalia_schema"."AnimalCrafts" ("Id", "PublishedDefinitionId", "Label", "Src", "IsHybrid", "RegionId", "Status", "BaseVersion", "LastDraftVersion", "CreatedByUserId", "AssignedReviewerUserId", "ReviewedByUserId", "ApprovedByUserId", "ReviewNotes", "ReviewStartedAt", "ReviewEndedAt", "CreatedAt", "UpdatedAt") VALUES (uuid_generate_v5('00000000-0000-0000-0000-000000000000', 'GiraffeGiraffeBunny'), uuid_generate_v5('00000000-0000-0000-0000-000000000000', 'GiraffeGiraffeBunny'), 'Giraffunnix', 'images/bestiary/discovery/GiraffeGiraffeBunny.jpg', true, '10000000-0000-0000-0000-000000000008', 'published', 0, 0, NULL, NULL, NULL, NULL, NULL, NULL, NULL, now() at time zone 'utc', now() at time zone 'utc') ON CONFLICT ("Id") DO NOTHING;
INSERT INTO "alchimalia_schema"."AnimalDefinitionTranslations" ("Id", "AnimalDefinitionId", "LanguageCode", "Label") VALUES (uuid_generate_v4(), uuid_generate_v5('00000000-0000-0000-0000-000000000000', 'GiraffeGiraffeBunny'), 'ro-ro', 'Girafurelix') ON CONFLICT ("AnimalDefinitionId", "LanguageCode") DO NOTHING;
INSERT INTO "alchimalia_schema"."AnimalDefinitionTranslations" ("Id", "AnimalDefinitionId", "LanguageCode", "Label") VALUES (uuid_generate_v4(), uuid_generate_v5('00000000-0000-0000-0000-000000000000', 'GiraffeGiraffeBunny'), 'en-us', 'Giraffunnix') ON CONFLICT ("AnimalDefinitionId", "LanguageCode") DO NOTHING;
INSERT INTO "alchimalia_schema"."AnimalCraftTranslations" ("Id", "AnimalCraftId", "LanguageCode", "Label") VALUES (uuid_generate_v4(), uuid_generate_v5('00000000-0000-0000-0000-000000000000', 'GiraffeGiraffeBunny'), 'ro-ro', 'Girafurelix') ON CONFLICT ("AnimalCraftId", "LanguageCode") DO NOTHING;
INSERT INTO "alchimalia_schema"."AnimalCraftTranslations" ("Id", "AnimalCraftId", "LanguageCode", "Label") VALUES (uuid_generate_v4(), uuid_generate_v5('00000000-0000-0000-0000-000000000000', 'GiraffeGiraffeBunny'), 'en-us', 'Giraffunnix') ON CONFLICT ("AnimalCraftId", "LanguageCode") DO NOTHING;
INSERT INTO "alchimalia_schema"."AnimalDefinitions" ("Id", "Label", "Src", "IsHybrid", "RegionId", "Status", "Version", "BaseVersion", "LastPublishedVersion", "PublishedByUserId", "CreatedAt", "UpdatedAt", "PublishedAtUtc") VALUES (uuid_generate_v5('00000000-0000-0000-0000-000000000000', 'BunnyBunnyGiraffe'), 'Bunniraffix', 'images/bestiary/discovery/BunnyBunnyGiraffe.jpg', true, '10000000-0000-0000-0000-000000000008', 'published', 1, 0, 0, NULL, now() at time zone 'utc', now() at time zone 'utc', now() at time zone 'utc') ON CONFLICT ("Id") DO NOTHING;
INSERT INTO "alchimalia_schema"."AnimalCrafts" ("Id", "PublishedDefinitionId", "Label", "Src", "IsHybrid", "RegionId", "Status", "BaseVersion", "LastDraftVersion", "CreatedByUserId", "AssignedReviewerUserId", "ReviewedByUserId", "ApprovedByUserId", "ReviewNotes", "ReviewStartedAt", "ReviewEndedAt", "CreatedAt", "UpdatedAt") VALUES (uuid_generate_v5('00000000-0000-0000-0000-000000000000', 'BunnyBunnyGiraffe'), uuid_generate_v5('00000000-0000-0000-0000-000000000000', 'BunnyBunnyGiraffe'), 'Bunniraffix', 'images/bestiary/discovery/BunnyBunnyGiraffe.jpg', true, '10000000-0000-0000-0000-000000000008', 'published', 0, 0, NULL, NULL, NULL, NULL, NULL, NULL, NULL, now() at time zone 'utc', now() at time zone 'utc') ON CONFLICT ("Id") DO NOTHING;
INSERT INTO "alchimalia_schema"."AnimalDefinitionTranslations" ("Id", "AnimalDefinitionId", "LanguageCode", "Label") VALUES (uuid_generate_v4(), uuid_generate_v5('00000000-0000-0000-0000-000000000000', 'BunnyBunnyGiraffe'), 'ro-ro', 'Iepurafix') ON CONFLICT ("AnimalDefinitionId", "LanguageCode") DO NOTHING;
INSERT INTO "alchimalia_schema"."AnimalDefinitionTranslations" ("Id", "AnimalDefinitionId", "LanguageCode", "Label") VALUES (uuid_generate_v4(), uuid_generate_v5('00000000-0000-0000-0000-000000000000', 'BunnyBunnyGiraffe'), 'en-us', 'Bunniraffix') ON CONFLICT ("AnimalDefinitionId", "LanguageCode") DO NOTHING;
INSERT INTO "alchimalia_schema"."AnimalCraftTranslations" ("Id", "AnimalCraftId", "LanguageCode", "Label") VALUES (uuid_generate_v4(), uuid_generate_v5('00000000-0000-0000-0000-000000000000', 'BunnyBunnyGiraffe'), 'ro-ro', 'Iepurafix') ON CONFLICT ("AnimalCraftId", "LanguageCode") DO NOTHING;
INSERT INTO "alchimalia_schema"."AnimalCraftTranslations" ("Id", "AnimalCraftId", "LanguageCode", "Label") VALUES (uuid_generate_v4(), uuid_generate_v5('00000000-0000-0000-0000-000000000000', 'BunnyBunnyGiraffe'), 'en-us', 'Bunniraffix') ON CONFLICT ("AnimalCraftId", "LanguageCode") DO NOTHING;
INSERT INTO "alchimalia_schema"."AnimalDefinitions" ("Id", "Label", "Src", "IsHybrid", "RegionId", "Status", "Version", "BaseVersion", "LastPublishedVersion", "PublishedByUserId", "CreatedAt", "UpdatedAt", "PublishedAtUtc") VALUES (uuid_generate_v5('00000000-0000-0000-0000-000000000000', 'BunnyBunnyHippo'), 'Bunnyppotix', 'images/bestiary/discovery/BunnyBunnyHippo.jpg', true, '10000000-0000-0000-0000-000000000008', 'published', 1, 0, 0, NULL, now() at time zone 'utc', now() at time zone 'utc', now() at time zone 'utc') ON CONFLICT ("Id") DO NOTHING;
INSERT INTO "alchimalia_schema"."AnimalCrafts" ("Id", "PublishedDefinitionId", "Label", "Src", "IsHybrid", "RegionId", "Status", "BaseVersion", "LastDraftVersion", "CreatedByUserId", "AssignedReviewerUserId", "ReviewedByUserId", "ApprovedByUserId", "ReviewNotes", "ReviewStartedAt", "ReviewEndedAt", "CreatedAt", "UpdatedAt") VALUES (uuid_generate_v5('00000000-0000-0000-0000-000000000000', 'BunnyBunnyHippo'), uuid_generate_v5('00000000-0000-0000-0000-000000000000', 'BunnyBunnyHippo'), 'Bunnyppotix', 'images/bestiary/discovery/BunnyBunnyHippo.jpg', true, '10000000-0000-0000-0000-000000000008', 'published', 0, 0, NULL, NULL, NULL, NULL, NULL, NULL, NULL, now() at time zone 'utc', now() at time zone 'utc') ON CONFLICT ("Id") DO NOTHING;
INSERT INTO "alchimalia_schema"."AnimalDefinitionTranslations" ("Id", "AnimalDefinitionId", "LanguageCode", "Label") VALUES (uuid_generate_v4(), uuid_generate_v5('00000000-0000-0000-0000-000000000000', 'BunnyBunnyHippo'), 'ro-ro', 'Iepuripotix') ON CONFLICT ("AnimalDefinitionId", "LanguageCode") DO NOTHING;
INSERT INTO "alchimalia_schema"."AnimalDefinitionTranslations" ("Id", "AnimalDefinitionId", "LanguageCode", "Label") VALUES (uuid_generate_v4(), uuid_generate_v5('00000000-0000-0000-0000-000000000000', 'BunnyBunnyHippo'), 'en-us', 'Bunnyppotix') ON CONFLICT ("AnimalDefinitionId", "LanguageCode") DO NOTHING;
INSERT INTO "alchimalia_schema"."AnimalCraftTranslations" ("Id", "AnimalCraftId", "LanguageCode", "Label") VALUES (uuid_generate_v4(), uuid_generate_v5('00000000-0000-0000-0000-000000000000', 'BunnyBunnyHippo'), 'ro-ro', 'Iepuripotix') ON CONFLICT ("AnimalCraftId", "LanguageCode") DO NOTHING;
INSERT INTO "alchimalia_schema"."AnimalCraftTranslations" ("Id", "AnimalCraftId", "LanguageCode", "Label") VALUES (uuid_generate_v4(), uuid_generate_v5('00000000-0000-0000-0000-000000000000', 'BunnyBunnyHippo'), 'en-us', 'Bunnyppotix') ON CONFLICT ("AnimalCraftId", "LanguageCode") DO NOTHING;
INSERT INTO "alchimalia_schema"."AnimalDefinitions" ("Id", "Label", "Src", "IsHybrid", "RegionId", "Status", "Version", "BaseVersion", "LastPublishedVersion", "PublishedByUserId", "CreatedAt", "UpdatedAt", "PublishedAtUtc") VALUES (uuid_generate_v5('00000000-0000-0000-0000-000000000000', 'HippoHippoBunny'), 'Hipponelix', 'images/bestiary/discovery/HippoHippoBunny.jpg', true, '10000000-0000-0000-0000-000000000008', 'published', 1, 0, 0, NULL, now() at time zone 'utc', now() at time zone 'utc', now() at time zone 'utc') ON CONFLICT ("Id") DO NOTHING;
INSERT INTO "alchimalia_schema"."AnimalCrafts" ("Id", "PublishedDefinitionId", "Label", "Src", "IsHybrid", "RegionId", "Status", "BaseVersion", "LastDraftVersion", "CreatedByUserId", "AssignedReviewerUserId", "ReviewedByUserId", "ApprovedByUserId", "ReviewNotes", "ReviewStartedAt", "ReviewEndedAt", "CreatedAt", "UpdatedAt") VALUES (uuid_generate_v5('00000000-0000-0000-0000-000000000000', 'HippoHippoBunny'), uuid_generate_v5('00000000-0000-0000-0000-000000000000', 'HippoHippoBunny'), 'Hipponelix', 'images/bestiary/discovery/HippoHippoBunny.jpg', true, '10000000-0000-0000-0000-000000000008', 'published', 0, 0, NULL, NULL, NULL, NULL, NULL, NULL, NULL, now() at time zone 'utc', now() at time zone 'utc') ON CONFLICT ("Id") DO NOTHING;
INSERT INTO "alchimalia_schema"."AnimalDefinitionTranslations" ("Id", "AnimalDefinitionId", "LanguageCode", "Label") VALUES (uuid_generate_v4(), uuid_generate_v5('00000000-0000-0000-0000-000000000000', 'HippoHippoBunny'), 'ro-ro', 'Hiponelix') ON CONFLICT ("AnimalDefinitionId", "LanguageCode") DO NOTHING;
INSERT INTO "alchimalia_schema"."AnimalDefinitionTranslations" ("Id", "AnimalDefinitionId", "LanguageCode", "Label") VALUES (uuid_generate_v4(), uuid_generate_v5('00000000-0000-0000-0000-000000000000', 'HippoHippoBunny'), 'en-us', 'Hipponelix') ON CONFLICT ("AnimalDefinitionId", "LanguageCode") DO NOTHING;
INSERT INTO "alchimalia_schema"."AnimalCraftTranslations" ("Id", "AnimalCraftId", "LanguageCode", "Label") VALUES (uuid_generate_v4(), uuid_generate_v5('00000000-0000-0000-0000-000000000000', 'HippoHippoBunny'), 'ro-ro', 'Hiponelix') ON CONFLICT ("AnimalCraftId", "LanguageCode") DO NOTHING;
INSERT INTO "alchimalia_schema"."AnimalCraftTranslations" ("Id", "AnimalCraftId", "LanguageCode", "Label") VALUES (uuid_generate_v4(), uuid_generate_v5('00000000-0000-0000-0000-000000000000', 'HippoHippoBunny'), 'en-us', 'Hipponelix') ON CONFLICT ("AnimalCraftId", "LanguageCode") DO NOTHING;
INSERT INTO "alchimalia_schema"."AnimalDefinitions" ("Id", "Label", "Src", "IsHybrid", "RegionId", "Status", "Version", "BaseVersion", "LastPublishedVersion", "PublishedByUserId", "CreatedAt", "UpdatedAt", "PublishedAtUtc") VALUES (uuid_generate_v5('00000000-0000-0000-0000-000000000000', 'HippoHippoGiraffe'), 'Hippogaffix', 'images/bestiary/discovery/HippoHippoGiraffe.jpg', true, '10000000-0000-0000-0000-000000000008', 'published', 1, 0, 0, NULL, now() at time zone 'utc', now() at time zone 'utc', now() at time zone 'utc') ON CONFLICT ("Id") DO NOTHING;
INSERT INTO "alchimalia_schema"."AnimalCrafts" ("Id", "PublishedDefinitionId", "Label", "Src", "IsHybrid", "RegionId", "Status", "BaseVersion", "LastDraftVersion", "CreatedByUserId", "AssignedReviewerUserId", "ReviewedByUserId", "ApprovedByUserId", "ReviewNotes", "ReviewStartedAt", "ReviewEndedAt", "CreatedAt", "UpdatedAt") VALUES (uuid_generate_v5('00000000-0000-0000-0000-000000000000', 'HippoHippoGiraffe'), uuid_generate_v5('00000000-0000-0000-0000-000000000000', 'HippoHippoGiraffe'), 'Hippogaffix', 'images/bestiary/discovery/HippoHippoGiraffe.jpg', true, '10000000-0000-0000-0000-000000000008', 'published', 0, 0, NULL, NULL, NULL, NULL, NULL, NULL, NULL, now() at time zone 'utc', now() at time zone 'utc') ON CONFLICT ("Id") DO NOTHING;
INSERT INTO "alchimalia_schema"."AnimalDefinitionTranslations" ("Id", "AnimalDefinitionId", "LanguageCode", "Label") VALUES (uuid_generate_v4(), uuid_generate_v5('00000000-0000-0000-0000-000000000000', 'HippoHippoGiraffe'), 'ro-ro', 'Hipogafix') ON CONFLICT ("AnimalDefinitionId", "LanguageCode") DO NOTHING;
INSERT INTO "alchimalia_schema"."AnimalDefinitionTranslations" ("Id", "AnimalDefinitionId", "LanguageCode", "Label") VALUES (uuid_generate_v4(), uuid_generate_v5('00000000-0000-0000-0000-000000000000', 'HippoHippoGiraffe'), 'en-us', 'Hippogaffix') ON CONFLICT ("AnimalDefinitionId", "LanguageCode") DO NOTHING;
INSERT INTO "alchimalia_schema"."AnimalCraftTranslations" ("Id", "AnimalCraftId", "LanguageCode", "Label") VALUES (uuid_generate_v4(), uuid_generate_v5('00000000-0000-0000-0000-000000000000', 'HippoHippoGiraffe'), 'ro-ro', 'Hipogafix') ON CONFLICT ("AnimalCraftId", "LanguageCode") DO NOTHING;
INSERT INTO "alchimalia_schema"."AnimalCraftTranslations" ("Id", "AnimalCraftId", "LanguageCode", "Label") VALUES (uuid_generate_v4(), uuid_generate_v5('00000000-0000-0000-0000-000000000000', 'HippoHippoGiraffe'), 'en-us', 'Hippogaffix') ON CONFLICT ("AnimalCraftId", "LanguageCode") DO NOTHING;
INSERT INTO "alchimalia_schema"."AnimalDefinitions" ("Id", "Label", "Src", "IsHybrid", "RegionId", "Status", "Version", "BaseVersion", "LastPublishedVersion", "PublishedByUserId", "CreatedAt", "UpdatedAt", "PublishedAtUtc") VALUES (uuid_generate_v5('00000000-0000-0000-0000-000000000000', 'GiraffeHippoHippo'), 'Giraffoppotix', 'images/bestiary/discovery/GiraffeHippoHippo.jpg', true, '10000000-0000-0000-0000-000000000008', 'published', 1, 0, 0, NULL, now() at time zone 'utc', now() at time zone 'utc', now() at time zone 'utc') ON CONFLICT ("Id") DO NOTHING;
INSERT INTO "alchimalia_schema"."AnimalCrafts" ("Id", "PublishedDefinitionId", "Label", "Src", "IsHybrid", "RegionId", "Status", "BaseVersion", "LastDraftVersion", "CreatedByUserId", "AssignedReviewerUserId", "ReviewedByUserId", "ApprovedByUserId", "ReviewNotes", "ReviewStartedAt", "ReviewEndedAt", "CreatedAt", "UpdatedAt") VALUES (uuid_generate_v5('00000000-0000-0000-0000-000000000000', 'GiraffeHippoHippo'), uuid_generate_v5('00000000-0000-0000-0000-000000000000', 'GiraffeHippoHippo'), 'Giraffoppotix', 'images/bestiary/discovery/GiraffeHippoHippo.jpg', true, '10000000-0000-0000-0000-000000000008', 'published', 0, 0, NULL, NULL, NULL, NULL, NULL, NULL, NULL, now() at time zone 'utc', now() at time zone 'utc') ON CONFLICT ("Id") DO NOTHING;
INSERT INTO "alchimalia_schema"."AnimalDefinitionTranslations" ("Id", "AnimalDefinitionId", "LanguageCode", "Label") VALUES (uuid_generate_v4(), uuid_generate_v5('00000000-0000-0000-0000-000000000000', 'GiraffeHippoHippo'), 'ro-ro', 'Girafopotix') ON CONFLICT ("AnimalDefinitionId", "LanguageCode") DO NOTHING;
INSERT INTO "alchimalia_schema"."AnimalDefinitionTranslations" ("Id", "AnimalDefinitionId", "LanguageCode", "Label") VALUES (uuid_generate_v4(), uuid_generate_v5('00000000-0000-0000-0000-000000000000', 'GiraffeHippoHippo'), 'en-us', 'Giraffoppotix') ON CONFLICT ("AnimalDefinitionId", "LanguageCode") DO NOTHING;
INSERT INTO "alchimalia_schema"."AnimalCraftTranslations" ("Id", "AnimalCraftId", "LanguageCode", "Label") VALUES (uuid_generate_v4(), uuid_generate_v5('00000000-0000-0000-0000-000000000000', 'GiraffeHippoHippo'), 'ro-ro', 'Girafopotix') ON CONFLICT ("AnimalCraftId", "LanguageCode") DO NOTHING;
INSERT INTO "alchimalia_schema"."AnimalCraftTranslations" ("Id", "AnimalCraftId", "LanguageCode", "Label") VALUES (uuid_generate_v4(), uuid_generate_v5('00000000-0000-0000-0000-000000000000', 'GiraffeHippoHippo'), 'en-us', 'Giraffoppotix') ON CONFLICT ("AnimalCraftId", "LanguageCode") DO NOTHING;
INSERT INTO "alchimalia_schema"."AnimalDefinitions" ("Id", "Label", "Src", "IsHybrid", "RegionId", "Status", "Version", "BaseVersion", "LastPublishedVersion", "PublishedByUserId", "CreatedAt", "UpdatedAt", "PublishedAtUtc") VALUES (uuid_generate_v5('00000000-0000-0000-0000-000000000000', 'BunnyHippoHippo'), 'Bunnyppotix', 'images/bestiary/discovery/BunnyHippoHippo.jpg', true, '10000000-0000-0000-0000-000000000008', 'published', 1, 0, 0, NULL, now() at time zone 'utc', now() at time zone 'utc', now() at time zone 'utc') ON CONFLICT ("Id") DO NOTHING;
INSERT INTO "alchimalia_schema"."AnimalCrafts" ("Id", "PublishedDefinitionId", "Label", "Src", "IsHybrid", "RegionId", "Status", "BaseVersion", "LastDraftVersion", "CreatedByUserId", "AssignedReviewerUserId", "ReviewedByUserId", "ApprovedByUserId", "ReviewNotes", "ReviewStartedAt", "ReviewEndedAt", "CreatedAt", "UpdatedAt") VALUES (uuid_generate_v5('00000000-0000-0000-0000-000000000000', 'BunnyHippoHippo'), uuid_generate_v5('00000000-0000-0000-0000-000000000000', 'BunnyHippoHippo'), 'Bunnyppotix', 'images/bestiary/discovery/BunnyHippoHippo.jpg', true, '10000000-0000-0000-0000-000000000008', 'published', 0, 0, NULL, NULL, NULL, NULL, NULL, NULL, NULL, now() at time zone 'utc', now() at time zone 'utc') ON CONFLICT ("Id") DO NOTHING;
INSERT INTO "alchimalia_schema"."AnimalDefinitionTranslations" ("Id", "AnimalDefinitionId", "LanguageCode", "Label") VALUES (uuid_generate_v4(), uuid_generate_v5('00000000-0000-0000-0000-000000000000', 'BunnyHippoHippo'), 'ro-ro', 'Iepopotix') ON CONFLICT ("AnimalDefinitionId", "LanguageCode") DO NOTHING;
INSERT INTO "alchimalia_schema"."AnimalDefinitionTranslations" ("Id", "AnimalDefinitionId", "LanguageCode", "Label") VALUES (uuid_generate_v4(), uuid_generate_v5('00000000-0000-0000-0000-000000000000', 'BunnyHippoHippo'), 'en-us', 'Bunnyppotix') ON CONFLICT ("AnimalDefinitionId", "LanguageCode") DO NOTHING;
INSERT INTO "alchimalia_schema"."AnimalCraftTranslations" ("Id", "AnimalCraftId", "LanguageCode", "Label") VALUES (uuid_generate_v4(), uuid_generate_v5('00000000-0000-0000-0000-000000000000', 'BunnyHippoHippo'), 'ro-ro', 'Iepopotix') ON CONFLICT ("AnimalCraftId", "LanguageCode") DO NOTHING;
INSERT INTO "alchimalia_schema"."AnimalCraftTranslations" ("Id", "AnimalCraftId", "LanguageCode", "Label") VALUES (uuid_generate_v4(), uuid_generate_v5('00000000-0000-0000-0000-000000000000', 'BunnyHippoHippo'), 'en-us', 'Bunnyppotix') ON CONFLICT ("AnimalCraftId", "LanguageCode") DO NOTHING;
INSERT INTO "alchimalia_schema"."AnimalDefinitions" ("Id", "Label", "Src", "IsHybrid", "RegionId", "Status", "Version", "BaseVersion", "LastPublishedVersion", "PublishedByUserId", "CreatedAt", "UpdatedAt", "PublishedAtUtc") VALUES (uuid_generate_v5('00000000-0000-0000-0000-000000000000', 'BunnyGiraffeGiraffe'), 'Bunnyrogaf', 'images/bestiary/discovery/BunnyGiraffeGiraffe.jpg', true, '10000000-0000-0000-0000-000000000008', 'published', 1, 0, 0, NULL, now() at time zone 'utc', now() at time zone 'utc', now() at time zone 'utc') ON CONFLICT ("Id") DO NOTHING;
INSERT INTO "alchimalia_schema"."AnimalCrafts" ("Id", "PublishedDefinitionId", "Label", "Src", "IsHybrid", "RegionId", "Status", "BaseVersion", "LastDraftVersion", "CreatedByUserId", "AssignedReviewerUserId", "ReviewedByUserId", "ApprovedByUserId", "ReviewNotes", "ReviewStartedAt", "ReviewEndedAt", "CreatedAt", "UpdatedAt") VALUES (uuid_generate_v5('00000000-0000-0000-0000-000000000000', 'BunnyGiraffeGiraffe'), uuid_generate_v5('00000000-0000-0000-0000-000000000000', 'BunnyGiraffeGiraffe'), 'Bunnyrogaf', 'images/bestiary/discovery/BunnyGiraffeGiraffe.jpg', true, '10000000-0000-0000-0000-000000000008', 'published', 0, 0, NULL, NULL, NULL, NULL, NULL, NULL, NULL, now() at time zone 'utc', now() at time zone 'utc') ON CONFLICT ("Id") DO NOTHING;
INSERT INTO "alchimalia_schema"."AnimalDefinitionTranslations" ("Id", "AnimalDefinitionId", "LanguageCode", "Label") VALUES (uuid_generate_v4(), uuid_generate_v5('00000000-0000-0000-0000-000000000000', 'BunnyGiraffeGiraffe'), 'ro-ro', 'Iepurogaf') ON CONFLICT ("AnimalDefinitionId", "LanguageCode") DO NOTHING;
INSERT INTO "alchimalia_schema"."AnimalDefinitionTranslations" ("Id", "AnimalDefinitionId", "LanguageCode", "Label") VALUES (uuid_generate_v4(), uuid_generate_v5('00000000-0000-0000-0000-000000000000', 'BunnyGiraffeGiraffe'), 'en-us', 'Bunnyrogaf') ON CONFLICT ("AnimalDefinitionId", "LanguageCode") DO NOTHING;
INSERT INTO "alchimalia_schema"."AnimalCraftTranslations" ("Id", "AnimalCraftId", "LanguageCode", "Label") VALUES (uuid_generate_v4(), uuid_generate_v5('00000000-0000-0000-0000-000000000000', 'BunnyGiraffeGiraffe'), 'ro-ro', 'Iepurogaf') ON CONFLICT ("AnimalCraftId", "LanguageCode") DO NOTHING;
INSERT INTO "alchimalia_schema"."AnimalCraftTranslations" ("Id", "AnimalCraftId", "LanguageCode", "Label") VALUES (uuid_generate_v4(), uuid_generate_v5('00000000-0000-0000-0000-000000000000', 'BunnyGiraffeGiraffe'), 'en-us', 'Bunnyrogaf') ON CONFLICT ("AnimalCraftId", "LanguageCode") DO NOTHING;
INSERT INTO "alchimalia_schema"."AnimalDefinitions" ("Id", "Label", "Src", "IsHybrid", "RegionId", "Status", "Version", "BaseVersion", "LastPublishedVersion", "PublishedByUserId", "CreatedAt", "UpdatedAt", "PublishedAtUtc") VALUES (uuid_generate_v5('00000000-0000-0000-0000-000000000000', 'HippoGiraffeGiraffe'), 'Hippogiraffox', 'images/bestiary/discovery/HippoGiraffeGiraffe.jpg', true, '10000000-0000-0000-0000-000000000008', 'published', 1, 0, 0, NULL, now() at time zone 'utc', now() at time zone 'utc', now() at time zone 'utc') ON CONFLICT ("Id") DO NOTHING;
INSERT INTO "alchimalia_schema"."AnimalCrafts" ("Id", "PublishedDefinitionId", "Label", "Src", "IsHybrid", "RegionId", "Status", "BaseVersion", "LastDraftVersion", "CreatedByUserId", "AssignedReviewerUserId", "ReviewedByUserId", "ApprovedByUserId", "ReviewNotes", "ReviewStartedAt", "ReviewEndedAt", "CreatedAt", "UpdatedAt") VALUES (uuid_generate_v5('00000000-0000-0000-0000-000000000000', 'HippoGiraffeGiraffe'), uuid_generate_v5('00000000-0000-0000-0000-000000000000', 'HippoGiraffeGiraffe'), 'Hippogiraffox', 'images/bestiary/discovery/HippoGiraffeGiraffe.jpg', true, '10000000-0000-0000-0000-000000000008', 'published', 0, 0, NULL, NULL, NULL, NULL, NULL, NULL, NULL, now() at time zone 'utc', now() at time zone 'utc') ON CONFLICT ("Id") DO NOTHING;
INSERT INTO "alchimalia_schema"."AnimalDefinitionTranslations" ("Id", "AnimalDefinitionId", "LanguageCode", "Label") VALUES (uuid_generate_v4(), uuid_generate_v5('00000000-0000-0000-0000-000000000000', 'HippoGiraffeGiraffe'), 'ro-ro', 'Hipogirafox') ON CONFLICT ("AnimalDefinitionId", "LanguageCode") DO NOTHING;
INSERT INTO "alchimalia_schema"."AnimalDefinitionTranslations" ("Id", "AnimalDefinitionId", "LanguageCode", "Label") VALUES (uuid_generate_v4(), uuid_generate_v5('00000000-0000-0000-0000-000000000000', 'HippoGiraffeGiraffe'), 'en-us', 'Hippogiraffox') ON CONFLICT ("AnimalDefinitionId", "LanguageCode") DO NOTHING;
INSERT INTO "alchimalia_schema"."AnimalCraftTranslations" ("Id", "AnimalCraftId", "LanguageCode", "Label") VALUES (uuid_generate_v4(), uuid_generate_v5('00000000-0000-0000-0000-000000000000', 'HippoGiraffeGiraffe'), 'ro-ro', 'Hipogirafox') ON CONFLICT ("AnimalCraftId", "LanguageCode") DO NOTHING;
INSERT INTO "alchimalia_schema"."AnimalCraftTranslations" ("Id", "AnimalCraftId", "LanguageCode", "Label") VALUES (uuid_generate_v4(), uuid_generate_v5('00000000-0000-0000-0000-000000000000', 'HippoGiraffeGiraffe'), 'en-us', 'Hippogiraffox') ON CONFLICT ("AnimalCraftId", "LanguageCode") DO NOTHING;
INSERT INTO "alchimalia_schema"."AnimalDefinitions" ("Id", "Label", "Src", "IsHybrid", "RegionId", "Status", "Version", "BaseVersion", "LastPublishedVersion", "PublishedByUserId", "CreatedAt", "UpdatedAt", "PublishedAtUtc") VALUES (uuid_generate_v5('00000000-0000-0000-0000-000000000000', 'HippoBunnyBunny'), 'Hipponepix', 'images/bestiary/discovery/HippoBunnyBunny.jpg', true, '10000000-0000-0000-0000-000000000008', 'published', 1, 0, 0, NULL, now() at time zone 'utc', now() at time zone 'utc', now() at time zone 'utc') ON CONFLICT ("Id") DO NOTHING;
INSERT INTO "alchimalia_schema"."AnimalCrafts" ("Id", "PublishedDefinitionId", "Label", "Src", "IsHybrid", "RegionId", "Status", "BaseVersion", "LastDraftVersion", "CreatedByUserId", "AssignedReviewerUserId", "ReviewedByUserId", "ApprovedByUserId", "ReviewNotes", "ReviewStartedAt", "ReviewEndedAt", "CreatedAt", "UpdatedAt") VALUES (uuid_generate_v5('00000000-0000-0000-0000-000000000000', 'HippoBunnyBunny'), uuid_generate_v5('00000000-0000-0000-0000-000000000000', 'HippoBunnyBunny'), 'Hipponepix', 'images/bestiary/discovery/HippoBunnyBunny.jpg', true, '10000000-0000-0000-0000-000000000008', 'published', 0, 0, NULL, NULL, NULL, NULL, NULL, NULL, NULL, now() at time zone 'utc', now() at time zone 'utc') ON CONFLICT ("Id") DO NOTHING;
INSERT INTO "alchimalia_schema"."AnimalDefinitionTranslations" ("Id", "AnimalDefinitionId", "LanguageCode", "Label") VALUES (uuid_generate_v4(), uuid_generate_v5('00000000-0000-0000-0000-000000000000', 'HippoBunnyBunny'), 'ro-ro', 'Hiponepix') ON CONFLICT ("AnimalDefinitionId", "LanguageCode") DO NOTHING;
INSERT INTO "alchimalia_schema"."AnimalDefinitionTranslations" ("Id", "AnimalDefinitionId", "LanguageCode", "Label") VALUES (uuid_generate_v4(), uuid_generate_v5('00000000-0000-0000-0000-000000000000', 'HippoBunnyBunny'), 'en-us', 'Hipponepix') ON CONFLICT ("AnimalDefinitionId", "LanguageCode") DO NOTHING;
INSERT INTO "alchimalia_schema"."AnimalCraftTranslations" ("Id", "AnimalCraftId", "LanguageCode", "Label") VALUES (uuid_generate_v4(), uuid_generate_v5('00000000-0000-0000-0000-000000000000', 'HippoBunnyBunny'), 'ro-ro', 'Hiponepix') ON CONFLICT ("AnimalCraftId", "LanguageCode") DO NOTHING;
INSERT INTO "alchimalia_schema"."AnimalCraftTranslations" ("Id", "AnimalCraftId", "LanguageCode", "Label") VALUES (uuid_generate_v4(), uuid_generate_v5('00000000-0000-0000-0000-000000000000', 'HippoBunnyBunny'), 'en-us', 'Hipponepix') ON CONFLICT ("AnimalCraftId", "LanguageCode") DO NOTHING;
INSERT INTO "alchimalia_schema"."AnimalDefinitions" ("Id", "Label", "Src", "IsHybrid", "RegionId", "Status", "Version", "BaseVersion", "LastPublishedVersion", "PublishedByUserId", "CreatedAt", "UpdatedAt", "PublishedAtUtc") VALUES (uuid_generate_v5('00000000-0000-0000-0000-000000000000', 'GiraffeBunnyBunny'), 'Giraffonix', 'images/bestiary/discovery/GiraffeBunnyBunny.jpg', true, '10000000-0000-0000-0000-000000000008', 'published', 1, 0, 0, NULL, now() at time zone 'utc', now() at time zone 'utc', now() at time zone 'utc') ON CONFLICT ("Id") DO NOTHING;
INSERT INTO "alchimalia_schema"."AnimalCrafts" ("Id", "PublishedDefinitionId", "Label", "Src", "IsHybrid", "RegionId", "Status", "BaseVersion", "LastDraftVersion", "CreatedByUserId", "AssignedReviewerUserId", "ReviewedByUserId", "ApprovedByUserId", "ReviewNotes", "ReviewStartedAt", "ReviewEndedAt", "CreatedAt", "UpdatedAt") VALUES (uuid_generate_v5('00000000-0000-0000-0000-000000000000', 'GiraffeBunnyBunny'), uuid_generate_v5('00000000-0000-0000-0000-000000000000', 'GiraffeBunnyBunny'), 'Giraffonix', 'images/bestiary/discovery/GiraffeBunnyBunny.jpg', true, '10000000-0000-0000-0000-000000000008', 'published', 0, 0, NULL, NULL, NULL, NULL, NULL, NULL, NULL, now() at time zone 'utc', now() at time zone 'utc') ON CONFLICT ("Id") DO NOTHING;
INSERT INTO "alchimalia_schema"."AnimalDefinitionTranslations" ("Id", "AnimalDefinitionId", "LanguageCode", "Label") VALUES (uuid_generate_v4(), uuid_generate_v5('00000000-0000-0000-0000-000000000000', 'GiraffeBunnyBunny'), 'ro-ro', 'Girafonix') ON CONFLICT ("AnimalDefinitionId", "LanguageCode") DO NOTHING;
INSERT INTO "alchimalia_schema"."AnimalDefinitionTranslations" ("Id", "AnimalDefinitionId", "LanguageCode", "Label") VALUES (uuid_generate_v4(), uuid_generate_v5('00000000-0000-0000-0000-000000000000', 'GiraffeBunnyBunny'), 'en-us', 'Giraffonix') ON CONFLICT ("AnimalDefinitionId", "LanguageCode") DO NOTHING;
INSERT INTO "alchimalia_schema"."AnimalCraftTranslations" ("Id", "AnimalCraftId", "LanguageCode", "Label") VALUES (uuid_generate_v4(), uuid_generate_v5('00000000-0000-0000-0000-000000000000', 'GiraffeBunnyBunny'), 'ro-ro', 'Girafonix') ON CONFLICT ("AnimalCraftId", "LanguageCode") DO NOTHING;
INSERT INTO "alchimalia_schema"."AnimalCraftTranslations" ("Id", "AnimalCraftId", "LanguageCode", "Label") VALUES (uuid_generate_v4(), uuid_generate_v5('00000000-0000-0000-0000-000000000000', 'GiraffeBunnyBunny'), 'en-us', 'Giraffonix') ON CONFLICT ("AnimalCraftId", "LanguageCode") DO NOTHING;
INSERT INTO "alchimalia_schema"."AnimalDefinitions" ("Id", "Label", "Src", "IsHybrid", "RegionId", "Status", "Version", "BaseVersion", "LastPublishedVersion", "PublishedByUserId", "CreatedAt", "UpdatedAt", "PublishedAtUtc") VALUES (uuid_generate_v5('00000000-0000-0000-0000-000000000000', 'BunnyHippoBunny'), 'Bunnyppoturel', 'images/bestiary/discovery/BunnyHippoBunny.jpg', true, '10000000-0000-0000-0000-000000000008', 'published', 1, 0, 0, NULL, now() at time zone 'utc', now() at time zone 'utc', now() at time zone 'utc') ON CONFLICT ("Id") DO NOTHING;
INSERT INTO "alchimalia_schema"."AnimalCrafts" ("Id", "PublishedDefinitionId", "Label", "Src", "IsHybrid", "RegionId", "Status", "BaseVersion", "LastDraftVersion", "CreatedByUserId", "AssignedReviewerUserId", "ReviewedByUserId", "ApprovedByUserId", "ReviewNotes", "ReviewStartedAt", "ReviewEndedAt", "CreatedAt", "UpdatedAt") VALUES (uuid_generate_v5('00000000-0000-0000-0000-000000000000', 'BunnyHippoBunny'), uuid_generate_v5('00000000-0000-0000-0000-000000000000', 'BunnyHippoBunny'), 'Bunnyppoturel', 'images/bestiary/discovery/BunnyHippoBunny.jpg', true, '10000000-0000-0000-0000-000000000008', 'published', 0, 0, NULL, NULL, NULL, NULL, NULL, NULL, NULL, now() at time zone 'utc', now() at time zone 'utc') ON CONFLICT ("Id") DO NOTHING;
INSERT INTO "alchimalia_schema"."AnimalDefinitionTranslations" ("Id", "AnimalDefinitionId", "LanguageCode", "Label") VALUES (uuid_generate_v4(), uuid_generate_v5('00000000-0000-0000-0000-000000000000', 'BunnyHippoBunny'), 'ro-ro', 'Iepopoturel') ON CONFLICT ("AnimalDefinitionId", "LanguageCode") DO NOTHING;
INSERT INTO "alchimalia_schema"."AnimalDefinitionTranslations" ("Id", "AnimalDefinitionId", "LanguageCode", "Label") VALUES (uuid_generate_v4(), uuid_generate_v5('00000000-0000-0000-0000-000000000000', 'BunnyHippoBunny'), 'en-us', 'Bunnyppoturel') ON CONFLICT ("AnimalDefinitionId", "LanguageCode") DO NOTHING;
INSERT INTO "alchimalia_schema"."AnimalCraftTranslations" ("Id", "AnimalCraftId", "LanguageCode", "Label") VALUES (uuid_generate_v4(), uuid_generate_v5('00000000-0000-0000-0000-000000000000', 'BunnyHippoBunny'), 'ro-ro', 'Iepopoturel') ON CONFLICT ("AnimalCraftId", "LanguageCode") DO NOTHING;
INSERT INTO "alchimalia_schema"."AnimalCraftTranslations" ("Id", "AnimalCraftId", "LanguageCode", "Label") VALUES (uuid_generate_v4(), uuid_generate_v5('00000000-0000-0000-0000-000000000000', 'BunnyHippoBunny'), 'en-us', 'Bunnyppoturel') ON CONFLICT ("AnimalCraftId", "LanguageCode") DO NOTHING;
INSERT INTO "alchimalia_schema"."AnimalDefinitions" ("Id", "Label", "Src", "IsHybrid", "RegionId", "Status", "Version", "BaseVersion", "LastPublishedVersion", "PublishedByUserId", "CreatedAt", "UpdatedAt", "PublishedAtUtc") VALUES (uuid_generate_v5('00000000-0000-0000-0000-000000000000', 'BunnyGiraffeBunny'), 'Bunniraffonix', 'images/bestiary/discovery/BunnyGiraffeBunny.jpg', true, '10000000-0000-0000-0000-000000000008', 'published', 1, 0, 0, NULL, now() at time zone 'utc', now() at time zone 'utc', now() at time zone 'utc') ON CONFLICT ("Id") DO NOTHING;
INSERT INTO "alchimalia_schema"."AnimalCrafts" ("Id", "PublishedDefinitionId", "Label", "Src", "IsHybrid", "RegionId", "Status", "BaseVersion", "LastDraftVersion", "CreatedByUserId", "AssignedReviewerUserId", "ReviewedByUserId", "ApprovedByUserId", "ReviewNotes", "ReviewStartedAt", "ReviewEndedAt", "CreatedAt", "UpdatedAt") VALUES (uuid_generate_v5('00000000-0000-0000-0000-000000000000', 'BunnyGiraffeBunny'), uuid_generate_v5('00000000-0000-0000-0000-000000000000', 'BunnyGiraffeBunny'), 'Bunniraffonix', 'images/bestiary/discovery/BunnyGiraffeBunny.jpg', true, '10000000-0000-0000-0000-000000000008', 'published', 0, 0, NULL, NULL, NULL, NULL, NULL, NULL, NULL, now() at time zone 'utc', now() at time zone 'utc') ON CONFLICT ("Id") DO NOTHING;
INSERT INTO "alchimalia_schema"."AnimalDefinitionTranslations" ("Id", "AnimalDefinitionId", "LanguageCode", "Label") VALUES (uuid_generate_v4(), uuid_generate_v5('00000000-0000-0000-0000-000000000000', 'BunnyGiraffeBunny'), 'ro-ro', 'Iepurafonix') ON CONFLICT ("AnimalDefinitionId", "LanguageCode") DO NOTHING;
INSERT INTO "alchimalia_schema"."AnimalDefinitionTranslations" ("Id", "AnimalDefinitionId", "LanguageCode", "Label") VALUES (uuid_generate_v4(), uuid_generate_v5('00000000-0000-0000-0000-000000000000', 'BunnyGiraffeBunny'), 'en-us', 'Bunniraffonix') ON CONFLICT ("AnimalDefinitionId", "LanguageCode") DO NOTHING;
INSERT INTO "alchimalia_schema"."AnimalCraftTranslations" ("Id", "AnimalCraftId", "LanguageCode", "Label") VALUES (uuid_generate_v4(), uuid_generate_v5('00000000-0000-0000-0000-000000000000', 'BunnyGiraffeBunny'), 'ro-ro', 'Iepurafonix') ON CONFLICT ("AnimalCraftId", "LanguageCode") DO NOTHING;
INSERT INTO "alchimalia_schema"."AnimalCraftTranslations" ("Id", "AnimalCraftId", "LanguageCode", "Label") VALUES (uuid_generate_v4(), uuid_generate_v5('00000000-0000-0000-0000-000000000000', 'BunnyGiraffeBunny'), 'en-us', 'Bunniraffonix') ON CONFLICT ("AnimalCraftId", "LanguageCode") DO NOTHING;
INSERT INTO "alchimalia_schema"."AnimalDefinitions" ("Id", "Label", "Src", "IsHybrid", "RegionId", "Status", "Version", "BaseVersion", "LastPublishedVersion", "PublishedByUserId", "CreatedAt", "UpdatedAt", "PublishedAtUtc") VALUES (uuid_generate_v5('00000000-0000-0000-0000-000000000000', 'GiraffeHippoGiraffe'), 'Giraffoppotrel', 'images/bestiary/discovery/GiraffeHippoGiraffe.jpg', true, '10000000-0000-0000-0000-000000000008', 'published', 1, 0, 0, NULL, now() at time zone 'utc', now() at time zone 'utc', now() at time zone 'utc') ON CONFLICT ("Id") DO NOTHING;
INSERT INTO "alchimalia_schema"."AnimalCrafts" ("Id", "PublishedDefinitionId", "Label", "Src", "IsHybrid", "RegionId", "Status", "BaseVersion", "LastDraftVersion", "CreatedByUserId", "AssignedReviewerUserId", "ReviewedByUserId", "ApprovedByUserId", "ReviewNotes", "ReviewStartedAt", "ReviewEndedAt", "CreatedAt", "UpdatedAt") VALUES (uuid_generate_v5('00000000-0000-0000-0000-000000000000', 'GiraffeHippoGiraffe'), uuid_generate_v5('00000000-0000-0000-0000-000000000000', 'GiraffeHippoGiraffe'), 'Giraffoppotrel', 'images/bestiary/discovery/GiraffeHippoGiraffe.jpg', true, '10000000-0000-0000-0000-000000000008', 'published', 0, 0, NULL, NULL, NULL, NULL, NULL, NULL, NULL, now() at time zone 'utc', now() at time zone 'utc') ON CONFLICT ("Id") DO NOTHING;
INSERT INTO "alchimalia_schema"."AnimalDefinitionTranslations" ("Id", "AnimalDefinitionId", "LanguageCode", "Label") VALUES (uuid_generate_v4(), uuid_generate_v5('00000000-0000-0000-0000-000000000000', 'GiraffeHippoGiraffe'), 'ro-ro', 'Girafopotrel') ON CONFLICT ("AnimalDefinitionId", "LanguageCode") DO NOTHING;
INSERT INTO "alchimalia_schema"."AnimalDefinitionTranslations" ("Id", "AnimalDefinitionId", "LanguageCode", "Label") VALUES (uuid_generate_v4(), uuid_generate_v5('00000000-0000-0000-0000-000000000000', 'GiraffeHippoGiraffe'), 'en-us', 'Giraffoppotrel') ON CONFLICT ("AnimalDefinitionId", "LanguageCode") DO NOTHING;
INSERT INTO "alchimalia_schema"."AnimalCraftTranslations" ("Id", "AnimalCraftId", "LanguageCode", "Label") VALUES (uuid_generate_v4(), uuid_generate_v5('00000000-0000-0000-0000-000000000000', 'GiraffeHippoGiraffe'), 'ro-ro', 'Girafopotrel') ON CONFLICT ("AnimalCraftId", "LanguageCode") DO NOTHING;
INSERT INTO "alchimalia_schema"."AnimalCraftTranslations" ("Id", "AnimalCraftId", "LanguageCode", "Label") VALUES (uuid_generate_v4(), uuid_generate_v5('00000000-0000-0000-0000-000000000000', 'GiraffeHippoGiraffe'), 'en-us', 'Giraffoppotrel') ON CONFLICT ("AnimalCraftId", "LanguageCode") DO NOTHING;
INSERT INTO "alchimalia_schema"."AnimalDefinitions" ("Id", "Label", "Src", "IsHybrid", "RegionId", "Status", "Version", "BaseVersion", "LastPublishedVersion", "PublishedByUserId", "CreatedAt", "UpdatedAt", "PublishedAtUtc") VALUES (uuid_generate_v5('00000000-0000-0000-0000-000000000000', 'GiraffeBunnyGiraffe'), 'Giraffiepix', 'images/bestiary/discovery/GiraffeBunnyGiraffe.jpg', true, '10000000-0000-0000-0000-000000000008', 'published', 1, 0, 0, NULL, now() at time zone 'utc', now() at time zone 'utc', now() at time zone 'utc') ON CONFLICT ("Id") DO NOTHING;
INSERT INTO "alchimalia_schema"."AnimalCrafts" ("Id", "PublishedDefinitionId", "Label", "Src", "IsHybrid", "RegionId", "Status", "BaseVersion", "LastDraftVersion", "CreatedByUserId", "AssignedReviewerUserId", "ReviewedByUserId", "ApprovedByUserId", "ReviewNotes", "ReviewStartedAt", "ReviewEndedAt", "CreatedAt", "UpdatedAt") VALUES (uuid_generate_v5('00000000-0000-0000-0000-000000000000', 'GiraffeBunnyGiraffe'), uuid_generate_v5('00000000-0000-0000-0000-000000000000', 'GiraffeBunnyGiraffe'), 'Giraffiepix', 'images/bestiary/discovery/GiraffeBunnyGiraffe.jpg', true, '10000000-0000-0000-0000-000000000008', 'published', 0, 0, NULL, NULL, NULL, NULL, NULL, NULL, NULL, now() at time zone 'utc', now() at time zone 'utc') ON CONFLICT ("Id") DO NOTHING;
INSERT INTO "alchimalia_schema"."AnimalDefinitionTranslations" ("Id", "AnimalDefinitionId", "LanguageCode", "Label") VALUES (uuid_generate_v4(), uuid_generate_v5('00000000-0000-0000-0000-000000000000', 'GiraffeBunnyGiraffe'), 'ro-ro', 'Girafiepix') ON CONFLICT ("AnimalDefinitionId", "LanguageCode") DO NOTHING;
INSERT INTO "alchimalia_schema"."AnimalDefinitionTranslations" ("Id", "AnimalDefinitionId", "LanguageCode", "Label") VALUES (uuid_generate_v4(), uuid_generate_v5('00000000-0000-0000-0000-000000000000', 'GiraffeBunnyGiraffe'), 'en-us', 'Giraffiepix') ON CONFLICT ("AnimalDefinitionId", "LanguageCode") DO NOTHING;
INSERT INTO "alchimalia_schema"."AnimalCraftTranslations" ("Id", "AnimalCraftId", "LanguageCode", "Label") VALUES (uuid_generate_v4(), uuid_generate_v5('00000000-0000-0000-0000-000000000000', 'GiraffeBunnyGiraffe'), 'ro-ro', 'Girafiepix') ON CONFLICT ("AnimalCraftId", "LanguageCode") DO NOTHING;
INSERT INTO "alchimalia_schema"."AnimalCraftTranslations" ("Id", "AnimalCraftId", "LanguageCode", "Label") VALUES (uuid_generate_v4(), uuid_generate_v5('00000000-0000-0000-0000-000000000000', 'GiraffeBunnyGiraffe'), 'en-us', 'Giraffiepix') ON CONFLICT ("AnimalCraftId", "LanguageCode") DO NOTHING;
INSERT INTO "alchimalia_schema"."AnimalDefinitions" ("Id", "Label", "Src", "IsHybrid", "RegionId", "Status", "Version", "BaseVersion", "LastPublishedVersion", "PublishedByUserId", "CreatedAt", "UpdatedAt", "PublishedAtUtc") VALUES (uuid_generate_v5('00000000-0000-0000-0000-000000000000', 'HippoBunnyHippo'), 'Hippoppoturel', 'images/bestiary/discovery/HippoBunnyHippo.jpg', true, '10000000-0000-0000-0000-000000000008', 'published', 1, 0, 0, NULL, now() at time zone 'utc', now() at time zone 'utc', now() at time zone 'utc') ON CONFLICT ("Id") DO NOTHING;
INSERT INTO "alchimalia_schema"."AnimalCrafts" ("Id", "PublishedDefinitionId", "Label", "Src", "IsHybrid", "RegionId", "Status", "BaseVersion", "LastDraftVersion", "CreatedByUserId", "AssignedReviewerUserId", "ReviewedByUserId", "ApprovedByUserId", "ReviewNotes", "ReviewStartedAt", "ReviewEndedAt", "CreatedAt", "UpdatedAt") VALUES (uuid_generate_v5('00000000-0000-0000-0000-000000000000', 'HippoBunnyHippo'), uuid_generate_v5('00000000-0000-0000-0000-000000000000', 'HippoBunnyHippo'), 'Hippoppoturel', 'images/bestiary/discovery/HippoBunnyHippo.jpg', true, '10000000-0000-0000-0000-000000000008', 'published', 0, 0, NULL, NULL, NULL, NULL, NULL, NULL, NULL, now() at time zone 'utc', now() at time zone 'utc') ON CONFLICT ("Id") DO NOTHING;
INSERT INTO "alchimalia_schema"."AnimalDefinitionTranslations" ("Id", "AnimalDefinitionId", "LanguageCode", "Label") VALUES (uuid_generate_v4(), uuid_generate_v5('00000000-0000-0000-0000-000000000000', 'HippoBunnyHippo'), 'ro-ro', 'Hipopoturel') ON CONFLICT ("AnimalDefinitionId", "LanguageCode") DO NOTHING;
INSERT INTO "alchimalia_schema"."AnimalDefinitionTranslations" ("Id", "AnimalDefinitionId", "LanguageCode", "Label") VALUES (uuid_generate_v4(), uuid_generate_v5('00000000-0000-0000-0000-000000000000', 'HippoBunnyHippo'), 'en-us', 'Hippoppoturel') ON CONFLICT ("AnimalDefinitionId", "LanguageCode") DO NOTHING;
INSERT INTO "alchimalia_schema"."AnimalCraftTranslations" ("Id", "AnimalCraftId", "LanguageCode", "Label") VALUES (uuid_generate_v4(), uuid_generate_v5('00000000-0000-0000-0000-000000000000', 'HippoBunnyHippo'), 'ro-ro', 'Hipopoturel') ON CONFLICT ("AnimalCraftId", "LanguageCode") DO NOTHING;
INSERT INTO "alchimalia_schema"."AnimalCraftTranslations" ("Id", "AnimalCraftId", "LanguageCode", "Label") VALUES (uuid_generate_v4(), uuid_generate_v5('00000000-0000-0000-0000-000000000000', 'HippoBunnyHippo'), 'en-us', 'Hippoppoturel') ON CONFLICT ("AnimalCraftId", "LanguageCode") DO NOTHING;
INSERT INTO "alchimalia_schema"."AnimalDefinitions" ("Id", "Label", "Src", "IsHybrid", "RegionId", "Status", "Version", "BaseVersion", "LastPublishedVersion", "PublishedByUserId", "CreatedAt", "UpdatedAt", "PublishedAtUtc") VALUES (uuid_generate_v5('00000000-0000-0000-0000-000000000000', 'HippoGiraffeHippo'), 'Hippogaffon', 'images/bestiary/discovery/HippoGiraffeHippo.jpg', true, '10000000-0000-0000-0000-000000000008', 'published', 1, 0, 0, NULL, now() at time zone 'utc', now() at time zone 'utc', now() at time zone 'utc') ON CONFLICT ("Id") DO NOTHING;
INSERT INTO "alchimalia_schema"."AnimalCrafts" ("Id", "PublishedDefinitionId", "Label", "Src", "IsHybrid", "RegionId", "Status", "BaseVersion", "LastDraftVersion", "CreatedByUserId", "AssignedReviewerUserId", "ReviewedByUserId", "ApprovedByUserId", "ReviewNotes", "ReviewStartedAt", "ReviewEndedAt", "CreatedAt", "UpdatedAt") VALUES (uuid_generate_v5('00000000-0000-0000-0000-000000000000', 'HippoGiraffeHippo'), uuid_generate_v5('00000000-0000-0000-0000-000000000000', 'HippoGiraffeHippo'), 'Hippogaffon', 'images/bestiary/discovery/HippoGiraffeHippo.jpg', true, '10000000-0000-0000-0000-000000000008', 'published', 0, 0, NULL, NULL, NULL, NULL, NULL, NULL, NULL, now() at time zone 'utc', now() at time zone 'utc') ON CONFLICT ("Id") DO NOTHING;
INSERT INTO "alchimalia_schema"."AnimalDefinitionTranslations" ("Id", "AnimalDefinitionId", "LanguageCode", "Label") VALUES (uuid_generate_v4(), uuid_generate_v5('00000000-0000-0000-0000-000000000000', 'HippoGiraffeHippo'), 'ro-ro', 'Hipogafon') ON CONFLICT ("AnimalDefinitionId", "LanguageCode") DO NOTHING;
INSERT INTO "alchimalia_schema"."AnimalDefinitionTranslations" ("Id", "AnimalDefinitionId", "LanguageCode", "Label") VALUES (uuid_generate_v4(), uuid_generate_v5('00000000-0000-0000-0000-000000000000', 'HippoGiraffeHippo'), 'en-us', 'Hippogaffon') ON CONFLICT ("AnimalDefinitionId", "LanguageCode") DO NOTHING;
INSERT INTO "alchimalia_schema"."AnimalCraftTranslations" ("Id", "AnimalCraftId", "LanguageCode", "Label") VALUES (uuid_generate_v4(), uuid_generate_v5('00000000-0000-0000-0000-000000000000', 'HippoGiraffeHippo'), 'ro-ro', 'Hipogafon') ON CONFLICT ("AnimalCraftId", "LanguageCode") DO NOTHING;
INSERT INTO "alchimalia_schema"."AnimalCraftTranslations" ("Id", "AnimalCraftId", "LanguageCode", "Label") VALUES (uuid_generate_v4(), uuid_generate_v5('00000000-0000-0000-0000-000000000000', 'HippoGiraffeHippo'), 'en-us', 'Hippogaffon') ON CONFLICT ("AnimalCraftId", "LanguageCode") DO NOTHING;

-- Remove legacy heroes that do not belong in Tree of Heroes
DELETE FROM "alchimalia_schema"."HeroDefinitionCraftTranslations" WHERE "HeroDefinitionCraftId" IN ('puf-puf', 'linkaro', 'grubot');
DELETE FROM "alchimalia_schema"."HeroDefinitionDefinitionTranslations" WHERE "HeroDefinitionDefinitionId" IN ('puf-puf', 'linkaro', 'grubot');
DELETE FROM "alchimalia_schema"."HeroDefinitionCrafts" WHERE "Id" IN ('puf-puf', 'linkaro', 'grubot');
DELETE FROM "alchimalia_schema"."HeroDefinitionDefinitions" WHERE "Id" IN ('puf-puf', 'linkaro', 'grubot');

COMMIT;



